saussure1	1	독해(비문학) Day 1	오늘 민수는 쉬는 시간에 학교 도서관에서 책을 빌리기로 했어요.책을 고르기 전에 먼저 빌린 책을 넣을 가방 자리가 있는지 살펴요.그래야 새 책이 구겨지지 않고 다른 준비물과도 덜 부딪혀요.책장을 볼 때는 읽고 싶은 
saussure1	2	독해(문학) Day 2	지우는 교실 뒤 전시판 앞에서 운동회 그림을 붙이고 있었어요.세나는 종이띠 상자를 들고 오다가 책상 모서리에 살짝 부딪혔어요.그 바람에 마지막에 붙일 파란 종이띠 조각 하나가 바닥으로 미끄러졌어요.지우는 빈 자리가 
saussure1	3	독해(비문학) Day 3	아침에 교실에 들어오면 먼저 실내화를 갈아신을 자리를 차분히 살펴요.신발장 앞에 가방이나 긴 끈이 놓여 있으면 발이 걸릴 수 있어요.그래서 발을 들이기 전에 바닥이 비었는지 먼저 보고 움직여요.벗은 운동화는 한 짝씩
saussure1	4	독해(문학) Day 4	하린은 복도 게시판 앞에서 운동회 초대장을 붙이고 있었어요.민재가 색지 상자를 들고 오다가 게시판 받침을 살짝 건드렸어요.그 바람에 마지막에 붙일 빨간 깃발 조각 하나가 바닥으로 떨어졌어요.하린은 빈 자리가 남은 것
saussure1	5	독해(비문학) Day 5	미술 시간에 물감을 쓰기 전에는 먼저 책상 위에 둘 자리를 차분히 살펴요.물감통과 붓컵을 너무 가까이 두면 팔이 스치며 물이 쏟아질 수 있어요.그래서 종이는 가운데 두고 물감통은 한쪽으로 살짝 띄워 놓아요.붓을 적실
saussure1	6	독해(문학) Day 6	유나는 교실 뒤 달력판 앞에서 봄 행사 그림을 붙이고 있었어요.도윤이 숫자 상자를 들고 오다가 의자 끝에 살짝 걸렸어요.그 바람에 마지막에 붙일 초록 잎 조각 하나가 바닥으로 떨어졌어요.유나는 빈 칸이 보여 손에 들
saussure1	7	독해(비문학) Day 7	비 오는 날 교실에 들어오면 먼저 우산 끝 물기를 살펴야 해요.젖은 우산을 책상 옆에 눕혀 두면 바닥에 물줄기가 생겨 발이 미끄러질 수 있어요.그래서 우산은 문 옆 우산통이나 약속한 자리에 세워 두는 편이 좋아요.우
saussure1	8	독해(문학) Day 8	수민은 교실 뒤 발표판 앞에서 반 이름 꾸미기 종이를 붙이고 있었어요.현우가 색종이 상자를 들고 오다가 책상 모서리에 살짝 걸렸어요.그때 마지막에 붙일 파란 리본 조각 하나가 바닥으로 미끄러졌어요.수민은 빈 줄이 보
saussure1	9	독해(비문학) Day 9	분리배출을 할 때는 먼저 버릴 것이 무엇인지 차분히 살펴봐요.종이, 캔, 플라스틱처럼 다시 쓰일 수 있는 것은 따로 모아 두는 편이 좋아요.하지만 안에 음식물이나 국물이 남아 있으면 다른 것까지 더럽힐 수 있어요.그
saussure1	10	독해(문학) Day 10	서윤은 교실 뒤 전시판 앞에서 봄 마을 그림을 차분히 붙이고 있었어요.민재가 색종이 봉투를 들고 오다가 의자 다리에 살짝 걸렸어요.그때 마지막에 붙일 노란 별 조각 하나가 바닥으로 미끄러졌어요.서윤은 빈 자리가 보여
saussure1	11	독해(비문학) Day 11	미술 시간이 시작되기 전에 책상 위를 먼저 넓게 비워 두어요.그다음에는 신문지를 펴서 물감이 떨어져도 자리가 바로 더러워지지 않게 해요.물통과 붓, 휴지는 손이 닿기 쉬운 쪽에 가지런히 놓는 편이 좋아요.준비물을 먼
saussure1	12	독해(문학) Day 12	하늘은 교실 뒤 발표판 앞에서 여름 바다 그림을 붙이고 있었어요.준호가 파란 종이 상자를 옮기다가 발표판 모서리를 살짝 건드렸어요.그때 갈매기 꼬리에 붙일 하얀 조각 하나가 바닥으로 미끄러져 내려왔어요.하늘은 빈자리
saussure1	13	독해(비문학) Day 13	학교에 가기 전에는 준비물 점검표를 한 줄씩 보는 습관이 도움이 돼요.먼저 시간표를 보고 오늘 쓸 책과 공책을 책가방에 차례로 넣어요.그다음에는 필통을 열어 연필, 지우개, 자가 들어 있는지 짧게 살펴봐요.준비물을 
saussure1	14	독해(문학) Day 14	비가 그친 뒤 민서는 복도 창가에 붙일 날씨판을 정리하고 있었어요.지후가 젖은 우산을 접어 들고 들어오다가 의자 끝에 살짝 걸렸어요.그때 구름 아래에 붙일 파란 빗방울 조각 하나가 바닥으로 미끄러져 나왔어요.민서는 
saussure1	15	독해(비문학) Day 15	아침에 학교 갈 준비를 할 때는 입을 옷보다 먼저 오늘 수업에 쓸 것을 떠올리는 편이 좋아요.먼저 알림장이나 시간표를 보고 오늘 쓸 책과 공책을 책가방에 차례로 넣어요.그다음에는 필통을 열어 연필, 지우개, 자가 제
saussure1	16	독해(문학) Day 16	소리 시간에 나라는 학교 도서관 창가 자리에서 동화책을 읽고 있었어요.책장을 넘기다가 책 사이에 끼워 둔 파란 책갈피가 바닥으로 미끄러져 떨어졌어요.나라는 읽던 문장을 멈추고 의자 밑부터 천천히 살펴보았어요.하지만 
saussure1	17	독해(비문학) Day 17	횡단보도를 건널 때는 신호가 바뀌기 전에 먼저 멈추는 습관이 필요해요.발끝을 줄 밖에 내밀지 말고 신호등 그림을 보며 차분히 기다려요.초록불이 켜져도 바로 뛰지 말고 왼쪽부터 살피고 고개를 돌려 오른쪽도 확인해요.차
saussure1	18	독해(문학) Day 18	미술 시간이 끝날 무렵 지우는 파란 종이비행기에 이름을 적어 운동장 쪽으로 들고 나갔어요.지우가 가볍게 손을 뻗자 종이비행기는 바람을 타고 멀리 미끄러져 갔어요.그런데 비행기 끝이 놀이터 옆 작은 나무 가지에 살짝 
saussure1	19	독해(비문학) Day 19	친구에게 색연필을 빌릴 때는 먼저 써도 되는지 또박또박 물어봐야 해요.허락을 받으면 어떤 색을 얼마 동안 쓸지도 함께 말해 두면 더 좋아요.빌린 색연필은 책상 모서리에 두지 말고 연필통이나 작은 쟁반에 놓아요.그래야
saussure1	20	독해(문학) Day 20	체육관 앞에서 민아는 응원판을 들고 줄을 서다가 작은 초록 별 조각이 없어진 것을 알아차렸어요.아침에 집에서 붙여 온 조각이라 민아는 더 아쉽고 속상한 마음이 들었어요.민아는 응원판 뒤와 가방 주머니를 차례로 살폈지
saussure1	21	독해(비문학) Day 21	급식을 다 먹은 뒤에는 자리에서 일어나기 전에 숟가락과 국그릇부터 살펴요.남은 음식은 식판 칸마다 흩어 두지 말고 한쪽에 모아 두면 흘리기 쉬운 것을 줄일 수 있어요.줄이 되면 식판을 두 손으로 들고 앞사람과 너무 
saussure1	22	독해(문학) Day 22	아침에 다은은 발표판에 붙일 해 그림을 들고 교실로 들어왔어요.그런데 자리에 앉아 보니 해 끝에 붙여 둔 노란 삼각 조각 하나가 보이지 않았어요.다은은 책받침 밑과 가방 주머니를 차례로 살폈지만 빈자리만 더 눈에 띄
saussure1	23	독해(비문학) Day 23	청소 시간이 되면 먼저 빗자루를 들기 전에 의자를 책상 안으로 넣어요.그래야 바닥 길이 넓어져 먼지와 지우개 가루를 한쪽으로 모으기 쉬워져요.빗자루는 손잡이를 두 손으로 잡고 몸 앞에서 너무 크게 휘두르지 않게 움직
saussure1	24	독해(문학) Day 24	비가 그친 뒤 수현은 게시판에 붙일 파란 연 조각을 들고 복도로 나왔어요.그런데 바람이 한 번 세게 스치자 조각 끝에 붙인 작은 꼬리띠 하나가 바닥으로 떨어졌어요.수현은 연 그림과 가방 앞주머니를 번갈아 살폈지만 파
saussure1	25	독해(비문학) Day 25	도서관에서 책을 빌릴 때는 먼저 읽고 싶은 책 제목과 바코드 표를 함께 살펴요.책등만 보고 급히 고르기보다 찢어진 곳이나 낙서가 없는지도 가볍게 확인해요.빌릴 책을 정하면 도서관 카드를 먼저 꺼내 책과 함께 대출대에
saussure1	26	독해(문학) Day 26	점심 뒤 하람은 교실 뒤 게시판에 붙일 파란 연 그림을 들고 창가로 갔어요.그런데 연 끝에 달아 둔 긴 끈 조각 하나가 바람에 밀려 바닥으로 떨어졌어요.하람은 책상 밑과 가방 옆을 차례로 살폈지만 파란 끈은 바로 보
saussure1	27	독해(비문학) Day 27	간식 시간이 끝나자 선생님은 교실 뒤에 분류 상자 두 개를 놓았어요.한 상자에는 종이, 다른 상자에는 플라스틱이라고 크게 적혀 있었어요.준호는 손에 든 과자 상자를 이리저리 돌려 보며 어디에 넣을지 살폈어요.선생님은
saussure1	28	독해(문학) Day 28	비가 그친 뒤 지안은 마당 웅덩이에 종이배를 띄워 보았어요.종이배는 물 위를 천천히 미끄러지다가 바람이 불자 화단 쪽으로 돌아갔어요.지안은 돌을 밟지 않으려고 길 가장자리만 따라 조심히 걸었어요.그때 서후가 장미 옆
saussure1	29	독해(비문학) Day 29	봄이 오면 교실 창가 화분에 씨앗을 심을 수 있어요.먼저 작은 삽으로 흙을 살짝 고르고 돌멩이나 마른 잎을 걷어 내요.씨앗은 너무 깊지 않게 손가락 끝으로 작은 구멍을 내고 넣어요.그 위에 흙을 얇게 덮어 씨앗이 보
saussure1	30	독해(문학) Day 30	비가 그친 뒤 민아는 게시판에 붙일 종이 우산을 들고 복도를 걸었어요.그런데 우산 손잡이 아래에 달아 둔 노란 리본 조각 하나가 바람에 밀려 바닥으로 떨어졌어요.민아는 가방 옆과 창문 밑을 차례로 살폈지만 노란 리본
saussure1	31	독해(비문학) Day 31	길을 건널 때는 먼저 멈춰 서서 길 가장자리에서 주변을 살펴야 해요.횡단보도나 신호등이 있는 곳을 먼저 찾고 초록불이 켜졌는지 바로 보아요.하지만 초록불이 보여도 차가 아주 빨리 오면 곧바로 뛰어들면 안 돼요.고개를
saussure1	32	독해(문학) Day 32	아침에 비가 조금 내리자 서윤은 복도에서 우산을 펴기 전에 손잡이를 살폈어요.그런데 우산 끈에 달아 둔 파란 이름표 조각 하나가 보이지 않았어요.서윤은 가방 주머니와 신발장 앞을 차례로 찾았지만 조각은 바로 나오지 
saussure1	33	독해(비문학) Day 33	책상을 정리할 때는 먼저 위에 놓인 물건을 모두 꺼내 한눈에 보이게 모아 두어요.그다음에는 작은 상자 두 개를 준비해 한쪽에는 연필과 지우개를 넣고 다른 쪽에는 공책과 알림장을 넣어요.이렇게 나누어 넣으면 비슷한 물
saussure1	34	독해(문학) Day 34	토요일 아침 준호는 공원에서 받은 파란 바람개비를 들고 집으로 돌아가고 있었어요.그런데 손잡이 아래에 붙어 있던 노란 별 스티커 한 장이 바람에 밀려 휙 날아갔어요.준호는 벤치 밑과 가방 옆을 차례로 살폈지만 별 스
saussure1	35	독해(비문학) Day 35	학교 도서관에 들어가면 먼저 작은 목소리로 인사하고 찾을 책 이름을 떠올려요.찾는 칸에 가면 책등 글자를 차례로 보고 비슷한 제목은 다시 살펴요.책을 찾으면 안내 책상으로 가서 도서관 카드를 먼저 꺼내 놓아요.사서 
saussure1	36	독해(문학) Day 36	민서는 과학 전시판 앞에서 초록 나뭇잎 장식을 살피다가 끝이 들린 조각 하나를 보았어요.가까이 보니 어제 친구 지아가 붙여 준 잎 조각이 반쯤 떨어져 있었어요.민서는 손으로 바로 누르려다가 구겨질까 봐 손을 멈추었어
saussure1	37	독해(비문학) Day 37	학교에 가기 전에는 준비물 그림표를 펴 놓고 오늘 쓸 것을 하나씩 짚어 보아요.연필과 지우개, 공책과 물통처럼 자주 쓰는 것은 책상 위에 먼저 모아 두면 빠뜨리기 쉬운 것을 바로 알아차릴 수 있어요.색연필처럼 가끔 
saussure1	38	독해(문학) Day 38	민지는 밤에 책상 옆에서 바스락 소리가 나자 조용히 귀를 기울였어요.책장 아래를 살피니 어제 접어 두었던 작은 별 상자 한쪽이 살짝 열려 있었어요.민지는 상자를 바로 끌어내려다가 안의 종이 조각이 더 구겨질까 봐 손
saussure1	39	독해(비문학) Day 39	비 오는 날 학교에 오면 먼저 우산 끝의 물방울이 교실 안으로 떨어지지 않게 현관 앞 매트에서 가볍게 털어요.우산을 접을 때는 손잡이를 아래로 향하게 잡아 옆 사람 얼굴에 닿지 않게 조심해요.끈이 있으면 접은 우산을
saussure1	40	독해(문학) Day 40	유나는 미술 시간에 만든 종이 꽃을 창가 전시판에 붙이려다가 노란 꽃잎 조각 하나가 보이지 않는 것을 알았어요.어제까지 분명히 붙어 있던 자리라서 유나는 책상 아래와 가방 옆을 먼저 살폈어요.그때 지민이가 창틀 모서
saussure1	41	독해(비문학) Day 41	집에서 재활용을 하려면 먼저 무엇이 같은지 말고 어떤 재료인지부터 살펴보아요.종이와 종이 상자는 한쪽에 모으고, 병과 캔은 안을 비운 뒤 다른 쪽에 두어요.플라스틱 통도 물로 한 번 헹군 다음 뚜껑을 따로 살펴요.비
saussure1	42	독해(문학) Day 42	하나는 비가 그친 길가의 작은 물웅덩이에서 종이배를 살며시 띄워 보았어요.종이배는 어제 수업 시간에 만든 것이어서 젖지 않게 두 손으로 오래 감싸 왔어요.처음에는 물결을 따라 천천히 가더니 금세 바람을 받아 가장자리
saussure1	43	독해(비문학) Day 43	학교에 가는 길에 횡단보도 앞에 서면 먼저 발을 멈추고 신호등을 바라보아요.빨간불일 때는 차가 적어 보여도 줄 안에서 가만히 기다려요.초록불이 켜져도 곧바로 뛰지 않고 왼쪽과 오른쪽을 차례로 살펴요.가까운 차가 멈추
saussure1	44	독해(문학) Day 44	하나는 놀이터 모래밭에서 작은 모래집 앞에 파란 조개 조각을 꽂아 깃발처럼 세워 두었어요.조개 조각은 주워 온 것이어서 하나는 모래집 지붕보다 아끼며 바라보았어요.그런데 바람이 한 번 세게 불자 파란 조개 조각이 모
saussure1	45	독해(비문학) Day 45	도서관에 들어가면 먼저 목소리를 낮추고 안내 표지를 따라 읽을 책 자리로 가요.마음에 드는 책을 찾으면 표지와 제목을 보고 내가 읽기 알맞은지 먼저 살펴보아요.책을 뽑을 때는 옆 책이 함께 밀리지 않게 손으로 살짝 
saussure1	46	독해(문학) Day 46	유나는 운동장 한쪽에서 빨간 연을 올리려다가 꼬리 리본 하나가 풀린 것을 알았어요.리본은 바람을 따라 길게 흔들리다가 연 꼬리 끝에 반쯤만 매달려 있었어요.유나는 급히 잡아당기면 종이 꼬리까지 찢어질까 봐 손을 멈추
saussure1	47	독해(비문학) Day 47	기침이 나올 것 같으면 먼저 걸음을 멈추고 사람들과 조금 거리를 두어요.손으로 바로 입을 막으면 손에 침방울이 묻어 문손잡이나 책상에도 닿을 수 있어요.그래서 휴지가 있으면 꺼내 입과 코를 가리고, 없으면 팔꿈치 안
saussure1	48	독해(문학) Day 48	유나는 엄마와 시장에 갔다가 빨간 사과를 담은 작은 바구니를 잠시 들고 있었어요.바구니 손잡이에는 이름표가 달려 있었는데 바람이 불자 한쪽 끈이 살짝 풀렸어요.유나는 사과가 굴러 떨어질까 봐 걸음을 멈추고 바구니 바
saussure1	49	독해(비문학) Day 49	가위를 쓰기 전에 먼저 주위를 보고 친구 손이 가까이 없는지 살펴보아요.가위는 입을 닫은 채 손잡이 쪽을 상대에게 내밀어 조심히 건네요.종이를 자를 때에는 가위를 얼굴 가까이 들지 않고 책상 위에서 천천히 움직여요.
saussure1	50	독해(문학) Day 50	지우는 체육창고 앞에서 공 바구니를 옮기다가 파란 스티커가 떨어진 것을 보았어요.그 조각은 반 이름이 적힌 공에 붙어 있어 그냥 지나가면 헷갈릴 것 같았어요.지우는 바구니를 벽 쪽에 두고 바닥에 다른 물건이 없는지 
saussure1	51	독해(비문학) Day 51	급식실 앞에 도착하면 먼저 줄의 끝이 어디인지 눈으로 살펴보아요.앞사람과 너무 붙지 않고 한 걸음쯤 떨어져 서면 식판이 부딪히지 않아요.줄이 잠깐 멈추어도 옆줄을 갑자기 바꾸지 않으면 더 차분하게 기다릴 수 있어요.
saussure1	52	독해(문학) Day 52	하교하던 수아는 갑자기 비가 쏟아지자 가방을 안고 처마 밑으로 얼른 들어갔어요.가방 안에는 작은 손수건만 있고 우산은 교실 옆걸이에 두고 온 것이 떠올랐어요.수아는 젖은 운동화를 내려다보다가 비가 더 굵어지기 전에 
saussure1	53	독해(비문학) Day 53	체육 시간이 끝나면 먼저 줄넘기 줄이 바닥에 길게 끌리지 않는지 살펴보아요.손잡이는 양손에 하나씩 들고 줄은 가볍게 모아 둥글게 말아야 해요.줄을 세게 흔들며 걷으면 친구 다리나 의자 다리에 걸릴 수 있어요.그래서 
saussure1	54	독해(문학) Day 54	수업이 끝난 뒤 민지는 발표판 아래에서 분홍 종이꽃 한 장이 바닥에 있는 것을 보았어요.가까이 가서 보니 꽃 가운데의 노란 단추 조각이 살짝 들려 금방 떨어질 것 같았어요.민지는 손가락으로 바로 누르지 않고 종이꽃이
saussure1	55	독해(비문학) Day 55	물감 놀이가 끝나면 먼저 붓에 남은 색을 물통 가장자리에서 살짝 털어 내요.붓을 바로 책상에 놓으면 물감이 번져 다른 종이까지 더러워질 수 있어요.그래서 붓끝이 아래로 꺾이지 않게 손잡이를 가볍게 잡고 씻는 자리로 
saussure1	56	독해(문학) Day 56	쉬는 시간이 끝날 무렵 유나는 복도 게시판 앞에서 파란 구름 조각 하나가 들린 것을 보았어요.가까이 가니 조각 한쪽이 접혀 아래로 살짝 내려와 금방 떨어질 듯했어요.유나는 손으로 바로 누르지 않고 구름 모양이 어디에
saussure1	57	독해(비문학) Day 57	점심을 먹고 양치하러 갈 때에는 먼저 자기 컵과 칫솔이 바르게 담겨 있는지 살펴보아요.컵을 급히 흔들며 걷으면 안의 물이 튀어 바닥이 미끄러워질 수 있어요.그래서 컵은 가슴 앞에서 두 손으로 가볍게 잡고 천천히 세면
saussure1	58	독해(문학) Day 58	청소가 끝난 뒤 서연은 창가 전시판 아래에서 분홍 바람개비 하나가 기울어진 것을 보았어요.가까이 보니 가운데에 붙어 있던 초록 날개 조각 하나가 살짝 들려 금방 떨어질 듯했어요.서연은 손으로 바로 누르지 않고 날개 
saussure1	59	독해(비문학) Day 59	체육 시간이 끝나면 먼저 공에 묻은 흙이나 먼지가 없는지 손으로 가볍게 살펴보아요.공을 그대로 굴리며 가면 복도 모서리나 친구 발에 부딪힐 수 있어요.그래서 공은 두 팔로 안아 들고 보관망이 있는 자리까지 천천히 걸
saussure1	60	독해(문학) Day 60	미술 시간이 끝난 뒤 지안은 창가 전시판 아래에서 하늘색 기차 그림 한 장이 들린 것을 보았어요.가까이 가 보니 맨 앞 칸에 붙어 있던 빨간 창문 조각 하나가 옆으로 밀려 떨어질 듯했어요.지안은 손으로 바로 누르지 
saussure1	61	독해(비문학) Day 61	친구에게 가위를 빌리고 싶을 때는 먼저 이름을 부르고 눈을 또렷이 맞추어요.그리고 너무 큰 소리 대신 또렷한 목소리로 잠깐 빌려도 되는지 물어요.친구가 아직 쓰는 중이면 손을 뻗지 말고 다 쓸 때까지 기다려요.기다리
saussure1	62	독해(문학) Day 62	과학 시간이 끝난 뒤 서연은 창가 관찰판 앞에서 초록 잎 그림 한 장이 들린 것을 보았어요.가까이 가 보니 잎맥이 그려진 좁은 조각 하나가 끝에서부터 옆으로 밀려 있었어요.서연은 손으로 바로 누르지 않고 잎맥 선이 
saussure1	63	독해(비문학) Day 63	오늘 아침 지우는 학교에 가기 전에 가방을 다시 열어 보았어요.먼저 시간표를 보며 오늘 쓸 책과 공책이 맞는지 하나씩 살펴요.어제 넣어 둔 장난감이 보이면 꺼내고 빈 자리에는 필요한 준비물을 넣어요.필통은 자주 쓰는
saussure1	64	독해(문학) Day 64	쉬는 시간이 끝나기 전 민지는 게시판 앞에서 걸음을 멈추었어요.아침에 붙여 둔 여름 하늘 그림에서 파란 구름 조각 하나가 내려와 있었어요.민지는 곧바로 붙이지 않고 어느 쪽 모서리가 들렸는지 먼저 살펴보았어요.그때 
saussure1	65	독해(비문학) Day 65	오늘 미술 시간에는 공용 풀을 차례로 써야 했어요.먼저 풀을 쓰기 전에 뚜껑이 잘 열리고 입구가 막히지 않았는지 살펴요.그래야 힘을 너무 주지 않고 필요한 만큼만 바를 수 있어요.풀을 바를 종이는 책 위가 아니라 빈
saussure1	66	독해(문학) Day 66	쉬는 시간이 끝나기 전 수아는 창가 게시판 앞에서 발을 멈추었어요.봄 나무 그림 아래에 붙어 있던 노란 새 잎 조각 하나가 바닥에 떨어져 있었어요.수아는 바로 붙이지 않고 그림에서 빈자리가 어디인지 먼저 눈으로 찾았
saussure1	67	독해(비문학) Day 67	수학 시간에는 공용 자를 차례로 써야 할 때가 있어요.차례가 오면 먼저 자에 금이 간 곳이 없는지 살펴보아요.자를 꺼낼 때는 한 손으로만 들지 말고 두 손으로 가볍게 들어요.선을 긋기 전에는 책장 끝이 아니라 문제 
saussure1	68	독해(문학) Day 68	점심을 먹고 돌아온 유진은 교실 뒤 게시판 앞에서 가방을 내려놓았어요.연못 그림에 붙어 있던 파란 물고기 비늘 조각 하나가 바닥에 톡 떨어져 있었어요.유진은 바로 줍지 않고 그림 속 빈자리를 먼저 눈으로 찾아보았어요
saussure1	69	독해(비문학) Day 69	미술 시간에 공용 가위를 쓸 때는 차례와 안전을 함께 생각해야 해요.가위를 잡기 전에는 친구 팔이나 종이 상자가 가까이 없는지 먼저 살펴보아요.손잡이를 잡을 때는 끝이 아래를 보게 하고 걸어 다닐 때도 그대로 들고 
saussure1	70	독해(문학) Day 70	청소를 마치고 나온 하린은 복도 게시판 앞에서 걸음을 멈추었어요.바다 그림 구석에 붙어 있던 하늘색 물결 조각 하나가 바닥에 내려와 있었어요.하린은 바로 붙이지 않고 그림에서 빈자리가 어디인지 먼저 찾아보았어요.그때
saussure1	71	독해(비문학) Day 71	체육 시간이 가까워지면 나는 먼저 시간표와 준비물을 다시 살펴보아요.체육관으로 가기 전에는 운동화 끈이 느슨하지 않은지 한 번 더 확인해요.줄을 설 때는 앞사람과 너무 붙지 않게 한 걸음쯤 거리를 두어요.체육관 문을
saussure1	72	독해(문학) Day 72	토요일 아침 나는 엄마와 함께 버스를 타고 도서관에 가고 있었어요.버스 안은 사람이 많아서 빈자리가 하나만 남아 있었어요.나는 창가 쪽 자리에 앉아 지나가는 나무를 조용히 보고 있었어요.다음 정류장에서 흰 가방을 든
saussure1	73	독해(비문학) Day 73	겨울 아침에 교실에 오면 먼저 두꺼운 외투를 벗어 사물함 앞에 선다. 목도리와 장갑은 책상 위에 두지 않고 바구니에 함께 넣는다. 눈이 묻은 장갑은 바로 넣지 않고 펼쳐 두어 물기를 뺀다. 외투 주머니에 손난로나 휴
saussure1	74	독해(문학) Day 74	점심시간이 끝날 무렵 민아는 복도 게시판 앞에서 발을 멈췄다. 운동회 응원판의 파란 띠 조각 하나가 바람에 떨어져 바닥에 붙어 있었다. 민아는 아침에 모두가 함께 만든 줄이라 더 그냥 지나갈 수 없었다. 그때 지수가
saussure1	75	독해(비문학) Day 75	수요일이 되면 하린이는 쉬는 시간에 도서관으로 천천히 걸어간다. 문을 열고 들어갈 때는 앞사람이 놀라지 않게 소리를 낮춘다. 먼저 찾고 싶은 책이 있는 칸과 번호를 안내판에서 확인한다. 책을 꺼낼 때는 옆 책이 쓰러
saussure1	76	독해(문학) Day 76	미술 시간이 끝나갈 때 준호는 책상 밑에서 종이비행기 한 장을 보았다. 아침에 세아와 함께 접어 둔 파란 비행기 한쪽 날개가 접힌 채였다. 준호는 발로 밀지 않고 손을 뻗어 종이를 조심히 집어 올렸다. 세아가 다가와
saussure1	77	독해(비문학) Day 77	미술 시간이 끝나면 먼저 책상 위에 남은 풀과 가위를 한곳에 모은다. 가위는 날이 밖으로 보이지 않게 손잡이를 같은 쪽으로 맞춘다. 풀 뚜껑은 열려 있지 않은지 손으로 한 번 눌러 본다. 남은 색종이는 큰 것과 작은
saussure1	78	독해(문학) Day 78	?? ??? ?? ??? ?? ???? ? ??? ??? ?? ?? ???. ?? ??? ?? ? ?? ? ?? ?? ??? ???? ???. ??? ???? ?? ?? ?? ?? ?? ??? ??? ???. ???
saussure1	79	독해(비문학) Day 79	점심을 먹고 나면 수아는 양치대 앞에서 먼저 줄을 선다. 빈 컵에 물을 조금 받아 입안을 가볍게 헹군다. 칫솔에는 치약을 너무 길게 짜지 않고 알맞게 묻힌다. 앞니는 위에서 아래로 쓸어 내리듯 천천히 닦는다. 어금니
saussure1	80	독해(문학) Day 80	비가 그친 오후, 지후는 운동장 옆 화단 앞에서 바람개비를 보았다. 어제 서연과 꽂아 둔 파란 날개 끝이 비에 젖어 내려와 있었다. 지후는 바람개비를 바로 돌리지 않고 먼저 축이 흔들리는지 눈으로 살폈다. 서연은 날
saussure1	81	독해(비문학) Day 81	수업이 끝나면 나는 먼저 책상 위를 꼼꼼히 살핀다. 필요 없는 종이는 모아 한쪽에 두었다가 휴지통에 넣는다. 연필과 지우개는 필통에 차례대로 넣는다. 책은 모서리가 꺾이지 않게 반듯하게 쌓는다. 책상 서랍은 비어 있
saussure1	82	독해(문학) Day 82	미술 시간에 나는 새 도화지를 받았다. 하지만 내 색연필은 집에 두고 온 것 같았다. 나는 가방을 다시 열어 보며 마음이 조급해졌다. 그때 옆자리 민수가 내 얼굴을 힐끗 보았다. 민수는 자기 색연필을 내 쪽으로 살짝
saussure1	83	독해(비문학) Day 83	아침에 일어나면 나는 먼저 창문을 살짝 연다. 밤새 답답해진 방 안 공기를 바꿔 주려고 그렇다. 바람이 들어오면 커튼이 천천히 흔들리며 소리가 난다. 나는 이불을 반듯하게 펴서 침대 위에 끝을 맞춘다. 책상 위 물건
saussure1	84	독해(문학) Day 84	하교할 때 하늘이 갑자기 머리 위에서 어두워졌다. 잠시 뒤 빗방울이 내 손등에 톡톡 떨어지기 시작했다. 나는 가방 안쪽까지 뒤졌지만 우산이 없었다. 나는 교문 앞에서 잠깐 멈춰 서서 걱정했다. 그때 지영이가 조용히 
saussure1	85	독해(비문학) Day 85	나는 작은 화분에 흙을 담아 조심히 준비한다. 화분 바닥에 구멍이 있어 물이 밖으로 잘 빠진다. 나는 흙 위에 씨앗을 한 알씩 조심히 올려 둔다. 씨앗이 보이지 않게 흙을 손끝으로 살짝 덮는다. 그 위에 물을 작은 
saussure1	86	독해(문학) Day 86	운동회 날 아침, 우리는 운동장에 모였다. 나는 달리기에서 바통을 제대로 잡을 수 있을지 떨렸다. 앞 순서인 현우가 나를 보고 고개를 끄덕였다. 현우는 바통을 주기 전에 팔을 쭉 뻗는 연습을 했다. 나도 현우를 따라
saussure1	87	독해(비문학) Day 87	길을 건널 때는 먼저 횡단보도 앞에서 멈춘다. 나는 차가 오는지 왼쪽과 오른쪽을 차례로 본다. 빠르게 달려가는 차도 있을 수 있어 더 조심한다. 횡단보도 위에서는 장난을 치지 않는다. 친구와 함께라면 손을 잡고 나란
saussure1	88	독해(문학) Day 88	도서관에서 나는 새 그림책을 골랐다. 하지만 책갈피가 없어서 어디까지 읽었는지 걱정됐다. 나는 책장을 넘기며 지난번 자리를 찾으려 했다. 그때 옆에 있던 수아가 내 손을 보았다. 수아는 자기 책갈피를 한 장 꺼내 내
saussure1	89	독해(비문학) Day 89	집에서 나는 쓰레기를 버리기 전에 먼저 종류를 살핀다. 음식을 담았던 봉지는 물기가 있는지 확인한다. 물기가 많으면 그대로 넣지 않고 먼저 비운다. 플라스틱 병은 라벨을 떼어 따로 모아 둔다. 종이 상자는 접어서 부
saussure1	90	독해(문학) Day 90	비가 그친 뒤 운동장에 작은 물웅덩이가 생겼다. 나는 쉬는 시간에 종이를 한 장 꺼냈다. 종이배를 접고 싶어서 손끝을 꼭 맞추었다. 하지만 마지막 접기가 잘 안 돼서 마음이 급해졌다. 그때 도윤이가 내 옆에서 조용히
saussure1	91	독해(비문학) Day 91	버스를 타려면 먼저 정류장에서 조용히 기다린다. 나는 길가로 나가지 않고 뒤쪽에 안전하게 선다. 버스가 오면 줄을 서서 차례를 지킨다. 앞사람을 밀지 않고 한 걸음씩 천천히 움직인다. 카드를 꺼낼 때는 가방을 먼저 
saussure1	92	독해(문학) Day 92	토요일 아침에 나는 공원에 산책을 나갔다. 내 옆에는 우리 강아지 두부가 꼬리를 흔들었다. 나는 목줄을 잡고 천천히 길을 따라 걸었다. 강아지는 풀 냄새를 맡느라 자꾸 멈추었다. 그때 두부가 갑자기 새를 보고 앞으로
saussure1	93	독해(비문학) Day 93	음식을 먹기 전에는 꼭 손을 씻는다. 먼저 따뜻한 물로 손을 천천히 적신다. 비누를 손바닥에 묻히고 거품을 낸다. 손바닥을 둥글게 돌려 거품을 많이 만든다. 그다음 손등과 손목까지 꼼꼼히 문지른다. 손가락 사이와 손
saussure1	94	독해(문학) Day 94	아침에 나는 서둘러 책가방을 들고 교실에 들어갔다. 자리에 앉아 조용히 필통을 꺼냈다. 그런데 필통 안에 연필이 한 자루도 보이지 않았다. 나는 필통 안을 이리저리 흔들어 보았다. 그래도 연필은 끝내 나오지 않았다.
saussure1	95	독해(비문학) Day 95	길을 건널 때는 꼭 횡단보도 흰 줄 앞에 선다. 먼저 신호등을 보고 초록불인지 또 확인한다. 빨간불이면 발을 멈추고 조용히 기다린다. 초록불이 켜져도 왼쪽과 오른쪽을 크게 살핀다. 차가 정말 멈췄는지 눈으로 다시 본
saussure1	96	독해(문학) Day 96	학교에 갈 때 하늘이 잔뜩 흐렸다. 나는 우산을 챙기려다가 귀찮아서 그냥 나왔다. 교실 창밖에 비가 톡톡 떨어지기 시작했다. 나는 가방 속을 뒤져 우산이 있는지 찾았다. 하지만 우산은 끝내 없었다. 그때 선생님이 오
saussure1	97	독해(비문학) Day 97	방과 후에 나는 혼자 도서관에 갔다. 입구에서는 소리를 줄이고 발소리도 작게 했다. 나는 책장을 보며 읽고 싶은 책을 천천히 찾았다. 책을 찾으면 표지 그림을 먼저 살폈다. 그리고 제목을 읽고 어떤 이야기인지 잠깐 
saussure1	98	독해(문학) Day 98	미술 시간에 나는 공책 위에 나무를 그렸다. 연필이 둔해져서 선이 자꾸 뭉개졌다. 나는 연필을 깎으려고 연필깎이를 찾았다. 그런데 내 연필깎이는 가방 안에서 보이지 않았다. 나는 잠깐 멈춰서 책상 서랍을 천천히 뒤졌
saussure1	99	독해(비문학) Day 99	비가 오는 아침에는 창밖을 먼저 본다. 하늘이 흐리면 우산을 챙길지 생각한다. 우산을 챙길 때는 손잡이가 부서지지 않았는지 살핀다. 그리고 우산을 펴기 전에 주변에 사람이 없는지 확인한다. 비가 많이 오면 우산을 몸
saussure1	100	독해(문학) Day 100	주말 오후에 나는 아빠와 공원에 갔다. 놀이터 옆에서 작은 강아지가 혼자 서 있었다. 강아지는 목줄을 끌며 두리번거렸다. 나는 강아지가 길을 잃은 것 같아 주변을 살폈다. 그때 한 아주머니가 강아지를 찾는다며 급히 
saussure1	101	독해(비문학) Day 101	나는 잠들기 전에 다음 날 시간표를 확인한다. 시간표를 보면 어떤 책이 필요한지 알 수 있다. 그래서 나는 국어책과 공책을 먼저 책가방에 넣는다. 그다음 연필과 지우개가 들어 있는 필통도 넣는다. 준비물이 빠지면 아
saussure1	102	독해(문학) Day 102	아침에 창밖을 보니 하얀 눈이 내리고 있었다. 나는 빨리 장갑을 끼고 밖으로 나갔다. 학교 운동장에는 벌써 친구들이 모여 있었다. 우리는 아주 큰 눈덩이를 굴려 눈사람 몸을 만들었다. 그때 장갑 한 짝이 손에서 미끄
saussure1	103	독해(비문학) Day 103	교실에서 공부할 때는 공기가 답답해질 수 있다. 나는 그런 때에 창문을 조금 열어 둔다. 창문을 열면 바깥의 바람이 들어와 기분이 상쾌해진다. 하지만 너무 크게 열면 종이가 날아갈 수 있다. 그래서 창문은 손바닥 한
saussure1	104	독해(문학) Day 104	과학 시간에 우리는 작은 화분을 하나씩 받았다. 화분 속에는 부드러운 흙이 담겨 있었다. 선생님은 씨앗을 흙 위에 올리라고 했다. 나는 씨앗을 세 개 골라 아주 조심히 놓았다. 그 뒤 흙을 살짝 덮고 손으로 톡톡 눌
saussure1	105	독해(비문학) Day 105	점심 시간이 되면 나는 손을 깨끗이 씻는다. 손을 씻고 나면 급식실 앞에서 줄을 선다. 앞사람과 너무 붙지 않게 한 걸음 거리를 둔다. 그렇게 해야 줄이 천천히 움직여도 마음이 편하다. 차례가 오면 나는 식판을 두 
saussure1	106	독해(문학) Day 106	오늘은 민수의 생일이라 나는 작은 선물 상자를 준비했다. 상자 안에는 내가 고른 연필 한 자루가 들어 있었다. 나는 상자를 조심히 닫고 책상 위에 놓았다. 그 다음 색종이를 펼쳐 상자를 감쌌다. 종이가 자꾸 미끄러져
saussure1	107	독해(비문학) Day 107	저녁이 되면 나는 집에서 분리수거를 한다. 먼저 플라스틱 병을 비우고 물로 헹군다. 병이 남아 있으면 냄새가 날 수 있다. 그래서 나는 병 뚜껑을 열어 잠깐 말린다. 다음으로 종이 상자는 테이프를 떼어 낸다. 테이프
saussure1	108	독해(문학) Day 108	나는 학교에서 돌아오는 길에 작은 고양이를 보았다. 고양이는 벤치 아래에서 조용히 울고 있었다. 나는 가방에서 물병을 꺼내 뚜껑을 열었다. 그리고 고양이 앞에 물을 조금 부어 주었다. 고양이는 물을 핥으며 울음을 멈
saussure1	109	독해(비문학) Day 109	나는 점심시간에 학교 도서관에 천천히 간다. 먼저 손을 씻고 조용히 문을 연다. 도서관에서는 다른 사람을 위해 작은 소리로 걷는다. 나는 읽고 싶은 책을 책장에서 차근차근 찾는다. 책 제목을 잘 모르겠으면 안내 표지
saussure1	110	독해(문학) Day 110	쉬는 시간에 나는 운동장에 신나게 나갔다. 내 손에는 빨간 풍선이 조심히 들려 있었다. 바람이 세게 불자 풍선 끈이 좌우로 흔들렸다. 나는 끈을 더 꽉 잡고 발을 멈췄다. 그런데 친구 지은이가 공을 차다가 내 쪽으로
saussure1	111	독해(비문학) Day 111	나는 저녁에 책상을 정리할 때 필통도 연다. 먼저 짧은 연필과 긴 연필을 나누어 놓는다. 너무 짧은 연필은 새 연필로 바꾼다. 그리고 연필깎이로 끝을 뾰족하게 만든다. 지우개가 더러우면 종이에 살짝 문질러 닦는다. 
saussure1	112	독해(문학) Day 112	하교 길에 나는 하늘을 천천히 올려다보았다. 회색 구름이 머리 위에 모여서 비가 올 것 같았다. 나는 우산을 챙기지 않은 것을 떠올렸다. 그러다 빗방울이 내 손등에 톡 떨어졌다. 나는 가방을 머리 위로 들어 올렸다.
saussure1	113	독해(비문학) Day 113	학교에 갈 때 나는 매일 큰 길의 횡단보도를 만난다. 횡단보도 앞에서는 꼭 멈추고 서 있다. 그리고 왼쪽과 오른쪽을 차례로 천천히 본다. 차가 빠르게 오면 뒤로 한 걸음 물러선다. 신호등이 빨간색이면 줄에서 얌전히 
saussure1	114	독해(문학) Day 114	미술 시간에 나는 색종이 한 장을 받았다. 선생님은 종이를 접어 종이비행기를 만들자고 했다. 나는 모서리를 맞추며 천천히 접었다. 접힌 선을 손톱으로 꾹 눌러 더 반듯하게 만들었다. 그때 옆자리 친구가 날개가 비뚤어
saussure1	115	독해(비문학) Day 115	점심시간이 되면 우리는 함께 급식실로 간다. 급식실에 들어가기 전에 나는 손을 깨끗이 씻는다. 그리고 줄을 서서 차례를 기다린다. 앞사람을 밀지 않고 한 걸음씩 천천히 간다. 내 차례가 오면 나는 쟁반을 두 손으로 
saussure1	116	독해(문학) Day 116	과학 시간에 우리는 작은 씨앗을 받았다. 나는 투명한 컵에 흙을 조금 담았다. 그리고 씨앗을 흙 속에 살짝 넣었다. 나는 손가락으로 흙을 덮어 꾹 눌렀다. 그때 선생님은 물을 너무 많이 주지 말라고 했다. 그래서 나
saussure1	117	독해(비문학) Day 117	아침에 나는 알람 소리를 듣고 천천히 일어난다. 알람이 울리면 먼저 침대에서 몸을 일으켜 앉는다. 그리고 시계를 보며 지금 시간을 확인한다. 시간이 부족하면 나는 옷부터 빨리 입는다. 그다음 세수하고 이 닦고 물을 
saussure1	118	독해(문학) Day 118	미술 시간에 나는 파란 물감을 조금 짰다. 나는 종이에 바다를 그리려고 했다. 그런데 물감이 너무 많이 나와서 종이가 젖었다. 나는 놀라서 휴지로 톡톡 눌렀다. 그때 옆 친구가 물감을 물에 조금 섞으면 된다고 알려 
saussure1	119	독해(비문학) Day 119	집에서 나는 전등을 켜고 책을 읽으며 공부한다. 그런데 햇빛이 밝으면 전등을 꺼도 된다. 나는 창문을 열어 환한 빛을 들인다. 그러면 방이 환해져서 눈이 더 편하다. 전등을 켜 두면 전기가 아깝고 뜨거워질 수 있다.
saussure1	120	독해(문학) Day 120	하교 길에 눈이 조용히 내렸다. 나는 주머니에서 장갑을 꺼냈다. 버스 정류장에서 친구와 함께 조금 기다렸다. 버스가 오자 우리는 줄을 서서 차례로 탔다. 자리에 앉으려는데 내 장갑 한 짝이 바닥에 떨어졌다. 그래서 
saussure1	121	독해(비문학) Day 121	학교에 가기 전에는 물병을 먼저 챙긴다.물병이 비어 있으면 부엌에서 찬물을 채운다.뚜껑이 잘 잠겼는지 한 번 더 돌려 본다.가방 옆주머니에 세워 넣으면 꺼내기 쉽다.운동장에 나가기 전에는 목이 마르지 않아도 조금 마
saussure1	122	독해(문학) Day 122	오늘 우리 반은 줄 맞춰 걷기 연습을 했다.민서는 맨앞 친구 뒤에서 발을 맞추기로 했다.그런데 복도 바닥이 반짝여 줄이 조금씩 흔들렸다.민서는 발을 멈추고 작은 손짓으로 신호를 보냈다.그때 선생님이 먼저 시작점을 다
saussure1	123	독해(비문학) Day 123	미술 시간이 끝나면 붓부터 차분하고 천천히 정리한다.먼저 컵에 남은 색물을 조심히 천천히 버린다.붓 끝에 묻은 물감은 흐르는 물에 가볍게 여러 번 씻는다.세게 비비면 붓털이 퍼지고 끝이 쉽게 상할 수 있다.그래서 손
saussure1	124	독해(문학) Day 124	과학실 앞 게시판에 커다란 달 그림이 붙어 있었다.수진은 은색 달 조각 하나가 비어 있는 것을 바로 봤다.옆에 있던 도윤도 그 빈 자리를 금방 알아챘다.두 사람은 바닥부터 천천히 살펴보기로 했다.도윤은 게시판 아래 
saussure1	125	독해(비문학) Day 125	청소 시간이 되면 민호네 모둠은 빗자루와 쓰레받기부터 챙긴다.먼저 바닥에 놓인 의자를 안쪽으로 살짝 넣는다.그래야 다리에 걸리지 않고 길이 넓어진다.빗자루를 잡은 사람은 먼지를 한쪽으로 천천히 모은다.다른 사람은 쓰
saussure1	126	독해(문학) Day 126	민지는 창가 전시판에서 노란 별 하나가 비어 있는 것을 보았다.지우도 그 빈자리 때문에 그림이 어색해 보인다고 말했다.두 사람은 먼저 바닥에 떨어진 조각이 있는지 책상 아래를 살폈다.민지는 커튼 옆 바람길도 한번 확
saussure1	127	독해(비문학) Day 127	급식이 끝나면 하린네 줄은 먼저 식판과 컵을 제자리에 둔다.숟가락과 젓가락은 남은 국물이 떨어지지 않게 잠깐 턴다.그다음 손잡이 쪽을 맞춰 수저통에 가지런히 넣는다.이렇게 해야 다음 사람이 필요한 것을 바로 집기 쉽
saussure1	128	독해(문학) Day 128	수업이 끝난 뒤 유진은 전시판에서 파란 나비 날개 하나가 비어 있는 것을 봤다.서준도 빈자리 때문에 나비 그림이 한쪽으로 기운 듯 보인다고 말했다.둘은 먼저 바닥에 떨어진 조각이 없는지 책상 사이를 천천히 살폈다.유
saussure1	129	독해(비문학) Day 129	비 오는 날 아침이면 도윤은 젖은 우산을 그냥 세워 두지 않는다.먼저 우산 끝 물방울을 현관 매트 위에서 가볍게 턴다.그래야 복도 바닥에 물줄기가 길게 남지 않는다.그다음 우산 끈을 찾아 천천히 감아 손잡이를 정리한
saussure1	130	독해(문학) Day 130	수업이 끝난 뒤 지아는 전시판에서 빨간 나뭇잎 하나가 비어 있는 것을 보았다.현우도 그 빈자리 때문에 나무 그림이 한쪽으로 가벼워 보인다고 말했다.둘은 먼저 바닥에 떨어진 조각이 없는지 책상 밑과 창가 아래를 살폈다
saussure1	131	독해(비문학) Day 131	체육 시간이 끝나면 소희네 모둠은 먼저 공 바구니부터 챙긴다.바닥에 남은 공이 없는지 벽 쪽과 문 앞을 천천히 살핀다.공을 주울 때는 한 손에 너무 많이 안고 뛰지 않는다.그래야 복도에서 공을 떨어뜨리지 않고 안전하
saussure1	132	독해(문학) Day 132	미나는 교실 뒤 전시판에서 노란 해 조각 하나가 비어 있는 것을 보았다.도현도 빈자리 때문에 하늘 그림이 덜 환해 보인다고 말했다.둘은 먼저 바닥에 떨어진 조각이 없는지 책상 밑과 창가 아래를 살폈다.미나는 바람이 
saussure1	133	독해(비문학) Day 133	나는 아침마다 화분을 먼저 천천히 살펴본다. 흙이 마른 것 같으면 손가락으로 위를 살짝 눌러 본다. 흙이 부드럽게 부서지면 물을 조금 주어야 한다. 나는 작은 물뿌리개를 들고 화분 옆으로 간다. 그리고 물을 조금씩 
saussure1	134	독해(문학) Day 134	연우는 아침에 조용히 교실에 들어왔다. 책상 서랍을 열자 연필이 한 개도 보이지 않았다. 연우는 가방 안과 바닥을 차례로 살펴봤다. 하지만 어디에도 연필은 보이지 않았다. 연우는 어제 미술 시간에 했던 일을 떠올렸다
saussure1	135	독해(비문학) Day 135	나는 아침에 먼저 창밖을 보고 비가 오는지 확인한다. 비 소리가 들리면 우산을 바로 챙긴다. 우산을 찾으려고 현관 옆 바구니를 조심히 연다. 하지만 바구니에 우산이 없을 때도 있다. 그때 나는 어제 우산을 어디에 뒀
saussure1	136	독해(문학) Day 136	하준은 쉬는 시간에 종이배를 반듯하게 접었다. 종이배를 접고 나니 마음이 더 들떴다. 하준은 운동장 옆에 생긴 물웅덩이를 보았다. 하지만 물웅덩이에는 흙이 조금씩 떠 있었다. 그때 하준은 종이배가 젖을까 살짝 걱정했
saussure1	137	독해(비문학) Day 137	나는 수업이 시작되기 전에 책상을 먼저 정리한다. 책상 위에 흩어진 연필과 지우개를 차근차근 한 곳에 모은다. 지우개가 더러우면 휴지로 살살 닦아 깨끗하게 한다. 하지만 휴지를 너무 세게 문지르면 지우개가 조금 부스
saussure1	138	독해(문학) Day 138	수아는 등교길에 코트 앞을 만지작거렸다. 손끝에 단추가 하나 부족한 것이 바로 느껴졌다. 수아는 코트 단추를 하나씩 세어 보았다. 하지만 세 번째 단추가 정말 없었다. 그때 수아는 어제 놀이터에서 뛰던 일을 떠올렸다
saussure1	139	독해(비문학) Day 139	나는 밖에서 돌아오면 문을 닫고 가장 먼저 손을 씻는다. 손을 씻기 전에는 수도꼭지를 살짝 틀어 미지근한 물을 충분히 받는다. 그리고 비누를 손바닥에 조금 묻힌다. 비누 거품이 나도록 손바닥을 오래오래 문지른다. 그
saussure1	140	독해(문학) Day 140	도현은 쉬는 시간에 종이비행기를 반듯하게 접었다. 종이비행기는 바람을 타고 창문 밖으로 훌쩍 날아가 버렸다. 도현은 창문을 급히 열어 보았지만 손이 닿지 않았다. 그때 도현은 종이비행기에 자기 이름을 써 둔 것을 떠
saussure1	141	독해(비문학) Day 141	나는 아침에 책상 위 가방을 조심히 연다. 그리고 시간표를 보고 오늘 필요한 책을 한 번 더 생각한다. 필요한 책은 큰 것부터 가방 안에 차례로 넣는다. 공책도 구겨지지 않게 반듯이 넣는다. 필통은 맨 위에 올려 쉽
saussure1	142	독해(문학) Day 142	나는 운동장 끝에서 작은 씨앗을 주웠다. 그 씨앗은 내 손바닥에 쏙 들어왔다. 나는 교실로 천천히 돌아가 물병을 살짝 흔들었다. 그러고는 화분을 꺼내 내 책상 위에 놓았다. 화분 흙은 조금 마른 모래처럼 보였다. 그
saussure1	143	독해(비문학) Day 143	나는 책을 읽기 전에 의자와 책상을 먼저 살핀다. 책상 위에는 연필과 지우개를 한쪽에 가지런히 모은다. 그러면 책을 펼칠 자리가 더 넓어진다. 나는 물컵은 멀리 두어 쏟지 않게 조심한다. 책은 표지가 구겨지지 않도록
saussure1	144	독해(문학) Day 144	나는 쉬는 시간에 서랍에서 색종이를 꺼냈다. 색종이는 아주 반짝이는 파랑이었다. 나는 종이를 반으로 천천히 접어 손가락으로 꾹 눌렀다. 그러고는 날개를 양쪽으로 똑같이 끝까지 만들었다. 친구는 내 옆에서 놀라서 눈을
saussure1	145	독해(비문학) Day 145	나는 횡단보도 앞에서 발을 멈추고 서 본다. 신호등은 빨강인지 초록인지 또박또박 눈으로 본다. 초록불이어도 나는 절대 바로 뛰지 않는다. 나는 왼쪽과 오른쪽을 번갈아 두 번 살핀다. 차가 멈추는 것을 보면 마음이 조
saussure1	146	독해(문학) Day 146	나는 공원에서 작은 강아지를 멀리서 보았다. 강아지는 목줄이 없이 혼자 조용히 서 있었다. 나는 주변을 둘러보며 주인을 빨리 찾았다. 그러나 아무도 손을 들지 않았다. 강아지는 내 신발 옆을 빙글빙글 돌았다. 그래서
saussure1	147	독해(비문학) Day 147	나는 청소 시간 전에 먼저 책상을 깨끗이 비운다. 책상 위의 공책과 연필을 가방에 차례로 넣는다. 그러면 바닥이 더 잘 보인다. 나는 의자를 책상 위로 조심히 올려 둔다. 친구는 빗자루와 쓰레받기를 두 손으로 가져온
saussure1	148	독해(문학) Day 148	나는 비 오는 날 창가에서 종이배를 접었다. 종이배는 하얀 종이로 작고 단단하게 만들었다. 나는 책상 위에 종이배를 놓고 손가락으로 눌러 보았다. 그러자 배의 바닥이 평평해졌다. 친구는 내 옆에 와서 종이배를 어디에
saussure1	149	독해(비문학) Day 149	나는 아침에 차가운 우유를 마셨다. 빈 우유팩이 식탁 위에 그대로 남았다. 나는 우유팩을 그냥 쓰레기통에 버리려 했다. 엄마는 우유팩은 따로 모아 두자고 말했다. 엄마는 우유팩 같은 종이팩은 재활용이 된다고 친절하게
saussure1	150	독해(문학) Day 150	나는 수업 시간에 연필로 글씨를 쓰고 있었다. 갑자기 연필심이 딱 부러졌다. 나는 연필을 들고 책상 아래를 살폈다. 하지만 작은 연필심은 보이지 않았다. 옆자리 친구는 내 표정을 보고 고개를 갸웃했다. 나는 연필이 
saussure1	151	독해(비문학) Day 151	아침에 나는 버스를 타고 학교에 간다. 버스 정류장에서는 줄을 서서 기다린다. 버스가 오면 먼저 내리는 사람을 기다린다. 그리고 차례가 되면 한 사람씩 탄다. 나는 교통카드를 단말기에 대고 삑 소리를 듣는다. 카드를
saussure1	152	독해(문학) Day 152	점심시간에 나는 운동장 구석을 천천히 걸었다. 그때 모래 위에서 작은 상자를 발견했다. 상자는 은색 종이로 감겨 반짝거렸다. 나는 상자를 들고 흔들어 보았다. 안에서 딸랑 소리가 났다. 옆에 있던 친구는 혹시 잃어버
saussure1	153	독해(비문학) Day 153	수업이 끝나면 나는 책상에서 알림장을 꺼낸다. 알림장에는 내일 할 일과 준비물이 적혀 있다. 나는 선생님이 말한 것을 한 번 더 다시 읽어 본다. 그리고 공책에 숙제도 한 번 적어 둔다. 준비물이 많으면 연필로 밑줄
saussure1	154	독해(문학) Day 154	토요일 아침 나는 방에서 색종이를 꺼냈다. 나는 색종이로 바람개비를 만들고 싶었다. 할아버지는 바람개비 모양을 천천히 그려 주었다. 나는 가위로 선을 따라 조심히 잘랐다. 잘린 모서리를 가운데로 모아 작은 핀으로 고
saussure1	155	독해(비문학) Day 155	오늘 나는 동네 작은 도서관에 갔다. 입구에서 나는 조용히 걷기로 마음먹었다. 나는 읽고 싶은 책 제목을 떠올렸다. 그래서 검색대에서 그 제목을 눌러 보았다. 화면에는 책이 있는 서가 번호가 또렷이 나왔다. 나는 그
saussure1	156	독해(문학) Day 156	하교할 때 하늘이 갑자기 더 어두워졌다. 나는 가방에서 작은 우산을 조심히 꺼냈다. 그때 옆에서 걷던 민수가 우산이 없다고 말했다. 민수는 비가 오면 집까지 뛰어가야 한다고 했다. 나는 그 말을 듣고 우산을 잠깐 바
saussure1	157	독해(비문학) Day 157	쉬는 시간에 나는 연필통을 열어 본다. 연필이 몇 자루 있는지 먼저 세어 본다. 그다음 지우개가 잘 보이는 곳에 있는지 확인한다. 만약 지우개가 없으면 나는 책상 밑을 살펴본다. 연필 끝이 뭉툭하면 연필깎이를 꺼낸다
saussure1	158	독해(문학) Day 158	봄날 나는 창가에 작은 화분을 놓았다. 엄마는 그 화분에 흙을 부어 주었다. 나는 그 위에 씨앗을 세 알 올렸다. 그리고 손가락으로 살짝 눌러 흙을 덮었다. 그때 흙이 마른 것처럼 보여 물을 조금 부었다. 엄마는 물
saussure1	159	독해(비문학) Day 159	점심시간이 끝나면 나는 식판을 바로 정리하지 않는다. 먼저 남은 국이 있는지 그릇을 들여다본다. 남은 국이 보이면 국통에 천천히 붓는다. 그다음 숟가락과 젓가락을 한쪽에 모아 둔다. 밥풀이 붙은 칸은 물로 살짝 헹군
saussure1	160	독해(문학) Day 160	해 질 무렵 나는 마당에 작은 비눗방울 통을 들고 나갔다. 언니는 둥근 고리를 내 손에 쥐여 주었다. 나는 고리를 비눗물에 천천히 담갔다. 그런데 처음에는 바람이 약해서 방울이 잘 나오지 않았다. 언니는 고리를 너무
saussure1	161	독해(비문학) Day 161	체육 시간 전에 나는 운동화를 먼저 살핀다. 운동화 끈이 풀려 있으면 발끝이 자꾸 걸린다. 그래서 나는 의자에 앉아 끈을 손에 잡는다. 먼저 양쪽 끈 길이가 같은지 맞춰 본다. 한쪽이 길면 짧은 쪽으로 조금 당긴다.
saussure1	162	독해(문학) Day 162	가을 오후 나는 공원 벤치에 앉아 있었다. 바람이 불자 노란 은행잎 하나가 무릎 위에 떨어졌다. 나는 그 잎을 책갈피로 쓰고 싶다고 생각했다. 하지만 잎 끝이 조금 구겨져 있어 펴야 했다. 나는 손바닥으로 살살 눌러
saussure1	163	독해(비문학) Day 163	비 오는 날 교실에 들어오면 나는 우산을 먼저 접는다. 우산 끝에서 물방울이 떨어지는지 바닥을 본다. 물이 많으면 입구 쪽 매트 위에서 몇 번 턴다. 그다음 우산 끈을 찾아 천으로 한 번 닦는다. 우산살이 비뚤어지지
saussure1	164	독해(문학) Day 164	여름밤 나는 방 불을 끄고 손전등을 들었다. 아빠는 하얀 벽 앞에 손을 올려 보라고 했다. 나는 두 손가락을 세워 토끼 귀 모양을 만들었다. 그런데 처음에는 그림자가 흐려서 모양이 잘 보이지 않았다. 아빠는 손전등을
saussure1	165	독해(비문학) Day 165	미술 시간이 끝나면 나는 붓부터 정리한다. 먼저 붓에 남은 물감 색을 살펴본다. 색이 진하면 물통에 붓을 여러 번 흔든다. 그다음 휴지에 붓끝을 살짝 굴려 물기를 뺀다. 붓끝이 퍼졌으면 손가락으로 모양을 모아 준다.
saussure1	166	독해(문학) Day 166	겨울 저녁 나는 창가에 앉아 별 스티커 봉투를 열었다. 엄마는 내일 아침 유리창에 붙여 보자고 말했다. 나는 반짝이는 별 하나를 손바닥에 올려 보았다. 그런데 스티커 끝이 자꾸 손가락에 먼저 붙었다. 엄마는 종이 뒷
saussure1	167	독해(비문학) Day 167	운동장에 막대를 세우면 시간에 따라 그림자 길이가 달라진다. 아침에는 해가 낮게 떠 있어서 그림자가 길게 늘어난다. 해가 조금씩 올라가면 그림자도 점점 짧아진다. 한낮에 가까워질수록 막대의 그림자는 가장 짧아진다. 
saussure1	168	독해(문학) Day 168	나는 도서관에서 그림책을 빌리고 얇은 책갈피도 함께 받았다. 책갈피 끝에는 파란 끈이 짧게 달려 있었다. 사서 선생님은 읽던 쪽에 꽂아 두면 찾기 쉽다고 말했다. 나는 첫 장부터 천천히 넘기며 재미있는 장면을 골라 
saussure1	169	독해(비문학) Day 169	찬물을 담은 컵을 책상에 두면 겉에 작은 물방울이 맺힌다. 처음 보는 사람은 컵 안의 물이 새어 나온다고 생각할 수 있다. 하지만 물방울은 컵 밖 공기 속 수증기가 식어 생긴 것이다. 공기에는 눈에 보이지 않는 수증
saussure1	170	독해(문학) Day 170	비가 그친 오후 나는 색종이 상자를 꺼냈다. 어제 접다 만 종이학 한 마리가 맨 위에 놓여 있었다. 날개 한쪽이 조금 눌려 있어서 다시 펴 주고 싶었다. 나는 손가락 끝으로 접힌 선을 조심히 문질렀다. 그러자 눌린 
saussure1	171	독해(비문학) Day 171	밤하늘의 달은 날마다 모양이 조금씩 달라 보인다. 어떤 날은 초승달처럼 보이고 어떤 날은 둥근 보름달처럼 보인다. 하지만 달의 진짜 모양이 자꾸 바뀌는 것은 아니다. 달은 스스로 빛을 내지 않고 태양빛을 받아 밝게 
saussure1	172	독해(문학) Day 172	아침에 베란다로 나가 보니 화분 흙이 내려앉아 있었다. 나는 작은 삽으로 흙을 가장자리에서 모아 주었다. 어제 심은 봉선화 모종이 한쪽으로 살짝 기울어 있었기 때문이다. 줄기가 더 눕기 전에 바로 세워 주고 싶었다.
saussure1	173	독해(비문학) Day 173	낮에 올려다본 하늘은 보통 파랗게 보인다. 태양빛은 하얗게 보여도 여러 색이 함께 섞여 있다. 무지개에서 보는 색들도 모두 태양빛 안에 들어 있다. 빛은 공기 중의 작은 입자와 만나면 여러 방향으로 흩어진다. 이런 
saussure1	174	독해(문학) Day 174	학교에서 돌아온 나는 상자에서 바람개비를 꺼냈다. 지난봄 축제 뒤에 남겨 둔 노란 바람개비가 구겨져 있었다. 날개 한쪽 끝이 접혀 있어서 그대로 돌리면 덜 예쁠 것 같았다. 나는 손바닥으로 접힌 자리를 천천히 펴 보
saussure1	175	독해(비문학) Day 175	밤하늘의 별은 가만히 있는데도 반짝이는 것처럼 보인다. 별빛은 아주 먼 곳에서 우리 눈까지 오고 있다. 그런데 이 빛은 오기 전에 지구의 공기층을 지나야 한다. 공기는 한곳에 멈춰 있지 않고 계속 움직인다. 따뜻한 
saussure1	176	독해(문학) Day 176	저녁에 셔츠를 접다가 소매 끝 단추가 헐거워진 것을 보았다. 엄마는 바늘과 실을 가져오면 같이 달아 보자고 말했다. 나는 작은 통에서 하얀 단추와 파란 실을 꺼냈다. 먼저 떨어질 듯한 단추를 손가락으로 살짝 돌려 보
saussure1	177	독해(문학) Day 177	씻어 둔 운동화가 현관 앞에서 아직 덜 말라 있었다. 나는 내일 체육 시간 전에 신을 수 있을지 먼저 만져 보았다. 겉감은 거의 말랐지만 끈 끝은 조금 축축했다. 그래서 신문지를 한 장 꺼내 안쪽에 넣어 두기로 했다
saussure1	178	독해(비문학) Day 178	비가 그친 뒤 해가 비치면 하늘에 무지개가 나타나기도 한다. 무지개는 구름 위에 그려진 줄이 아니라 빗방울 속에서 만들어진 빛이다. 햇빛은 겉보기에는 하얗지만 여러 색이 함께 섞여 있다. 빗방울 안으로 들어간 빛은 
saussure1	179	독해(문학) Day 179	지난주에 심은 강낭콩 화분을 아침마다 먼저 본다. 흙은 어제와 비슷해 보여도 나는 몸을 낮춰 들여다본다. 아직 흙 위는 조용하지만 물 준 자리만 조금 짙다. 혹시 물을 너무 많이 준 것은 아닌지 가장자리를 살짝 눌러
saussure1	180	독해(비문학) Day 180	번개가 번쩍인 뒤 한참 있다가 천둥 소리를 들을 때가 있다. 어떤 아이들은 번개가 먼저 생기고 천둥이 나중에 생긴다고 생각한다. 하지만 둘은 같은 번개에서 함께 시작된다. 번개가 지난 공기는 아주 빠르게 뜨거워진다.
saussure1	181	독해(비문학) Day 181	안개 낀 아침에 멀리 있는 나무가 흐리게 보일 때가 있다. 어떤 사람은 안개와 구름이 다른 것이라고 생각한다. 하지만 둘은 모두 공기 속 물이 방울이나 얼음 알갱이로 모인 것이다. 구름은 하늘의 여러 높이에서 생길 
saussure1	182	독해(문학) Day 182	점심시간이 끝날 무렵 창문에 빗방울이 다시 맺히기 시작했다. 나는 아침에 우산을 들고 왔는지 가방 속을 급히 뒤졌다. 안쪽을 만져 보니 색연필만 잡히고 우산 손잡이는 없었다. 오늘 아침 현관 앞에 잠깐 둔 채 나온 
saussure1	183	독해(비문학) Day 183	여름 내내 나무 잎이 초록으로 보이는 데에는 까닭이 있다. 잎 속에는 식물이 먹이를 만드는 데 쓰는 엽록소가 많다. 이 엽록소가 잎을 초록색으로 보이게 한다. 여름에는 햇빛이 많아 잎이 엽록소를 계속 만든다. 그래서
saussure1	184	독해(문학) Day 184	체육 시간 뒤에 민서는 교실 뒤편에서 줄넘기를 정리하고 있었다. 그때 연두색 물통이 책상 밑으로 또르르 굴러갔다. 민서는 바람 때문인가 하고 창문을 보았다. 하지만 창문은 닫혀 있어서 다른 까닭을 찾아야 했다. 옆자
saussure1	185	독해(비문학) Day 185	맑은 밤이 지나 아침 풀잎에 물방울이 맺힐 때가 있다. 그 작은 물방울을 우리는 이슬이라고 부른다. 이슬은 밤사이 땅과 풀잎이 식으면서 잘 생긴다. 공기 속 물기가 차가워진 풀잎에 닿아 물방울로 바뀌기 때문이다. 바
saussure1	186	독해(문학) Day 186	쉬는 시간에 서윤은 창가 자리에서 색종이 숙제를 정리하고 있었다. 그때 민재의 팔꿈치가 책상 모서리에 살짝 닿았다. 서윤이 접어 둔 파란 학 한 마리가 바닥으로 미끄러졌다. 민재는 아, 내가 건드렸구나 하고 바로 멈
saussure1	187	독해(비문학) Day 187	낮 동안 웅덩이의 물은 햇볕을 받으면 조금씩 줄어든다. 보이지 않게 공기 속으로 올라간 물을 수증기라고 한다. 이런 변화를 물이 증발한다고 말한다. 햇볕이 강하거나 바람이 불면 증발은 더 빨라질 수 있다. 그래서 빨
saussure1	188	독해(문학) Day 188	미술 시간이 끝날 무렵 다인은 창가에서 그림 종이를 말리고 있었다. 그때 부채 바람이 종이 한 장을 바닥으로 밀어냈다. 다인은 멀리 가지 않게 얼른 몸을 숙였다. 하지만 아래쪽 모서리가 물감 묻은 자국에 살짝 닿았다
saussure1	189	독해(비문학) Day 189	분리배출함 앞에 서면 먼저 우리 동네 표지를 본다.지역마다 받는 물건이 조금씩 다를 수 있기 때문이다.그래서 넣기 전에 안내를 다시 확인하는 습관이 중요하다.재활용통에는 남은 음식과 국물을 그대로 넣지 않는다.통 안
saussure1	190	독해(문학) Day 190	쉬는 시간이 끝날 무렵 준호는 바닥에 흩어진 카드들을 보고 멈춰 섰다.앞에서 건우가 카드 상자를 놓치며 얼굴이 굳어 있었다.카드들은 책상 밑과 사물함 앞까지 미끄러져 들어갔다.건우는 한 장이 없어지면 놀이를 못 한다
saussure1	191	독해(비문학) Day 191	손을 씻을 때는 먼저 흐르는 물에 손을 적신다.그다음 비누를 묻혀 손바닥과 손등에 거품을 낸다.손가락 사이와 손톱 둘레도 빼놓지 않고 문질러야 한다.이렇게 여러 곳을 닦아야 더러움과 균이 잘 떨어진다.손 씻기는 짧게
saussure1	192	독해(문학) Day 192	점심시간이 끝나갈 때 민서는 창가 화분을 보다가 멈추었다.잎 한 장이 축 처져 흙 위에 거의 닿아 있었다.아침에 물을 주던 윤재도 그 모습을 보고 얼굴을 굳혔다.민서는 먼저 흙이 정말 말랐는지 손가락으로 살짝 만져 
saussure1	193	독해(비문학) Day 193	지진이 흔들리기 시작하면 먼저 서 있던 자리에서 몸을 낮춘다.갑자기 뛰면 넘어지거나 떨어지는 물건에 더 다칠 수 있다.그래서 두 손이나 팔로 머리와 목을 먼저 감싸는 것이 중요하다.튼튼한 책상이나 탁자가 가까이 있으
saussure1	194	독해(문학) Day 194	봄 전시 준비가 끝날 무렵 민서는 나무 그림을 걸고 있었어요.그때 윤호가 옆 상자를 돌리다 초록 나뭇잎 조각 끝을 건드렸어요.작은 조각 하나가 게시판 아래 받침대 틈으로 미끄러져 갔어요.민서는 그림이 더 구겨질까 봐
saussure1	195	독해(비문학) Day 195	미술 시간이 끝나면 먼저 책상 위에 남은 종이와 색종이를 한곳에 모아요.바닥에 떨어진 조각도 그냥 두지 말고 함께 주워 상자에 넣어요.가위와 풀은 뚜껑이나 날을 살핀 뒤 제자리에 올려 두어요.붓은 물통에 오래 담가 
saussure1	196	독해(문학) Day 196	운동회 연습이 끝난 뒤 지후는 응원판을 벽에 세우고 있었어요.그때 하린이 리본 상자를 옮기다 파란 끈 조각 하나를 건드렸어요.조각은 응원판 받침대 밑으로 빙글 돌며 숨어 버렸어요.지후는 판이 쓰러질까 봐 양손으로 가
saussure1	197	독해(비문학) Day 197	더운 날에는 몸이 빨리 지칠 수 있어요. 그래서 밖에 나가기 전 물병부터 챙기는 것이 좋아요. 목이 마르기 전에도 물을 조금씩 마시면 몸이 덜 힘들어요. 모자나 가벼운 옷을 입으면 뜨거운 햇볕을 조금 피할 수 있어요
saussure1	198	독해(문학) Day 198	민지는 교실 뒤 전시판에서 바다 그림을 보고 있었어요. 그런데 파란 고래 꼬리 조각 하나가 바닥에 떨어져 있었어요. 민지는 조각을 바로 붙이려다가 종이가 조금 젖은 것을 알아챘어요. 그래서 마른 휴지로 조각을 살짝 
saussure1	199	독해(비문학) Day 199	청소 시간에 책상을 닦을 때는 먼저 위에 올려 둔 물건을 치워야 해요. 책과 필통이 남아 있으면 젖은 자리가 가려져 잘 닦이지 않아요. 걸레는 물에 적신 뒤 너무 흘러내리지 않게 꼭 짜는 것이 좋아요. 물이 너무 많
saussure1	200	독해(문학) Day 200	소라는 교실 뒤 전시판에서 봄 소풍 그림을 보고 있었어요. 그런데 하얀 배의 돛 조각 하나가 아래로 말려 있었어요. 소라는 바로 떼어 다시 붙이려다가 조각 끝이 접힌 것을 보았어요. 그래서 먼저 손으로 펴려 하지 않
saussure1	201	독해(비문학) Day 201	미술 시간이 끝나면 붓을 아무 데나 두지 말고 먼저 한곳에 모아요. 자리에 붓이 흩어져 있으면 팔이나 공책에 물감이 묻을 수 있어요. 붓은 손잡이 끝을 잡고 물에 살살 흔들어 남은 물감을 빼내요. 너무 세게 누르면 
saussure1	202	독해(문학) Day 202	하린이는 교실 뒤 전시판에서 운동회 응원판을 보고 있었어요. 그런데 파란 별 조각 하나가 모서리 쪽에서 살짝 들려 있었어요. 하린이는 바로 누르려다가 별 끝이 조금 접힌 것을 알아차렸어요. 그래서 손으로 세게 누르지
saussure1	203	독해(비문학) Day 203	줄넘기를 다 쓴 뒤에는 줄이 바닥에 길게 남지 않게 먼저 한쪽 손잡이를 잡아요. 다른 손으로 줄 끝을 천천히 감아 고리가 크지 않게 만들어요. 줄이 꼬였으면 억지로 잡아당기지 말고 멈춰서 꼬인 곳을 먼저 살펴요. 손
saussure1	204	독해(문학) Day 204	체육이 끝난 뒤 수빈이는 응원판을 정리하다가 파란 별 조각 하나가 없어진 것을 알아챘어요. 조금 전까지 손에 쥐고 있었는데 어디로 갔는지 바로 떠오르지 않았어요. 수빈이는 종이판 밑과 의자 옆을 차례로 살펴보았어요.
saussure1	205	독해(비문학) Day 205	지진이 느껴지면 먼저 바닥으로 몸을 낮춰야 해요. 갑자기 뛰어가면 넘어지거나 물건에 부딪힐 수 있어요. 그래서 책상 아래나 튼튼한 가구 밑으로 들어가요. 들어간 뒤에는 한 손으로 머리와 목을 감싸요. 다른 손으로는 
saussure1	206	독해(문학) Day 206	점심 뒤에 서연은 교실 뒤 게시판 앞에서 그림 숙제를 꺼냈어요. 그런데 색연필 묶음이 바닥으로 툭 떨어졌어요. 색연필은 책상 다리 사이로 굴러가 제각각 흩어졌어요. 서연은 발표 시간이 가까워져서 입술을 깨물었어요. 
saussure1	207	독해(비문학) Day 207	비가 아주 많이 내려 길에 물이 차오르면 먼저 높은 곳을 살펴요. 물이 얕아 보여도 함부로 걸어 들어가면 위험해요. 흐르는 물은 생각보다 힘이 세서 몸을 밀 수 있어요. 그래서 물이 찬 길은 돌아가고 낮은 길은 피해
saussure1	208	독해(문학) Day 208	청소 시간에 민서는 교실 뒤 사물함 앞을 빗자루로 쓸고 있었어요. 그때 지훈이 공책 꾸러미를 안고 오다가 한 권을 툭 떨어뜨렸어요. 공책은 바닥을 미끄러져 사물함 밑으로 쏙 들어갔어요. 지훈은 발표 연습에 써야 한다
saussure1	209	독해(비문학) Day 209	종이 상자를 분리수거할 때는 안에 남은 것을 먼저 비워요. 상자에 음식 부스러기가 남았으면 털어 내요. 젖은 종이는 마를 때까지 따로 두는 편이 좋아요. 그다음 상자를 납작하게 접으면 자리를 덜 차지해요. 큰 상자를
saussure1	210	독해(문학) Day 210	과학 시간 뒤에 서준은 복도 신발장 앞에서 발표 종이를 모으고 있었어요. 그때 하린이 이름표 봉투를 안고 오다가 노란 이름표 한 장을 툭 떨어뜨렸어요. 이름표는 바람에 밀려 신발장 밑으로 쏙 들어갔어요. 하린은 모둠
saussure1	211	독해(비문학) Day 211	이를 닦을 때는 아침과 밤에 두 번 하는 습관이 중요해요. 칫솔에는 불소 치약을 콩알만큼만 짜서 써요. 그런 다음 앞니와 어금니를 차례로 부드럽게 닦아요. 씹는 면과 안쪽 면을 고루 닦으면 놓치는 곳이 줄어요. 거울
saussure1	212	독해(문학) Day 212	쉬는 시간에 다은이는 창가 자리에서 읽던 책을 덮었어요. 그때 바닥으로 알록달록 책갈피가 미끄러져 내려왔어요. 책갈피는 바람을 타고 책상 사이로 쏙 들어갔어요. 다은이는 바로 손을 뻗었지만 끝이 닿지 않았어요. 옆에
saussure1	213	독해(비문학) Day 213	지진이 나면 먼저 몸을 낮추는 것이 중요해요. 갑자기 흔들린다고 바로 밖으로 뛰면 더 위험할 수 있어요. 그래서 튼튼한 책상 아래로 들어가 몸을 숨겨요. 그리고 머리와 목은 두 팔로 감싸서 보호해요. 창문이나 유리문
saussure1	214	독해(문학) Day 214	점심 뒤 소희는 교실 뒤 게시판에 그림을 붙이고 있었어요. 그때 준호가 발표 카드 묶음을 바닥에 떨어뜨렸어요. 카드가 한 장씩 미끄러져 책상 밑으로 들어갔어요. 준호는 발표 순서가 적혀 있다며 놀란 얼굴이 되었어요.
saussure1	215	독해(비문학) Day 215	집에서 불이 나면 가장 먼저 연기를 조심해야 해요. 연기가 보이면 몸을 낮추고 출구 쪽으로 움직여요. 뜨거운 문손잡이는 문 밖이 위험할 수 있다는 뜻이에요. 그래서 손등으로 살짝 만져 보고 열지 말지 판단해요. 문을
saussure1	216	독해(문학) Day 216	미술 시간 뒤 유나는 색연필 통을 들고 자리로 돌아왔어요. 그런데 통 뚜껑이 열리며 연필들이 바닥에 또르르 굴렀어요. 유나는 빨간 연필 두 개가 보이지 않아 눈을 크게 떴어요. 뒤에 있던 민서는 먼저 긴 연필부터 책
saussure1	217	독해(비문학) Day 217	햇볕이 강한 날 밖에 나갈 때는 먼저 그늘을 생각해요. 오래 서 있어야 하면 나무나 지붕 아래를 찾아요. 그리고 챙 넓은 모자와 선글라스를 함께 써요. 팔과 다리를 가리는 옷을 입으면 피부를 더 지킬 수 있어요. 생
saussure1	218	독해(문학) Day 218	체육을 마치고 다은은 교실에 먼저 들어왔어요. 그때 세빈이 숙제 봉투를 들다가 종이들이 바닥에 흩어졌어요. 세빈은 발표 쪽지가 섞였을까 봐 눈을 동그랗게 떴어요. 다은은 큰 종이부터 책상 위에 차곡차곡 모았어요. 그
saussure1	219	독해(비문학) Day 219	재활용 통에 넣기 전에는 먼저 안을 비우는 것이 좋아요. 병이나 통에 음식물이나 물이 남아 있으면 다른 것까지 더러워질 수 있어요. 그래서 나는 남은 것을 비우고 가볍게 헹군 뒤 말려요. 종이 상자는 안에 남은 부스
saussure1	220	독해(문학) Day 220	청소를 끝낸 뒤 서아는 교실 뒤 사물함 앞에 섰어요. 그때 민재가 독서기록 카드를 들다가 바닥에 떨어뜨렸어요. 카드가 여러 장 흩어져 발치와 책상 밑으로 미끄러졌어요. 민재는 내일까지 내야 하는 카드가 섞였을까 봐 
saussure1	221	독해(비문학) Day 221	이를 닦을 때는 아침과 잠들기 전에 두 번 하는 것이 좋아요. 칫솔에는 불소 치약을 너무 많이 짜지 않아요. 어린이는 콩알만큼만 써도 이를 닦는 데 도움이 돼요. 치약을 묻힌 뒤에는 앞니와 어금니를 차례로 닦아요. 
saussure1	222	독해(문학) Day 222	비가 그친 뒤 지민은 교실 창가에서 우산 물기를 털고 있었어요. 그때 수아가 알림장 봉투를 들다가 바닥에 쏟았어요. 작은 안내장과 숙제 종이가 책상 다리 쪽으로 흩어졌어요. 수아는 부모님 확인장이 꼭 있어야 한다며 
saussure1	223	독해(비문학) Day 223	가방을 고를 때는 몸에 너무 큰 것보다 알맞은 크기가 좋아요. 너무 큰 가방은 자꾸 더 넣게 되어 무거워지기 쉬워요. 어깨끈은 두 개이고 넓은 것이 몸에 고르게 닿아 좋아요. 가방은 등에 가깝게 메고 양쪽 끈 길이를
saussure1	224	독해(문학) Day 224	점심 쉬는 시간에 소연은 교실 뒤 책장을 정리하고 있었어요. 그때 민규가 빌린 책 사이에 둔 책갈피를 바닥에 떨어뜨렸어요. 책갈피에는 어제 쪽수와 오늘 읽을 곳이 적혀 있었어요. 민규는 그 종이를 잃어버리면 어디까지
saussure1	225	독해(비문학) Day 225	길을 건널 때는 먼저 횡단보도나 모퉁이를 찾는 것이 좋아요. 길 한가운데를 바로 건너면 차가 오는 쪽을 살피기 어려워요. 그래서 멈춘 뒤 왼쪽 오른쪽 왼쪽을 다시 봐요. 불이 바뀌어도 곧바로 뛰지 말고 차가 멈췄는지
saussure1	226	독해(문학) Day 226	미술 시간이 끝나자 다은은 교실 뒤 바닥을 보고 멈추었어요. 색연필 통이 넘어져 짧은 색연필들이 의자 밑으로 굴러 들어갔어요. 다은은 어느 색이 없는지 세다가 더 헷갈리기 시작했어요. 그래서 파란색과 초록색부터 주워
saussure1	227	독해(비문학) Day 227	집에서 불이 나면 빨리 밖으로 나와야 해요. 그래서 가족은 미리 불이 날 때 나갈 길을 정해 두면 좋아요. 방마다 문과 창문처럼 나갈 수 있는 길을 두 가지씩 알아 두어요. 길을 그린 종이를 벽에 붙여 두면 더 쉽게
saussure1	228	독해(문학) Day 228	미술 시간 뒤에 은서는 완성한 그림을 게시판에 붙이려 했어요. 그런데 위쪽 테이프가 짧아서 그림 한쪽이 자꾸 말려 올라왔어요. 은서는 손끝으로 모서리를 누르며 떨어지지 않기를 바랐어요. 하지만 손을 떼자 종이 끝이 
saussure1	229	독해(비문학) Day 229	차를 탈 때는 출발하기 전에 먼저 안전띠를 매야 해요. 안전띠는 짧은 길을 갈 때도 꼭 해야 해요. 아이는 가능한 한 뒷좌석에 앉는 편이 더 안전해요. 띠의 어깨 부분은 목이 아니라 가슴 가운데를 지나야 해요. 아래
saussure1	230	독해(문학) Day 230	준서는 청소 시간에 화분 받침을 정리하고 있었어요. 그때 받침 옆 물뿌리개가 팔에 닿아 바닥으로 굴렀어요. 물뿌리개는 책상 다리 사이로 들어가 금세 보이지 않았어요. 준서는 몸을 숙여 안쪽을 들여다보다가 더 조급해졌
saussure1	231	독해(비문학) Day 231	이를 닦을 때는 아침과 잠자기 전에 꼭 닦는 것이 좋아요. 치약은 불소가 들어 있는 것을 쓰면 치아를 더 튼튼하게 지키는 데 도움이 돼요. 칫솔은 잇몸을 세게 누르지 말고 작은 동작으로 움직여요. 앞니 바깥쪽만이 아
saussure1	232	독해(문학) Day 232	쉬는 시간에 예린은 교실 바닥을 쓸고 있었어요. 그때 준호가 스티커 상자를 떨어뜨렸어요. 상자가 열리며 스티커가 바닥에 여기저기 흩어졌어요. 친구들은 놀라 잠깐 손을 멈추고 둘을 바라봤어요. 준호는 얼굴이 빨개져 서
saussure1	233	독해(비문학) Day 233	학교 버스를 기다릴 때는 먼저 인도에서 한 줄로 서 있어요. 차도 가까이 가지 말고 가장자리에서 몇 걸음 물러서요. 가방 끈이 풀렸다면 미리 고쳐서 발에 걸리지 않게 해요. 친구를 밀거나 장난치면 줄이 갑자기 흔들릴
saussure1	234	독해(문학) Day 234	쉬는 시간에 도윤은 바닥에 떨어진 종이 조각을 쓸고 있었어요. 그때 건우가 준비물 통을 들다가 동전 상자를 툭 떨어뜨렸어요. 상자가 열리며 동전이 책상 사이와 바닥 틈으로 굴러갔어요. 건우는 얼굴이 빨개져 급히 무릎
saussure1	235	독해(비문학) Day 235	몸이 아프면 먼저 어른에게 바로 말해야 해요. 약은 어른이 이름과 먹는 양을 꼭 확인해요. 나는 혼자 서랍을 열어 약을 꺼내면 안 돼요. 형이나 친구가 먹는 약도 따라 먹지 않아요. 약이 달콤해 보여도 사탕이라고 생
saussure1	236	독해(문학) Day 236	미술 시간 뒤 서윤은 교실 뒤쪽에서 그림을 말리고 있었어요. 그때 창문 틈으로 바람이 들어와 종이 한 장이 바닥으로 날아갔어요. 서윤은 얼른 손을 뻗었지만 종이는 책상 밑으로 미끄러졌어요. 옆에 있던 다은은 놀라서 
saussure1	237	독해(비문학) Day 237	여름 저녁에 밖에 나갈 때는 팔과 다리를 가리는 얇은 옷을 입어요. 모기가 피부를 쉽게 물지 못하게 하려는 거예요. 모기 기피제는 어른이 먼저 설명을 읽고 안전한지 살핀 뒤 꺼내요. 어른은 손에 덜어 아이 피부에 조
saussure1	238	독해(문학) Day 238	청소를 마친 뒤 민서는 교실 창가에서 작은 바람개비를 들고 있었다. 미술 시간에 만든 바람개비라서 집에 가서 동생에게 보여 주고 싶었다. 그런데 창문 틈으로 센 바람이 들어와 종이 날개 하나가 휘어졌다. 민서는 손으
saussure1	239	독해(비문학) Day 239	풀밭이나 숲길에서 놀러 갈 때는 긴 바지와 긴 소매 옷을 입어요. 진드기가 피부에 바로 닿지 않게 하려는 거예요. 풀이 우거진 가장자리보다 길 한가운데로 걷는 것이 좋아요. 나가기 전에는 어른이 벌레 기피제를 설명대
saussure1	240	독해(문학) Day 240	소풍 전날 지민은 책가방 고리에 이름표를 달고 있었어요. 이름표는 파란 종이로 만들어서 멀리서도 잘 보였어요. 그런데 매듭을 묶는 동안 끈 한쪽이 자꾸 빠져나왔어요. 지민은 손가락으로 끈 끝을 눌러 보았지만 금세 풀
saussure1	241	독해(비문학) Day 241	물놀이는 즐겁지만 물에서는 아주 빨리 위험해질 수 있다. 물사고는 조용히 일어나서 늦게 알아차리기 쉽다. 그래서 아이는 물가에 갈 때마다 늘 어른과 함께 있어야 한다. 어른은 아이가 물에 들어가면 팔을 뻗어 닿을 만
saussure1	242	독해(문학) Day 242	미술 시간이 끝난 뒤 서윤은 교실 뒤 게시판 앞에 섰다. 아까 붙인 별 스티커 하나가 제목 종이 아래에서 비뚤어져 있었다. 서윤은 손톱으로 살짝 눌러 봤지만 한쪽 끝이 자꾸 들렸다. 민서는 바람이 닿으면 또 떨어질 
saussure1	243	독해(비문학) Day 243	겨울에 밖에 나갈 때는 한 벌보다 여러 겹 옷이 낫다. 겹겹이 입으면 몸 가까이에 따뜻한 공기가 머물기 쉽다. 맨 바깥 옷은 바람과 눈을 막으면 더 도움이 된다. 머리에서는 열이 빨리 빠질 수 있어서 모자도 써야 한
saussure1	244	독해(문학) Day 244	방과 후 민아는 도서관 창가 자리에서 책을 덮었다. 책 속에 꽂아 둔 파란 책갈피 끈이 반쯤 풀려 있었다. 아까 접어 둔 끝이 자꾸 벌어져 그대로 두면 금방 빠질 듯했다. 지훈은 서랍에서 투명 테이프를 찾아 같이 고
saussure1	245	독해(비문학) Day 245	집에서 쓰는 세제나 소독약은 사탕처럼 보이면 안 된다. 알록달록한 세제 캡슐도 먹는 것이 아니라 빨래할 때만 쓴다. 이런 물건은 쓰고 나면 바로 뚜껑을 닫아야 한다. 그리고 높은 곳이나 잠긴 문 안에 두어 아이 손이
saussure1	246	독해(문학) Day 246	정리 시간이 끝날 무렵 수연은 교실 바닥에서 구슬 통을 들고 있었다. 그때 지우가 책상 다리에 가방을 살짝 부딪혔다. 수연 손에 있던 통 뚜껑이 툭 열리며 구슬 몇 개가 굴러갔다. 아이들은 반짝이는 구슬이 사방으로 
saussure1	247	독해(비문학) Day 247	사과나 오이를 먹기 전에는 먼저 흐르는 물에 씻어야 한다. 겉이 깨끗해 보여도 껍질에는 흙과 세균이 남아 있을 수 있다. 그래서 자르거나 벗기기 전에 먼저 씻는 습관이 중요하다. 껍질을 먹지 않을 과일도 먼저 씻어야
saussure1	248	독해(문학) Day 248	청소 시간이 끝날 무렵 건우는 교실 뒤에서 발표 카드를 모으고 있었다. 그때 민지가 상자를 기울여 맨 위 카드가 바닥으로 미끄러졌다. 카드들은 책상 다리 사이로 퍼져 번호가 뒤섞여 버렸다. 친구들은 곧 발표가 있는 
saussure1	249	독해(비문학) Day 249	다른 사람의 개를 보고 만지고 싶어도 먼저 주인에게 물어봐야 한다. 개가 친절해 보여도 허락 없이 손을 내밀면 놀랄 수 있다. 주인이 괜찮다고 하면 개가 먼저 가까이 오도록 잠깐 기다린다. 새로 만난 개가 냄새를 맡
saussure1	250	독해(문학) Day 250	미술 시간이 끝나갈 때 소은은 찰흙 토끼를 쟁반에 올려 교실 뒤로 옮기고 있었다. 그때 재호의 팔꿈치가 책상 모서리에 살짝 닿았다. 토끼 귀 한 조각이 흔들리더니 바닥에 톡 떨어졌다. 소은은 멈춰 서서 입술을 꼭 다
saussure1	251	독해(비문학) Day 251	버튼 건전지는 리모컨이나 작은 장난감 안에 자주 들어 있다. 반짝여도 사탕이나 동전처럼 만지며 놀면 안 된다. 입에 넣으면 몸 안을 빨리 다치게 할 수 있다. 바닥에 떨어진 건전지를 보면 혼자 줍지 말아야 한다. 먼
saussure1	252	독해(문학) Day 252	종이접기 끝날 무렵 다은은 바람개비를 상자에 담아 창가로 옮기고 있었다. 그때 민호의 소매가 상자를 스치며 맨 위 바람개비 하나가 바닥에 떨어졌다. 접힌 날개 한 쪽이 책상 다리 아래로 밀려 들어가 버렸다. 다은은 
saussure1	253	독해(비문학) Day 253	정전은 갑자기 전기가 나가 집 안이 어두워지는 일이다. 불이 꺼져도 먼저 소리치며 뛰지 말고 가까운 어른을 찾는다. 손으로 더듬으며 걷기보다 제자리에 잠깐 멈추는 편이 안전하다. 집에는 가족마다 손전등을 미리 준비해
saussure1	254	독해(문학) Day 254	놀이 시간이 끝날 무렵 예서는 블록 버스를 들고 정리 바구니로 갔다. 그때 지후의 발이 매트 모서리에 걸려 예서가 잠깐 흔들렸다. 버스 옆 바퀴를 누르던 회색 블록 하나가 바닥으로 굴러갔다. 예서는 입술을 꾹 다문 
saussure1	255	독해(비문학) Day 255	놀이터에 가면 먼저 바닥과 기구 상태를 눈으로 살펴요. 바닥이 젖었거나 미끄럼틀이 너무 뜨거우면 바로 타지 않아요. 목에 긴 끈이나 목걸이가 있으면 놀이기구에 걸릴 수 있어요. 그래서 놀기 전에는 그런 물건을 빼 두
saussure1	256	독해(문학) Day 256	미술 시간이 끝날 무렵 하린은 종이 왕관을 들고 선반으로 가고 있었다. 그때 서준의 팔꿈치가 책상 모서리에 닿으며 하린이 잠깐 비틀렸다. 왕관 옆에 붙어 있던 금색 별 조각 하나가 바닥으로 미끄러졌다. 하린은 입을 
saussure1	257	독해(비문학) Day 257	킥보드를 타기 전에는 먼저 안전 장비를 챙겨야 해요. 머리에는 헬멧을 쓰고 무릎과 팔꿈치 보호대도 함께 해요. 넘어질 때 몸을 지키는 준비가 먼저 되어야 덜 다칠 수 있어요. 타기 전에는 손잡이와 기둥이 단단히 잠겼
saussure1	258	독해(문학) Day 258	정리 시간이 끝날 무렵 다은은 나비 스티커 판을 들고 상자 쪽으로 가고 있었다. 그때 민호의 손등이 책상 모서리에 스치며 다은이 잠깐 흔들렸다. 판 옆에 붙어 있던 하늘색 날개 조각 하나가 바닥으로 미끄러졌다. 다은
saussure1	259	독해(비문학) Day 259	창문 근처에는 의자나 상자, 낮은 책장을 두지 않는 편이 안전해요. 아이가 밟고 올라가면 창문 가까이 몸이 더 나갈 수 있기 때문이에요. 창문 방충망은 벌레를 막지만 몸무게를 버티는 안전 장치는 아니에요. 그래서 방
saussure1	260	독해(문학) Day 260	정리 시간이 끝날 무렵 지우는 파란 종이배를 창가 상자 쪽으로 들고 가고 있었다. 그때 민서가 책상 옆을 지나며 배의 작은 깃발 막대를 건드렸다. 막대는 바닥으로 툭 떨어졌고 지우는 배 몸통을 두 손으로 꼭 받쳤다.
saussure1	261	독해(비문학) Day 261	서랍이 있는 큰 가구와 텔레비전은 넘어지지 않게 고정해야 해요. 아이들은 서랍이나 선반을 딛고 올라가다가 가구를 흔들 수 있어요. 가구가 앞으로 기울면 다치거나 깔릴 수 있어 위험해요. 그래서 어른은 가구와 텔레비전
saussure1	262	독해(문학) Day 262	종례를 앞두고 소라는 해 그림을 들고 교실 뒤로 걸어갔다. 그때 준호가 책상 모서리를 스쳤고 해 그림의 노란 조각 하나가 바닥으로 떨어졌다. 소라는 그림이 더 찢어질까 봐 두 손으로 받쳤다. 준호는 미안하다며 책상 
saussure1	263	독해(비문학) Day 263	창문 가리개 줄은 아이가 있는 집에서 조심해야 해요. 가장 안전한 것은 줄이 없는 가리개를 쓰는 거예요. 줄이 길게 늘어져 있으면 목이나 몸에 감길 수 있어요. 그래서 침대나 소파처럼 올라설 수 있는 가구를 창문 가
saussure1	264	독해(문학) Day 264	종례를 앞두고 소라는 해 그림을 들고 교실 뒤로 걸어갔다. 그때 준호가 책상 모서리를 스쳤고 해 그림의 노란 조각 하나가 바닥으로 떨어졌다. 소라는 그림이 더 찢어질까 봐 두 손으로 받쳤다. 준호는 미안하다며 책상 
saussure1	265	독해(비문학) Day 265	계단이 있는 집에서는 안전문을 잘 써야 해요. 아이는 계단을 혼자 오르내리다 넘어질 수 있어요. 그래서 계단 위와 아래에는 아이용 안전문을 두는 것이 좋아요. 특히 계단 맨 위에는 벽에 나사로 단단히 고정하는 문을 
saussure1	266	독해(문학) Day 266	정리 시간이 끝날 무렵 다은은 종이꽃 판을 들고 게시판 쪽으로 걸어갔다. 그때 민호가 돌아서며 책상 끝을 스쳤고 분홍 꽃잎 한 장이 바닥으로 떨어졌다. 다은은 꽃 판이 구겨질까 봐 두 손으로 꼭 받쳤다. 민호는 미안
saussure1	267	독해(비문학) Day 267	우리 귀는 큰 소리를 오래 들으면 다칠 수 있어요. 음악이나 기계 소리가 너무 크면 귀가 아프거나 먹먹할 수 있어요. 그래서 시끄러운 곳에서는 소리 나는 곳에서 조금 멀어지는 것이 좋아요. 가까이 있을수록 귀에 닿는
saussure1	268	독해(문학) Day 268	미술 정리 끝날 무렵 세아는 종이 연을 들고 창가 쪽으로 걸어갔다. 그때 도현이 돌아서며 책상 끝을 스쳤고 연 꼬리에 달린 파란 리본이 바닥으로 떨어졌다. 세아는 연이 구겨질까 봐 두 손으로 조심히 받쳤다. 도현은 
saussure1	269	독해(비문학) Day 269	강아지나 고양이는 깨끗해 보여도 사람에게 옮을 수 있는 균이 있을 수 있어요. 그래서 반려동물을 만지거나 함께 놀고 난 뒤에는 손을 씻어야 해요. 장난감, 물그릇, 밥그릇을 만진 뒤에도 손을 씻는 것이 좋아요. 손을
saussure1	270	독해(문학) Day 270	자유 만들기 끝날 무렵 지우는 종이 배를 들고 창가 쪽으로 걸어갔다. 그때 수민이 돌아서며 책상 모서리를 스쳤고 노란 돛 조각이 바닥으로 떨어졌다. 지우는 배 몸통이 접힐까 봐 두 손으로 조심히 받쳤다. 수민은 미안
saussure1	271	독해(비문학) Day 271	달은 밤하늘에서 스스로 빛나는 것처럼 보여요. 하지만 달빛은 달이 만든 빛이 아니라 햇빛이 비친 모습이에요. 그래서 햇빛이 닿는 쪽은 밝고 다른 쪽은 어둡게 보여요. 우리가 보는 달 모양이 날마다 달라 보이는 것도 
saussure1	272	독해(문학) Day 272	쉬는 시간 끝날 무렵 민서는 창가 화분에 물을 주고 있었어요. 그때 준호가 돌아서며 화분 받침을 건드렸고 이름표 막대가 떨어졌어요. 민서는 흙이 쏟아질까 봐 화분을 두 손으로 조심히 받쳤어요. 준호는 미안하다며 화분
saussure1	273	독해(비문학) Day 273	바람은 보이지 않지만 움직이는 공기예요. 우리는 나뭇잎이 흔들리거나 볼에 바람이 닿을 때 바람을 느껴요. 바람이 부는 까닭은 햇볕이 땅과 공기를 고르게 데우지 않기 때문이에요. 햇볕을 더 받은 곳의 공기는 따뜻해지며
saussure1	274	독해(문학) Day 274	쉬는 시간 끝날 무렵 민서는 창가 화분에 물을 주고 있었어요. 그때 준호가 돌아서며 화분 받침을 건드렸고 이름표 막대가 떨어졌어요. 민서는 흙이 쏟아질까 봐 화분을 두 손으로 조심히 받쳤어요. 준호는 미안하다며 화분
saussure1	275	독해(비문학) Day 275	아침 운동장에 서면 그림자가 길게 보여요. 해가 낮은 쪽에 있을수록 그림자는 더 길어져요. 해가 막 떠오른 아침과 해가 기우는 늦은 오후에 이런 모습이 잘 보여요. 해가 낮게 비추면 같은 물건도 옆으로 긴 그림자를 
saussure1	276	독해(문학) Day 276	쉬는 시간 뒤 민아는 현관 우산꽂이 앞에서 우산을 찾고 있었어요. 그때 도윤이 옆칸 우산을 꺼내다가 민아 이름표 끈을 건드렸어요. 이름표는 바닥에 톡 떨어져 물기 묻은 발자국 사이로 미끄러졌어요. 민아는 우산 손잡이
saussure1	277	독해(비문학) Day 277	밤하늘에는 많은 별이 보여요. 하지만 낮에는 별이 거의 보이지 않아요. 낮에도 별이 사라진 것은 아니에요. 낮하늘이 밝아져 다른 별빛이 잘 드러나지 않을 뿐이에요. 낮을 밝히는 빛은 우리와 가장 가까운 별인 태양에서
saussure1	278	독해(문학) Day 278	과학 시간 끝날 무렵 유나는 창가 모빌을 정리하고 있었어요. 그때 하람이 책을 옮기다 모빌 실을 살짝 건드렸어요. 달 모양 조각 하나가 돌아 바닥으로 내려앉았어요. 유나는 모빌이 더 엉킬까 봐 고리를 먼저 붙잡았어요
saussure1	279	독해(비문학) Day 279	달은 밤하늘에서 밝게 보여요. 하지만 달은 태양처럼 스스로 빛을 내는 별이 아니에요. 우리가 보는 달빛은 태양빛이 달 표면에 비친 뒤 다시 오는 빛이에요. 그래서 해가 없으면 달도 스스로 밝아질 수 없어요. 태양은 
saussure1	280	독해(문학) Day 280	미술 시간 끝날 무렵 서진은 종이 성 모형을 정리하고 있었어요. 그때 도현이 색종이 통을 옮기다 성 옆벽을 살짝 건드렸어요. 작은 창문 조각 하나가 떨어져 책상 아래로 미끄러졌어요. 서진은 모형이 더 찌그러질까 봐 
saussure1	281	독해(비문학) Day 281	밤하늘의 별은 가만히 있는 것처럼 보여도 반짝여 보여요.별이 스스로 깜빡이며 불을 켜고 끄는 것은 아니에요.별빛이 우리 눈에 오는 길에는 지구의 공기가 있어요.이 공기는 늘 조금씩 움직이며 자리를 바꾸고 있어요.별빛
saussure1	282	독해(문학) Day 282	체육 시간 뒤 민서는 줄넘기를 바구니에 넣고 있었어요.그때 지후가 옆 줄을 들다 손잡이 마개 하나를 떨어뜨렸어요.작은 파란 마개는 매트 끝을 따라 데굴데굴 굴러갔어요.민서는 줄이 더 풀릴까 봐 남은 손잡이를 먼저 꼭
saussure1	283	독해(비문학) Day 283	해가 질 무렵 하늘이 붉게 보이는 날이 있어요.낮에는 햇빛 속 여러 색 가운데 파란빛이 공기에서 더 잘 흩어져요.그래서 낮하늘은 우리 눈에 파랗게 보이는 편이에요.그런데 해가 낮게 내려오면 햇빛은 더 긴 공기층을 지
saussure1	284	독해(문학) Day 284	독서 활동이 끝난 뒤 유나는 책 소개 판을 정리하고 있었어요.그때 하람이 옆에서 종이를 옮기다 제목 이름표 끝 조각을 건드렸어요.작은 분홍 조각 하나가 책장 아래로 미끄러져 들어갔어요.유나는 판이 구겨질까 봐 모서리
saussure1	285	독해(비문학) Day 285	맑은 낮에 구름을 보면 하얗게 보일 때가 많아요.햇빛은 여러 가지 색이 함께 섞인 빛이에요.공기 분자는 파란빛을 더 잘 흩어 낮하늘을 파랗게 보이게 해요.하지만 구름은 공기보다 훨씬 큰 물방울과 얼음 알갱이로 이루어
saussure1	286	독해(문학) Day 286	행사 준비가 끝날 무렵 다은은 안내 카드를 줄에 걸고 있었어요.그때 서후가 옆에서 상자를 옮기다 별 스티커 끝 조각을 건드렸어요.작은 은색 조각 하나가 의자 다리 쪽으로 미끄러져 갔어요.다은은 카드가 더 구겨질까 봐
saussure1	287	독해(비문학) Day 287	우리는 학교에서도 준비물을 매일 조금씩 해요.준비물을 하면 수업을 지킬 수 있고 마음도 편해요.하지만 미리 안 챙기면 수업이 힘들어요 그래서 더 조심해야 해요.그래서 먼저 메모를 꺼내서 기준을 세워요.메모에 해야 할
saussure1	288	독해(문학) Day 288	쉬는 시간에 수아는 교실 바닥을 쓸고 있었어요. 그때 연우가 색연필 상자를 떨어뜨렸어요. 색연필이 바닥에 쏟아져 여기저기 흩어졌어요. 친구들은 "어?" 하고 고개를 돌렸어요. 연우는 얼굴이 빨개져서 색연필을 주우려 
saussure1	289	독해(비문학) Day 289	우리는 학교에서도 분리수거를 매일 조금씩 해요. 분리수거를 하면 환경을 지킬 수 있고 마음도 편해요. 하지만 섞어 버리면 다시 나눠야 해요 그래서 더 조심해야 해요. 그래서 먼저 체크표를 꺼내서 기준을 세워요. 체크
saussure1	290	독해(문학) Day 290	쉬는 시간에 서윤은 교실 바닥을 쓸고 있었어요. 그때 준호가 구슬 상자를 떨어뜨렸어요. 구슬이 바닥에 쏟아져 여기저기 흩어졌어요. 친구들은 "어?" 하고 고개를 돌렸어요. 준호는 얼굴이 빨개져서 구슬을 주우려 했어요
saussure1	291	독해(비문학) Day 291	우리는 집에서도 양치질을 매일 조금씩 해요. 양치질을 하면 치아를 지킬 수 있고 마음도 편해요. 하지만 금방 끝내면 이가 깨끗하지 않아요 그래서 더 조심해야 해요. 그래서 먼저 메모를 꺼내서 기준을 세워요. 메모에 
saussure1	292	독해(문학) Day 292	미술 시간이 끝날 무렵 유나는 나비를 정리하고 있었어요. 그때 하람이 나비 한 장을 들다 꼬리 조각을 떨어뜨렸어요. 작은 조각은 책상 밑으로 미끄러져 금방 보이지 않았어요. 하람은 나비를 들고 그대로 멈춰 섰어요. 
saussure1	293	독해(비문학) Day 293	비 뒤 운동장 구석에 웅덩이가 남아 있을 때가 있어요. 처음에는 물이 반짝여 그대로 있을 것처럼 보여요. 하지만 해가 비치고 바람이 불면 웅덩이 물은 조금씩 줄어들어요. 이것은 물이 갑자기 없어지는 일이 아니에요. 
saussure1	294	독해(문학) Day 294	도서관 정리 시간에 민서는 소개판을 닦고 있었어요. 그때 수호가 별 스티커를 옮기다가 조각을 떨어뜨렸어요. 조각은 받침 밑으로 밀려 들어가 잘 보이지 않았어요. 수호는 손에 스티커를 든 채 서 있었어요. 민서는 "내
saussure1	295	독해(비문학) Day 295	더운 날 찬물이 든 컵을 두면 겉에 작은 물방울이 맺혀요. 처음 보면 컵 속 물이 밖으로 샌 것처럼 보이기도 해요. 하지만 컵 겉 물방울은 컵 속에서 바로 나온 것이 아니에요. 컵 둘레 공기가 차가워지면서 공기 속 
saussure1	296	독해(문학) Day 296	과학 시간 준비가 끝날 무렵 지우는 모형 해를 책상 위에 세우고 있었어요. 그때 다온이 종이 행성을 옮기다가 고리 조각을 떨어뜨렸어요. 조각은 책상 다리 쪽으로 미끄러져 금방 보이지 않았어요. 다온은 행성 모형을 든
saussure1	297	독해(비문학) Day 297	학교에서 쓰는 준비물은 수업마다 달라요. 그래서 아침에 가방을 챙길 때는 먼저 오늘 수업을 떠올려야 해요. 무엇이 필요한지 생각한 다음 종이에 짧게 적어 두면 좋아요. 다 챙겼다고 느껴져도 눈으로 다시 보는 일이 필
saussure1	298	독해(문학) Day 298	미술 시간에 민서는 색연필 통을 옮기고 있었어요. 그때 소율이가 팔꿈치에 통을 건드려 연필 몇 자루를 떨어뜨렸어요. 연필은 책상 다리 쪽으로 굴러가 여기저기 흩어졌어요. 친구들은 손을 멈추고 바닥을 내려다보았어요. 
saussure1	299	독해(비문학) Day 299	분리배출을 잘하려면 먼저 우리 집이나 학교 규칙을 알아야 해요. 같은 플라스틱처럼 보여도 받아 주는 물건이 다를 수 있어요. 그래서 표시를 보고 버리는 습관이 중요해요. 종이와 상자는 안에 남은 음식을 먼저 털어 내
saussure1	300	독해(문학) Day 300	체육 시간 뒤에 지민은 줄넘기 바구니를 정리하고 있었어요. 그때 하나가 바닥에 걸려 손잡이 마개가 톡 빠졌어요. 마개는 책상 밑이 아니라 창가 쪽으로 또르르 굴러갔어요. 지민은 손을 멈추고 굴러간 쪽을 바로 바라보았
saussure1	301	독해(비문학) Day 301	비가 그친 뒤 웅덩이는 시간이 지나면 점점 작아져요. 젖은 수건도 널어 두면 나중에는 다시 뽀송해져요. 이것은 물이 사라진 것이 아니라 다른 모습이 되기 때문이에요. 햇빛이 물을 데우면 물은 아주 작은 기체가 돼요.
saussure1	302	독해(문학) Day 302	전시판 앞에서 하린은 나무 그림을 붙이고 있었어요. 마지막 잎 조각을 붙이려던 때 손끝에서 풀이 미끄러졌어요. 노란 잎 조각은 전시판 아래가 아니라 게시판 틈 쪽으로 내려앉았어요. 하린은 숨을 멈추고 조각이 사라진 
saussure1	303	독해(비문학) Day 303	냉동실에서 꺼낸 얼음은 책상 위에 두면 시간이 지나며 작아져요. 손에 잠깐 쥐고 있으면 더 빨리 물방울이 생겨요. 이것은 차갑던 얼음이 주변의 따뜻함을 받기 때문이에요. 열을 받은 얼음은 단단한 모양을 오래 지키지 
saussure1	304	독해(문학) Day 304	복도 창가에서 민아는 봄 축제 모빌을 걸고 있었어요. 마지막 나비 날개 조각을 끈에 끼우려던 때 손끝에서 매듭이 풀렸어요. 분홍 날개는 발밑이 아니라 창가 화분 뒤쪽으로 내려앉았어요. 민아는 숨을 멈추고 날개가 사라
saussure1	305	독해(비문학) Day 305	새 책을 읽기 전에 표지와 제목을 보면 내용을 짐작하기 쉬워요. 제목에는 중요한 낱말이 들어 있기도 해요. 표지 그림도 글의 분위기와 장면을 알려 줄 수 있어요. 그래서 책을 펴자마자 읽기보다 잠깐 살펴보는 일이 도
saussure1	306	독해(문학) Day 306	쉬는 시간에 지우와 현수는 전시판에 기차 그림을 붙였어요. 마지막 바퀴 조각을 누르려던 때 테이프 끝이 손에서 풀렸어요. 둥근 조각은 책장 밑이 아니라 청소함 옆으로 굴러갔어요. 지우는 조각이 멈춘 쪽을 바라보았어요
saussure1	307	독해(비문학) Day 307	학교에 가기 전 준비물 확인은 오래 걸리지 않아요. 이것을 빼먹으면 수업이 시작된 뒤 마음이 급해져요. 그래서 집을 나서기 전에 잠깐 멈춰 가방 안을 보는 습관이 필요해요. 먼저 시간표를 보고 오늘 쓸 책과 공책을 
saussure1	308	독해(문학) Day 308	쉬는 시간에 은별과 도윤은 게시판에 바다 그림을 붙였어요. 마지막 고래 꼬리 조각을 누르려던 때 풀칠한 손끝이 미끄러졌어요. 파란 조각은 사물함 밑이 아니라 우산통 옆으로 미끄러졌어요. 은별은 조각이 멈춘 쪽을 먼저
saussure1	309	독해(비문학) Day 309	도서관 책은 여러 사람이 함께 보므로 깨끗하게 다루어야 해요. 젖은 손으로 넘기면 종이가 쉽게 구겨지거나 얼룩이 남아요. 그래서 책을 펴기 전 손을 먼저 닦아요. 읽던 곳을 표시하려고 모서리를 접으면 자국이 남아요.
saussure1	310	독해(문학) Day 310	쉬는 시간에 채원과 시우는 게시판에 봄 카드를 붙였어요. 마지막 나비 조각을 누르던 순간 시우 손끝에서 톡 떨어졌어요. 조각은 게시판 밑이 아니라 분필 상자 옆으로 미끄러졌어요. 채원은 조각이 멈춘 쪽을 먼저 가리켰
saussure1	311	독해(비문학) Day 311	자석은 가까운 곳에 있는 철로 된 물건을 끌어당길 수 있어요. 그래서 철핀이나 클립을 가까이 두면 자석 쪽으로 움직여요. 자석의 힘은 아주 멀리까지 닿지는 않아요. 너무 떨어지면 붙지 않고 그대로 있어요. 힘이 잘 
saussure1	312	독해(문학) Day 312	쉬는 시간에 지민과 서윤은 게시판에 가게 놀이판을 붙였어요. 마지막 금색 동전 조각을 누르던 순간 서윤 손끝에서 툭 떨어졌어요. 조각은 책상 밑이 아니라 의자 다리 옆으로 미끄러졌어요. 지민은 조각이 멈춘 쪽을 먼저
saussure1	313	독해(비문학) Day 313	나침반을 책상 위에 놓으면 바늘 한쪽이 같은 쪽을 가리켜요. 이 바늘은 자석이라서 지구의 자기 힘을 따라 움직여요. 그래서 나침반은 방향을 살필 때 도움이 돼요. 하지만 큰 자석이나 철 물건을 가까이 두면 바늘이 흔
saussure1	314	독해(문학) Day 314	쉬는 시간에 은호와 다정은 창가에 놓인 봄 화분 이름표를 꾸미고 있었어요. 마지막 분홍 꽃잎 조각을 누르던 순간 다정 손끝에서 또르르 굴렀어요. 조각은 화분 밑이 아니라 커튼 끝 옆으로 미끄러졌어요. 은호는 조각이 
saussure1	315	독해(비문학) Day 315	번개가 치면 하늘이 먼저 번쩍이는 것을 봐요. 천둥 소리는 조금 뒤에 들릴 때가 많아요. 빛과 소리는 움직이는 빠르기가 서로 달라요. 빛은 아주 빨라 멀리서도 곧바로 눈에 들어와요. 소리는 공기를 흔들며 와서 빛보다
saussure1	316	독해(문학) Day 316	별 스티커를 나누며 둘은 전시판 준비를 하고 있었어요. 그때 서현이 상자를 기울이다가 노란 별 하나를 떨어뜨렸어요. 의자 다리 사이로 작은 스티커가 미끄러져 보이지 않았어요. 지우는 스티커가 간 쪽을 먼저 손가락으로
saussure1	317	독해(비문학) Day 317	가방을 챙길 때는 먼저 오늘 수업표를 봐요. 수업표를 보면 필요한 책과 공책을 먼저 떠올릴 수 있어요. 떠오른 물건을 책상 위에 놓으면 빠진 것을 알아보기 쉬워요. 연필처럼 자주 쓰는 물건도 끝이 닳았는지 함께 살펴
saussure1	318	독해(문학) Day 318	쉬는 시간에 민서와 하람은 발표판 앞에서 모빌을 꾸미고 있었어요. 마지막 파란 달 조각을 달던 순간 하람 손끝에서 실이 미끄러졌어요. 달 조각은 의자 다리 뒤로 들어가 금방 보이지 않았어요. 민서는 조각이 사라진 쪽
saussure1	319	독해(비문학) Day 319	안개와 구름은 모두 아주 작은 물방울이나 얼음 알갱이로 이루어져요. 그래서 둘 다 멀리서 보면 하얗게 보여요. 둘의 가장 큰 차이는 떠 있는 자리예요. 구름은 하늘 높이 떠 있어요. 안개는 땅 가까이에 닿아 있는 구
saussure1	320	독해(문학) Day 320	쉬는 시간에 지우와 서현은 종이 배를 꾸미고 있었어요. 서현이 마지막 파란 깃발을 세우려는 순간 조각이 손에서 빠졌어요. 작은 조각은 책장 옆으로 미끄러져 금방 보이지 않았어요. 서현은 배가 비게 될까 봐 눈을 동그
saussure1	321	독해(비문학) Day 321	양치를 할 때는 먼저 칫솔에 치약을 조금만 짜요. 거울을 보며 앞니 바깥쪽부터 천천히 닦아요. 위쪽 이를 닦을 때와 아래쪽 이를 닦을 때 손길을 나누면 덜 빠뜨려요. 어금니는 씹는 면도 함께 닦아야 해요. 칫솔을 너
saussure1	322	독해(문학) Day 322	쉬는 시간에 나은과 도윤은 구슬 길 놀이를 정리하고 있었어요. 도윤이 마지막 파란 구슬을 통에 넣으려는 순간 손끝이 미끄러졌어요. 구슬은 책상 다리 안쪽으로 굴러가 금방 보이지 않았어요. 도윤은 길이 흐트러질까 봐 
saussure1	323	독해(비문학) Day 323	길이나 급식실에서도 줄서기는 중요한 약속이에요. 줄을 서면 차례가 섞이지 않고 마음도 덜 급해져요. 하지만 앞사람을 밀면 모두가 불편해져요. 그래서 한 걸음쯤 띄워 서는 편이 좋아요. 손에 든 가방은 몸 앞이나 옆으
saussure1	324	독해(문학) Day 324	쉬는 시간에 수아와 민준은 독서판 표를 정리했어요. 민준이 마지막 파란 표 조각을 올리려는 순간 손끝이 미끄러졌어요. 조각은 책상 모서리를 스치며 바구니 뒤로 들어가 금방 안 보였어요. 민준은 줄이 빈칸으로 남을까 
saussure1	325	독해(비문학) Day 325	도서관에서 책을 빌릴 때는 먼저 책 표지와 이름표를 함께 봐요. 빌릴 책이 맞는지 처음에 확인하면 바꾸러 다시 가지 않아도 돼요. 책등 번호를 보면 꽂혀 있던 자리도 떠올리기 쉬워요. 책장을 펼쳐 찢어진 곳이나 낙서
saussure1	326	독해(문학) Day 326	쉬는 시간에 준호와 가은은 발표판 이름 카드를 정리했어요. 가은이 마지막 파란 별 카드를 올리려는 순간 손끝이 미끄러졌어요. 카드는 책상 옆 바구니 아래로 들어가 금방 안 보였어요. 가은은 줄이 비어 보일까 봐 입술
saussure1	327	독해(비문학) Day 327	수업 준비를 잘하려면 먼저 오늘 필요한 물건을 적은 메모를 봐요. 메모에는 공책, 연필, 지우개처럼 바로 쓸 것부터 적어요. 가방을 열면 메모를 보며 한 가지씩 꺼내 책상에 놓아요. 먼저 꺼낸 물건은 쓰기 쉬운 쪽에
saussure1	328	독해(문학) Day 328	쉬는 시간에 민서와 도윤은 게시판 이름표를 정리했어요. 도윤이 마지막 노란 별 조각을 맞추려는 순간 손끝이 미끄러졌어요. 조각은 상자 뒤로 들어가 금방 안 보였어요. 민서는 줄이 비어 보일까 봐 입술을 꼭 다물었어요
saussure1	329	독해(비문학) Day 329	학교에서 분리배출을 하려면 먼저 버릴 것을 천천히 살펴봐요. 종이, 병, 플라스틱은 서로 다른 곳에 넣어야 해요. 하지만 모양만 보고 바로 넣으면 자주 헷갈려요. 우유갑처럼 겉이 비슷해도 안쪽 재질이 다를 수 있어요
saussure1	330	독해(문학) Day 330	쉬는 시간에 지안과 서우는 판 앞에서 색종이 새를 붙였어요. 서우가 마지막 파란 꼬리를 맞추려는 순간 손끝이 살짝 미끄러졌어요. 조각은 받침판 아래로 들어가 금방 보이지 않았어요. 지안은 끝이 비어 보일까 봐 숨을 
saussure1	331	독해(비문학) Day 331	도서관 책을 오래 아끼려면 빌린 날부터 살피는 습관이 필요해요. 책을 펼치기 전에는 손에 물기나 간식 가루가 없는지 먼저 봐요. 젖은 손으로 책장을 넘기면 종이가 쉽게 울어요. 책 모서리를 접어 표시하면 금방 자국이
saussure1	332	독해(문학) Day 332	미술 시간에 다은과 민규는 꽃판 앞에서 종이꽃을 붙였어요. 민규가 마지막 빨간 꽃잎을 맞추려는 순간 손끝이 살짝 미끄러졌어요. 조각은 상자 옆으로 들어가 금방 보이지 않았어요. 다은은 끝이 비어 보일까 봐 숨을 들이
saussure1	333	독해(비문학) Day 333	우리 반에서는 공용 가위를 쓸 때 순서를 정해요. 먼저 손을 든 사람이 가위를 받고 다음 친구가 기다려요. 쓰는 동안에는 자리를 떠나지 않고 책상 위에서만 잘라요. 날을 아래로 두면 친구 손과 옷이 덜 위험해요. 종
saussure1	334	독해(문학) Day 334	쉬는 시간에 서윤과 준호는 종이별을 정리했어요. 준호가 마지막 파란 꼭짓점을 맞추려는 순간 손끝이 살짝 걸렸어요. 조각은 책상 옆 가방 밑으로 미끄러져 잘 안 보였어요. 준호는 판 끝이 비어 보여 어깨가 움츠러들었어
saussure1	335	독해(비문학) Day 335	책을 읽고 나면 내용이 잘 남지 않을 때가 있어요. 그럴 때는 읽기 메모를 쓰면 중요한 장면을 떠올리기 쉬워요. 먼저 책 제목과 날짜를 맨 위에 적어요. 그다음에는 재미있던 장면을 짧게 한 줄로 남겨요. 어려운 낱말
saussure1	336	독해(문학) Day 336	쉬는 시간에 수아와 지훈은 응원판을 정리했어요. 지훈이 마지막 파란 띠 조각을 붙이려는 순간 손끝이 미끄러졌어요. 조각은 의자 다리 옆으로 내려가 잘 안 보였어요. 수아는 빈 줄이 남은 판을 보고 입술을 다물었어요.
saussure1	337	독해(비문학) Day 337	수업 준비를 하려면 전날 밤 확인표를 보는 습관이 필요해요. 먼저 내일 가져갈 공책과 필통을 책상 위에 꺼내요. 그다음 시간표를 보고 필요한 물건을 한 줄씩 적어요. 다 적었으면 물건 이름 옆에 작은 네모칸을 그려요
saussure1	338	독해(문학) Day 338	쉬는 시간에 다은과 민호는 발표판을 교실 뒤에 세우고 있었어요. 민호가 마지막 초록 표 조각을 붙이려던 순간 손끝이 미끄러졌어요. 조각은 책꽂이 아래로 미끄러져 금방 안 보였어요. 다은은 빈칸이 남은 자리를 보고 숨
saussure1	339	독해(비문학) Day 339	공용 색연필은 쓰고 나면 제자리에 돌려놓아야 해요. 먼저 색연필 통을 가운데에 놓고 빈자리를 살펴봐요. 그다음 길이와 색을 보고 같은 칸으로 모아요. 짧은 연필은 잘 구르니 통 안쪽부터 세워요. 부러진 심은 선생님께
saussure1	340	독해(문학) Day 340	쉬는 시간에 민재와 서아는 독서판에 새 이름표를 달고 있었어요. 서아가 마지막 파란 끈 조각을 묶으려던 순간 손끝이 미끄러졌어요. 조각은 사물함 아래로 미끄러져 금방 안 보였어요. 민재는 빈 자리가 남은 판을 보고 
saussure1	341	독해(비문학) Day 341	비 오는 날 교실에 들어오면 우산부터 차분히 정리해요. 먼저 문 앞 발판에서 우산 끝 물기를 가볍게 털어요. 그다음 우산 끈을 감고 손잡이가 위로 오게 세워요. 이렇게 해야 바닥에 물길이 길게 번지지 않아요. 젖은 
saussure1	342	독해(문학) Day 342	쉬는 시간에 하윤과 지우는 발표판에 봄나무 그림을 붙이고 있었어요. 하윤이 마지막 초록 잎 조각을 올리려다 손끝을 놓쳤어요. 조각은 책상 다리 안쪽으로 미끄러져 바로 숨었어요. 지우는 빈 가지 자리를 보고 숨을 작게
saussure1	343	독해(비문학) Day 343	급식실에 들어가면 줄을 따라 천천히 앞으로 가요. 먼저 손을 씻고 친구 뒤에 한 걸음 떨어져 서요. 앞사람 등을 밀지 않아야 모두가 편해요. 급식판은 양손으로 잡고 몸 앞에 바르게 들어요. 국그릇이 흔들리면 옷에 튈
saussure1	344	독해(문학) Day 344	쉬는 시간에 수아와 민호는 발표판에 여름 바다 그림을 붙이고 있었어요. 수아가 마지막 노란 돛 조각을 붙이려다 손끝을 놓쳤어요. 조각은 책상 다리 옆으로 미끄러져 금방 안 보였어요. 민호는 빈 배 자리를 보고 입술을
saussure1	345	독해(비문학) Day 345	도서관에서 책을 빌릴 때는 먼저 책등 이름을 확인해요. 읽을 책을 고르면 표지와 안쪽 이름표가 같은지 봐요. 다른 책이 섞이면 빌린 책을 다시 찾느라 시간이 길어져요. 책은 두 손으로 들고 접힌 쪽이 없는지 살펴요.
saussure1	346	독해(문학) Day 346	쉬는 시간에 다은과 서준은 교실 달력판에 계절 그림을 붙이고 있었어요. 다은이 마지막 해 스티커를 올리려다 손끝에서 놓쳤어요. 스티커는 책꽂이 아래로 미끄러져 금방 안 보였어요. 서준은 빈 하늘 자리를 보고 입술을 
saussure1	347	독해(비문학) Day 347	복도 신발장에 실내화를 넣을 때는 짝을 먼저 맞춰요. 왼발과 오른발이 바뀌면 다음에 꺼낼 때 헷갈려요. 실내화 바닥에 흙이 묻었으면 털고 넣어야 해요. 젖은 실내화는 바람이 잘 통하는 칸에 두는 게 좋아요. 뒤꿈치를
saussure1	348	독해(문학) Day 348	쉬는 시간에 예나와 도윤은 게시판에 바다 그림을 붙이고 있었어요. 예나가 마지막 파도 조각을 올리려다 손끝에서 놓쳤어요. 조각은 책상 다리 옆으로 미끄러져 금방 안 보였어요. 도윤은 빈 자리를 보고 입술을 꾹 다물었
saussure1	349	독해(비문학) Day 349	교실 뒤 분리함 앞에서는 버리기 전에 손을 먼저 멈춰요. 겉모양만 보고 넣으면 다른 쓰레기가 섞일 수 있어요. 우유갑이나 플라스틱 컵은 남은 것을 먼저 비워요. 안쪽이 끈적하면 헹군 뒤 물기를 털어 내요. 젖은 채 
saussure1	350	독해(문학) Day 350	점심 뒤 민서와 지우는 독서판에 계절 나무를 꾸미고 있었어요. 지우가 마지막 노란 잎 조각을 붙이려다 떨어뜨렸어요. 잎 조각은 책상 다리 안쪽으로 미끄러져 안 보였어요. 민서는 빈자리를 보고 숨을 짧게 들이켰어요. 
saussure1	351	독해(비문학) Day 351	준비물을 챙길 때는 메모판을 먼저 펴요.메모판에는 오늘 꼭 넣을 물건을 짧게 적어요.연필과 공책처럼 자주 쓰는 것도 다시 확인해요.가방에 넣을 때는 한 줄씩 보고 하나씩 옮겨요.먼저 넣었다고 생각한 물건도 손으로 만
saussure1	352	독해(문학) Day 352	민아는 발표판 앞에서 시간표 카드를 붙이고 있었어요.그때 바람이 문틈으로 들어와 카드 몇 장이 바닥으로 흩어졌어요.민아는 먼저 큰 카드부터 주우려고 몸을 숙였어요.하지만 파란 모서리 카드 한 장은 잘 보이지 않았어요
saussure1	353	독해(비문학) Day 353	급식실 앞에 서면 먼저 우리 반 줄이 맞는지 살펴요.앞사람과 너무 붙지 않고 한 발쯤 떨어져 서요.손은 장난치지 않게 몸 가까이에 두는 게 좋아요.친구를 앞지르려고 비집고 들어가면 줄이 흐트러져요.식판을 받기 전에는
saussure1	354	독해(문학) Day 354	지민은 교실 뒤 게시판에 봄나무 그림을 붙이고 있었어요.그때 민호가 지나가다 바람개비를 살짝 건드렸어요.바람개비 끝이 스치며 초록 잎 조각 하나가 바닥에 떨어졌어요.지민은 빈자리가 보여서 얼굴이 금방 굳어졌어요.민호
saussure1	355	독해(비문학) Day 355	도서관에서 책을 읽기 전에는 제목과 그림을 먼저 살펴요.읽을 쪽수를 정하면 마음이 덜 흔들려요.모르는 낱말이 보여도 바로 넘기지 않고 표시해 두어요.중요한 내용은 작은 메모칸에 짧게 적어요.적을 때는 문장을 길게 베
saussure1	356	독해(문학) Day 356	수아는 책꽂이 앞에서 책갈피를 정리하고 있었어요.그때 도윤이 돌아서다가 책갈피 통을 살짝 건드렸어요.통 안에 있던 종이 책갈피가 바닥으로 후르르 흩어졌어요.수아는 파란 리본 조각이 보이지 않아 금방 멈춰 섰어요.그 
saussure1	357	독해(비문학) Day 357	아침 준비를 할 때는 눈으로만 보지 말고 점검표를 펼쳐요.점검표에는 오늘 쓸 공책과 연필, 지우개가 적혀 있어요.가방에 넣을 때는 넣었다고 넘기지 않고 손으로 한 번 더 만져요.손끝으로 확인하면 빠진 물건을 더 빨리
saussure1	358	독해(문학) Day 358	유진은 교실 바닥에 앉아 블록 버스를 정리하고 있었어요.그때 서윤이 돌아서다가 블록 상자를 살짝 건드렸어요.상자에 담겨 있던 작은 바퀴 조각이 다른 블록 사이로 굴러갔어요.유진은 마지막으로 끼울 파란 바퀴가 안 보여
saussure1	359	독해(비문학) Day 359	분리배출을 할 때는 먼저 안에 남은 것을 비웠는지 살펴야 해요.겉이 깨끗해 보여도 바닥에 국물이나 가루가 남아 있을 수 있어요.남은 것이 있으면 다른 것까지 더럽혀 함께 버려질 수 있어요.그래서 버리기 전에는 통을 
saussure1	360	독해(문학) Day 360	지우는 게시판 옆에서 그림 카드를 정리하고 있었어요.그때 민호가 돌아서다가 카드 바구니를 살짝 건드렸어요.바구니 안 카드가 바닥으로 미끄러지며 여기저기 흩어졌어요.지우는 마지막에 붙일 별 카드 한 장이 안 보여서 멈
saussure1	361	독해(비문학) Day 361	비 오는 날 교실에 들어오면 우산 끝에서 물방울이 떨어질 수 있어요.젖은 우산을 그대로 바닥에 두면 지나가는 발이 미끄러질 수 있어요.그래서 먼저 우산을 접고 물기를 아래로 모아 한곳에 세워 두어요.긴 끈이 달린 우
saussure1	362	독해(문학) Day 362	나래는 창가 게시판 앞에서 그림 끈을 정리하고 있었어요.그때 준호가 돌아서다가 끈 상자를 살짝 건드렸어요.상자 속 종이 끈들이 바닥으로 미끄러지며 여기저기 흩어졌어요.나래는 마지막에 묶을 노란 끈 조각이 안 보여서 
saussure1	363	독해(비문학) Day 363	민지는 창가 선반에 놓인 화분에 물을 줄 차례가 되었어요.하지만 물뿌리개를 가득 채우면 옮기는 길에 물이 흔들려 넘칠 수 있어요.그래서 먼저 절반쯤만 담고 두 손으로 손잡이와 몸통을 함께 잡아요.화분 가까이 가기 전
saussure1	364	독해(문학) Day 364	소연은 복도 전시판 앞에서 봄 하늘 그림을 마무리하고 있었어요.민호가 색종이 상자를 옮기다 팔꿈치로 판 옆을 살짝 건드렸어요.그 바람에 구름 끝에 붙이려던 작은 하늘색 조각이 바닥으로 떨어졌어요.소연은 마지막 한 칸
saussure1	365	독해(비문학) Day 365	학기 마지막 날에는 서랍을 비우기 전에 오늘 꼭 가져갈 것을 먼저 떠올려요.공책과 알림장은 가방 안쪽에 넣고 빌린 책은 따로 눈에 띄게 두어요.그래야 챙길 것과 돌려줄 것을 한눈에 구분할 수 있어요.서랍 안쪽을 볼 
saussure2	1	독해(비문학) Day 1	학교에서 물건을 잃어버리면 먼저 마지막으로 사용한 곳을 차분히 떠올려요.쉬는 시간에 들고 간 자리, 친구에게 보여 준 순간을 순서대로 생각하면 실마리가 보여요.그다음에는 가방 앞주머니와 책상 서랍, 의자 아래처럼 가
saussure2	2	독해(문학) Day 2	비가 그친 뒤 지호는 운동장 옆 얕은 물길에서 종이배를 띄워 보고 싶었어요.지호는 미술 시간에 남은 파란 종이로 배를 접고, 앞쪽에는 짧은 깃발도 달아 두었어요.처음에는 물살이 약해 배가 천천히 앞으로 나가자 지호는
saussure2	3	독해(비문학) Day 3	운동장에 서서 같은 나무를 봐도 하루 동안 그림자 길이는 계속 달라져요.그 까닭은 해가 하늘에서 보이는 자리가 조금씩 달라지기 때문이에요.아침에는 해가 낮은 쪽에 있어서 햇빛이 비스듬히 들어오고, 물체 옆으로 긴 그
saussure2	4	독해(문학) Day 4	과학 시간 뒤 민서는 하늘 관찰판에 해와 구름 조각을 붙이며 마무리하고 있었어요.지원이는 노란 해 조각이 담긴 봉투를 들고 오다가 책상 모서리에 살짝 부딪혔어요.그 순간 가장 위에 있던 작은 해살 조각 하나가 바닥으
saussure2	5	독해(비문학) Day 5	학교 도서관에서 책을 빌릴 때는 먼저 읽고 싶은 주제와 책 이름을 떠올리면 찾기 쉬워요.책등의 번호와 안내 표지를 보고 알맞은 책장 칸으로 가면 같은 종류의 책을 빨리 찾을 수 있어요.책을 꺼낸 뒤에는 제목과 지은이
saussure2	6	독해(문학) Day 6	비가 오기 시작하자 수아와 지호는 도서관에서 빌린 책을 품에 안고 현관 쪽으로 서둘렀어요.그때 수아가 책 사이에 끼워 둔 파란 책갈피 하나가 바람을 타고 복도 끝으로 미끄러져 갔어요.수아는 책을 떨어뜨릴까 봐 한 손
saussure2	7	독해(비문학) Day 7	학교 앞길을 건널 때는 먼저 횡단보도 앞에서 발을 멈추고 주변을 살펴야 해요.신호가 바뀌어도 바로 뛰어들지 말고 왼쪽과 오른쪽을 차례로 본 뒤 다시 왼쪽을 확인해요.차가 멀리 있는 것처럼 보여도 빠르게 다가올 수 있
saussure2	8	독해(문학) Day 8	비가 그친 뒤 교실 창가에는 소연과 지후가 만든 무지개 게시판이 말라 가고 있었어요.소연이는 파란 띠를 한 줄 더 붙이려다가 맨 아래에 있던 작은 조각 하나가 사라진 것을 발견했어요.지후는 아까 물기를 닦으려고 창문
saussure2	9	독해(비문학) Day 9	미술 시간에 공용 풀과 가위를 쓰고 나면 먼저 내 자리와 옆자리를 함께 살펴야 해요.도구를 쓰는 동안 뚜껑이나 작은 종이 조각이 책 밑으로 굴러 들어갈 수 있기 때문이에요.내가 꺼낸 물건인지 빌린 물건인지 헷갈리면 
saussure2	10	독해(문학) Day 10	체육 수업이 끝난 뒤 지안은 운동장 끝 벤치에 앉아 파란 수첩을 가방에 넣고 있었어요.그때 민호가 빌려 갔던 연필을 돌려주려고 다가오다가 벤치 아래에 있던 작은 이름표 조각 하나를 발견했어요.지안은 그 조각이 아침에
saussure2	11	독해(비문학) Day 11	공원에서 돗자리를 걷기 전에 민호네 모둠은 먼저 가져온 물건을 한곳에 모아 보기로 했다.물병, 간식 통, 손수건처럼 다시 가져가야 할 것은 돗자리 가장자리부터 차례로 세었다.바람에 굴러간 종이컵이나 과자 봉지는 모둠
saussure2	12	독해(문학) Day 12	수업이 끝난 뒤 지우와 서현은 운동장 벤치에 앉아 미술 시간에 쓴 파란 손수건을 접고 있었다.그때 서현이 손수건을 가방에 넣으려다가 묶인 이름표 한쪽이 바람에 들려 툭 떨어졌다.지우는 이름표 조각이 벤치 밑으로 바로
saussure2	13	독해(비문학) Day 13	미술 시간이 끝나자 2학년 1반은 공용 색종이 상자를 정리하기로 했다.먼저 아이들은 큰 조각과 잘게 남은 조각을 나누어 책상 가운데에 모았다.한 장을 다 쓰지 않은 색종이는 다시 쓸 수 있으므로 구겨지지 않게 펴서 
saussure2	14	독해(문학) Day 14	소풍 준비를 마친 뒤 지안과 서우는 교실 뒤 전시판에 붙일 파란 새 그림을 살펴보고 있었다.그때 서우가 그림을 들다가 새 꼬리 한쪽이 살짝 들리며 바닥으로 떨어졌다.지안은 조각이 책상 다리 쪽으로 미끄러졌을지, 바람
saussure2	15	독해(비문학) Day 15	과학 시간 뒤에 2학년 2반은 창가 화분에 물을 주고 자리를 정리했다.먼저 물뿌리개와 관찰 공책, 작은 받침대를 창가 앞에 모아 놓고 무엇부터 볼지 정했다.지호는 잎이 마른 곳과 젖은 곳을 나누어 보며 같은 물을 한
saussure2	16	독해(문학) Day 16	서윤은 교실 뒤 전시판 앞에서 연 꼬리 한쪽을 들고 그림을 맞춰 보고 있었다.그때 민지가 지나가다 바람이 들어오며 꼬리 끝 조각 하나가 바닥으로 미끄러지는 것을 함께 보았다.서윤은 조각이 멀리 가지 않았을 거라 생각
saussure2	17	독해(비문학) Day 17	아침마다 2학년 2반에서는 준비표로 가방 안을 한 번 더 살핀다.먼저 준비표를 책상 위에 펴 두고 오늘 쓸 공책, 필통, 숙제 봉투를 차례대로 짚어 본다.가방 안이 어지러우면 물건이 있어도 못 본 척 지나치기 쉬워서
saussure2	18	독해(문학) Day 18	소라는 도서관 창가 자리에서 읽던 책 사이에 파란 책갈피를 끼워 두고 정리판을 보고 있었다.그때 옆자리의 민재가 일어나며 의자가 살짝 밀렸고, 책갈피 끝 조각 하나가 바닥으로 스르르 떨어졌다.소라는 조각이 멀리 가지
saussure2	19	독해(비문학) Day 19	2학년 1반에서는 긴 활동이 있는 날이면 준비표를 먼저 펼쳐 놓고 필요한 물건을 하나씩 살핀다. 민수는 준비표를 보며 색연필, 풀, 사인펜이 모두 가방 앞주머니에 있는지 차례로 확인한다. 가방 속이 복잡하면 바로 손
saussure2	20	독해(문학) Day 20	수아는 운동장 가장자리 벤치에 앉아 체육 시간에 쓸 파란 손수건을 접고 있었다. 그런데 바람이 갑자기 세게 불더니 손수건 한쪽 끝에 붙어 있던 작은 종이 이름표가 휙 떨어졌다. 수아는 이름표가 멀리 날아가지 않았을 
saussure2	21	독해(비문학) Day 21	2학년 1반에서는 이동 수업이 있는 날이면 줄서기 표식을 먼저 보고 자기 자리를 확인한다. 민아는 표식을 보며 맨 앞과 맨 뒤를 구분하고, 자기 번호가 적힌 칸에 조용히 선다. 자리가 헷갈리면 앞사람 어깨를 넘겨 보
saussure2	22	독해(문학) Day 22	유진은 운동장 가장자리 벤치에 앉아 체육 시간에 쓸 초록 응원수건을 접고 있었다. 그런데 바람이 갑자기 세게 불더니 수건 끝에 붙어 있던 작은 종이 이름표가 휙 떨어졌다. 유진은 조각이 멀리 가지 않았을 거라고 생각
saussure2	23	독해(비문학) Day 23	학교 앞 작은 공원은 쉬는 시간이 끝난 뒤에도 동네 사람들이 함께 쓰는 곳이다. 그래서 공원에 들어가면 먼저 걷는 속도를 늦추고, 벤치와 화단 가까이에서는 목소리도 조금 낮춘다. 큰 소리로 떠들면 쉬고 있는 사람이나
saussure2	24	독해(문학) Day 24	수업이 끝난 뒤 하린은 복도 끝 전시판 앞에서 과학 발표 카드들을 정리하고 있었다. 그런데 마지막 카드를 꺼내는 순간, 카드 아래에 붙어 있던 작은 파란 제목표 조각이 바닥으로 미끄러져 떨어졌다. 하린은 곧바로 허리
saussure2	25	독해(비문학) Day 25	우리 반은 쉬는 시간 뒤에 함께 하던 보드게임을 꼭 차례대로 정리합니다. 먼저 상자 겉면의 그림 목록을 보고 말판, 카드, 말, 주사위가 빠짐없이 있는지 차례로 셉니다. 조각이 섞였을 때는 급하게 손부터 넣지 말고 
saussure2	26	독해(문학) Day 26	수업이 끝난 뒤 민지는 복도 끝 전시판 앞에서 과학 그림 카드를 한 장씩 정리하고 있었습니다. 그런데 마지막 카드를 들자 카드 옆에 붙어 있던 노란 테두리표 조각 하나가 갑자기 바닥으로 미끄러져 떨어졌습니다. 민지는
saussure2	27	독해(비문학) Day 27	우리 반은 과학 시간에 식물 관찰표를 쓸 때 차례를 먼저 정해 둡니다. 먼저 화분 이름표와 날짜 칸을 보고 오늘 살필 화분을 틀리지 않게 고릅니다. 그런 다음 줄기 높이, 잎 수, 흙의 마름 정도처럼 서로 다른 항목
saussure2	28	독해(문학) Day 28	미술 전시를 끝내고 교실에 남은 하람은 창가 게시판 앞에서 제목표 줄을 바로 세우고 있었습니다. 그런데 마지막 줄을 맞추려는 순간, 노란 테두리 조각 하나가 바람을 타고 발끝 쪽 타일 사이로 미끄러졌습니다. 하람은 
saussure2	29	독해(비문학) Day 29	우리 반은 아침에 준비물을 챙길 때 그림 확인표를 먼저 꺼내 봅니다. 확인표에는 책, 공책, 필통, 숙제 봉투처럼 꼭 필요한 것이 차례대로 적혀 있어서 무엇부터 넣어야 할지 바로 알 수 있습니다. 먼저 큰 책과 공책
saussure2	30	독해(문학) Day 30	서윤은 운동장 옆 복도에서 편지 상자 꾸미기에 쓸 파란 봉투를 두 손에 모아 들고 있었습니다. 집에 가기 전에 봉투 수를 다시 세어 보려던 순간, 맨 위에 있던 작은 이름표 조각 하나가 바람을 타고 발밑으로 미끄러졌
saussure2	31	독해(비문학) Day 31	체육 시간이 있는 날에는 체육관으로 가기 전에 준비표를 한 번 먼저 확인합니다. 준비표에는 운동화 주머니, 물병, 땀수건, 기록 카드처럼 꼭 필요한 것이 순서대로 적혀 있어 빠뜨린 물건을 바로 알아차릴 수 있습니다.
saussure2	32	독해(문학) Day 32	민지는 복도 창가에서 전시판에 붙일 파란 테두리 종이를 두 손으로 받치고 있었습니다. 집에 가기 전에 제목 줄을 한 번 더 눌러 보려던 순간, 맨 끝에 있던 작은 테두리 조각 하나가 바람에 밀려 바닥으로 미끄러졌습니
saussure2	33	독해(비문학) Day 33	체험학습이 있는 날에는 교실을 나서기 전에 준비표를 먼저 펴 봅니다. 준비표에는 모자, 물병, 필통, 이름표처럼 꼭 챙겨야 할 것이 차례대로 적혀 있습니다. 먼저 큰 물건을 가방 바깥칸에 넣고, 자주 꺼낼 것은 손에
saussure2	34	독해(문학) Day 34	수아는 복도 창가에서 전시판에 붙일 파란 제목표를 두 손으로 받치고 있었습니다. 집에 가기 전에 테두리를 한 번 더 눌러 보려던 순간, 맨 끝에 붙어 있던 작은 조각 하나가 바람에 밀려 바닥으로 미끄러졌습니다. 수아
saussure2	35	독해(비문학) Day 35	공원에 가면 먼저 우리가 함께 쓰는 자리가 어떤 곳인지 둘러봅니다. 벤치, 놀이터, 산책길은 여러 사람이 차례로 쓰는 곳이라 내 물건을 넓게 펼쳐 두면 다른 사람이 지나가기 어렵습니다. 그래서 돗자리나 가방은 길에서
saussure2	36	독해(문학) Day 36	하린은 복도 창가에서 전시판에 붙일 초록 표지 조각을 두 손으로 누르고 있었습니다. 집에 가기 전에 가장자리만 한 번 더 눌러 보려던 순간, 맨 아래에 붙어 있던 작은 조각 하나가 바람에 밀려 바닥 쪽으로 미끄러졌습
saussure2	37	독해(비문학) Day 37	과학 관찰 시간이 있는 날에는 교실을 나서기 전에 관찰표를 먼저 펼쳐 봅니다. 관찰표에는 돋보기, 연필, 관찰 공책, 식물 이름표처럼 꼭 챙겨야 할 것이 차례대로 적혀 있습니다. 먼저 자주 쓰는 연필과 돋보기를 앞주
saussure2	38	독해(문학) Day 38	가은은 복도 창가에서 전시판에 붙일 파란 강 조각을 두 손으로 받치고 있었습니다. 집에 가기 전에 가장자리만 한 번 더 눌러 보려던 순간, 맨 아래에 붙어 있던 작은 조각 하나가 바람에 밀려 바닥 쪽으로 미끄러졌습니
saussure2	39	독해(비문학) Day 39	급식 도우미를 맡은 날에는 배식대에 서기 전에 준비표를 먼저 봅니다. 준비표에는 모자 쓰기, 손 씻기, 앞치마 묶기, 국자 놓기처럼 바로 해야 할 일이 순서대로 적혀 있습니다. 먼저 손을 깨끗이 씻고 모자와 앞치마를
saussure2	40	독해(문학) Day 40	하린은 복도 끝 전시판에서 봄 마을 그림의 하늘색 지붕 조각을 두 손으로 누르고 있었습니다. 집에 가기 전에 모서리만 한 번 더 눌러 보려던 순간, 아래쪽에 붙어 있던 작은 조각 하나가 바람에 밀려 바닥 쪽으로 미끄
saussure2	41	독해(비문학) Day 41	관찰 활동을 맡은 날에는 창가에 가기 전에 준비판을 먼저 봅니다. 준비판에는 돋보기 챙기기, 연필 세우기, 기록지 펴기, 자리에 줄 서기처럼 바로 해야 할 일이 순서대로 적혀 있습니다. 먼저 돋보기와 연필을 손에 쥐
saussure2	42	독해(문학) Day 42	서아는 복도 창가 전시판에서 무지개 그림의 파란 빗줄기 조각을 두 손으로 누르고 있었습니다. 집에 가기 전에 모서리만 한 번 더 눌러 보려던 순간, 아래쪽 종이 한 칸이 살짝 들리며 조각 하나가 발끝 앞으로 미끄러졌
saussure2	43	독해(비문학) Day 43	체험학습 날에는 버스에 오르기 전에 이름표와 물병, 모둠 번호를 차례로 확인합니다. 준비판에는 이름표 가슴에 달기, 물병 뚜껑 잠그기, 모둠 줄에 서기, 손을 비우기처럼 바로 해야 할 일이 적혀 있습니다. 먼저 이름
saussure2	44	독해(문학) Day 44	민서는 복도 전시판에서 여름 바다 그림의 하얀 돛 조각을 두 손으로 누르고 있었습니다. 집에 가기 전에 모서리만 한 번 더 살피려던 순간, 바람이 스치며 돛 끝의 작은 조각 하나가 발끝 옆으로 미끄러졌습니다. 민서는
saussure2	45	독해(비문학) Day 45	모둠 실험을 하는 날에는 과학실 문 앞에서 준비 상자를 먼저 열어 봅니다. 상자 안에는 기록판 연필 작은 자 관찰표처럼 바로 써야 할 것이 순서대로 들어 있습니다. 먼저 관찰표 이름칸을 펴 두고 연필 끝이 닳지 않았
saussure2	46	독해(문학) Day 46	하린은 복도 전시판에서 바람개비 그림의 파란 날개 조각을 손바닥으로 살짝 누르고 있었습니다. 수업이 끝나기 전에 모서리만 한 번 더 살피려던 순간, 조각 끝이 들리며 작은 파란 조각 하나가 발앞으로 또르르 굴렀습니다
saussure2	47	독해(비문학) Day 47	공원에서 함께 쓰는 자리는 들어가기 전에 먼저 살펴야 합니다. 벤치나 돗자리 가까이 가면 다른 사람이 쉬고 있는지, 통로가 막히지 않는지부터 봅니다. 자리가 비어 보여도 가방이나 물병이 놓여 있으면 누가 잠깐 자리를
saussure2	48	독해(문학) Day 48	다은은 복도 전시판에서 하늘 그림의 파란 구름 조각을 손끝으로 살짝 누르고 있었습니다. 집에 가기 전에 모서리만 한 번 더 살피려던 순간, 구름 끝의 작은 조각 하나가 바닥 쪽으로 미끄러졌습니다. 다은은 얼른 집으려
saussure2	49	독해(비문학) Day 49	교실에서 공용 태블릿을 쓸 때는 켜기 전에 먼저 모둠 번호와 기기 번호가 맞는지 확인합니다. 번호가 다르면 저장한 자료가 섞이거나 충전 자리를 찾을 때 헷갈릴 수 있기 때문입니다. 화면이 켜지지 않으면 버튼을 여러 
saussure2	50	독해(문학) Day 50	도윤은 과학 전시판 앞에서 토성 그림 둘레의 은색 고리 조각을 손바닥으로 살짝 받치고 있었습니다. 집에 가기 전에 끝선만 한 번 더 보려던 순간, 고리 한쪽의 좁은 조각이 전시판 밑으로 미끄러져 내려갔습니다. 도윤은
saussure2	51	독해(비문학) Day 51	과학 시간에 모둠 관찰 상자를 꺼낼 때는 먼저 이름표와 모둠 번호가 맞는지 확인합니다.겉모양이 비슷해 보여도 번호가 다르면 준비한 재료가 섞여 다른 모둠이 곤란해질 수 있습니다.뚜껑이 바로 열리지 않으면 세게 잡아당
saussure2	52	독해(문학) Day 52	하람은 복도 전시판에서 파란 리본 끝을 손끝으로 살짝 누르고 있었습니다.집에 가기 전에 테두리를 한 번 더 살피던 순간, 리본 아래쪽의 작은 조각 하나가 바닥 쪽으로 미끄러졌습니다.하람은 바로 집으려다 더 멀리 갈까
saussure2	53	독해(비문학) Day 53	행사 준비 시간에 모둠 안내판 바구니를 꺼낼 때는 먼저 바구니 앞면의 모둠 이름과 안쪽 목록표가 같은지 확인합니다.바구니 겉면만 보고 들고 가면 다른 모둠의 끈과 이름표가 섞여 일이 늦어질 수 있습니다.책상 위가 좁
saussure2	54	독해(문학) Day 54	윤서는 복도 전시판에 붙인 푸른 바다 그림을 올려다보다가 구름 모양 제목표 한쪽이 들린 것을 보았습니다.집에 가기 전에 마지막으로 테두리를 누르던 참이라 작은 종이 조각 하나가 바닥 가까이 미끄러져 내려가는 것도 함
saussure2	55	독해(비문학) Day 55	교실에서 준비물을 자주 빠뜨린다면 수업 전에 메모판을 먼저 보는 습관이 도움이 됩니다.메모판에는 오늘 꼭 챙길 책, 공책, 필통처럼 잊기 쉬운 물건을 짧게 적어 둡니다.한꺼번에 여러 줄을 훑기보다 맨 위부터 한 줄씩
saussure2	56	독해(문학) Day 56	예지는 복도 전시판에 붙인 봄길 그림을 보다가 파란 길 조각 하나가 아래로 들린 것을 발견했습니다.집에 가기 전에 제목표를 눌러 보던 참이라 조각 끝이 살짝 흔들리는 모습도 또렷이 눈에 들어왔습니다.예지는 바로 떼어
saussure2	57	독해(비문학) Day 57	복도에서 줄을 설 때는 앞사람과 너무 붙지 말고 한 걸음쯤 간격을 두는 편이 좋습니다.앞사람의 가방이 흔들릴 만큼 가까이 서면 줄이 갑자기 멈출 때 서로 부딪치기 쉽기 때문입니다.그래서 바닥 표식을 보면 자리를 더 
saussure2	58	독해(문학) Day 58	서윤은 운동장 가장자리에서 연날리기 그림을 정리하다가 파란 구름 조각 하나가 바람에 날려 간 것을 보았습니다.집에 가기 전에 제목표를 다시 누르던 참이라 조각이 펄럭이며 화단 쪽으로 미끄러지는 모습이 또렷하게 눈에 
saussure2	59	독해(비문학) Day 59	과학 시간에 돋보기와 자석 막대를 여러 모둠이 함께 쓴다면, 시작 전에 도구 상자부터 차례로 펼쳐 보는 습관이 필요합니다.상자 이름표와 안쪽 칸 수를 먼저 보면, 들어 있어야 할 물건이 무엇인지 금방 떠올릴 수 있습
saussure2	60	독해(문학) Day 60	지우는 미술 전시판 앞에서 초록 지도 조각 하나가 모서리에서 들려 있는 것을 먼저 알아차렸습니다.수업이 끝나기 전에 제목표를 반듯하게 누르던 참이라 조각 끝이 바람에 살짝 떨리는 모습도 또렷하게 보였습니다.지우는 바
saussure2	61	독해(비문학) Day 61	간식이 끝난 뒤 교실 분류 상자에 빈 용기와 종이를 넣을 때는 먼저 안에 남은 것을 비웠는지 살피는 편이 좋습니다.겉모양만 보고 바로 넣으면 먹다 남은 가루나 젖은 휴지가 함께 들어가 다른 물건까지 더러워질 수 있습
saussure2	62	독해(문학) Day 62	다은은 복도 전시판 앞에서 파란 지도 조각 하나가 모서리에서 들려 있는 것을 먼저 알아차렸습니다.청소가 끝나기 전에 제목표를 반듯하게 눌러 보던 참이라 조각 끝이 바람에 살짝 떨리는 모습도 또렷하게 눈에 들어왔습니다
saussure2	63	독해(비문학) Day 63	학교에서 집으로 돌아온 뒤 숙제를 시작하려면 먼저 메모판에 적어 둔 할 일을 차례대로 읽는 습관이 필요합니다.메모판을 보기 전에 연필과 공책을 한쪽에 모아 두면 필요한 것이 빠졌는지 더 빨리 알 수 있습니다.해야 할
saussure2	64	독해(문학) Day 64	서연은 복도 전시판 앞에서 파란 이름표 조각 하나가 아래쪽 모서리에서 살짝 들린 것을 먼저 보았습니다.청소를 마치고 그림 가장자리를 눌러 보던 참이라 조각 끝이 흔들리는 모양이 더 또렷하게 눈에 들어왔습니다.서연은 
saussure2	65	독해(비문학) Day 65	학교에서 집에 온 뒤 다음 날 과학 수업 준비를 하려면 먼저 준비표를 펼쳐 적힌 물건을 순서대로 읽어야 합니다.준비표를 보기 전에 책상 위를 비우고 필통과 가방을 가까이 놓으면 필요한 물건이 빠졌는지 훨씬 빨리 살필
saussure2	66	독해(문학) Day 66	하린은 도서관 창가 자리에서 읽던 책을 덮다가 파란 책갈피 끝이 책상 아래로 미끄러져 떨어지는 것을 보았습니다.비가 오기 전에 빌린 책이라 종이가 젖을까 걱정되어 바로 손을 뻗고 싶었지만, 어디로 굴러갔는지 먼저 눈
saussure2	67	독해(비문학) Day 67	과학 시간에 모둠 실험을 준비하려면 먼저 실험표를 펼쳐 필요한 도구 이름을 위에서부터 차례대로 읽어야 합니다.실험표를 보기 전에 책상 한쪽을 비우고 관찰 공책과 연필을 가까이 놓으면 준비가 어디까지 되었는지 훨씬 빨
saussure2	68	독해(문학) Day 68	가은은 교실 창가 전시판 앞에서 파란 바람개비 날개 조각 하나가 아래쪽에서 들린 것을 먼저 보았습니다.청소를 마치고 전시판 가장자리를 누르던 참이라 조각 끝이 흔들리는 모양이 더 또렷하게 눈에 들어왔습니다.가은은 바
saussure2	69	독해(비문학) Day 69	모둠 발표를 준비할 때는 먼저 발표 바구니를 가운데에 놓고 준비표를 펼쳐 도구 이름을 위에서부터 차례로 읽어야 합니다.색펜, 이름표 카드, 집게처럼 쓰임이 다른 것은 순서대로 꺼내 왼쪽과 오른쪽에 나누어 두면 빠진 
saussure2	70	독해(문학) Day 70	지아는 복도 전시판 앞에서 파란 고래 꼬리 조각 한쪽이 아래로 들린 것을 먼저 보았습니다.청소를 마치고 전시판 가장자리를 손바닥으로 눌러 보던 참이라 반짝이는 종이 끝이 더 또렷하게 눈에 들어왔습니다.지아는 바로 떼
saussure2	71	독해(비문학) Day 71	주말에 공원에서 돗자리를 펴기 전에는 먼저 안내판을 보고 앉아도 되는 곳인지 살펴야 합니다.잔디가 젖었거나 다른 가족의 자리가 가까우면 조금 더 걷더라도 빈 곳을 다시 찾는 편이 서로 덜 불편합니다.자리를 정한 뒤에
saussure2	72	독해(문학) Day 72	정우는 복도 전시판 앞에서 파란 우산 손잡이 조각 하나가 아래로 비뚤어진 것을 먼저 보았습니다.비 오는 날 그림을 살피며 지나가던 참이라 젖은 발자국 옆에 작은 종이 끝이 반짝이는 모양도 함께 눈에 들어왔습니다.정우
saussure2	73	독해(비문학) Day 73	주말 체험 수업에서 모둠 화분을 운동장 쪽 관찰대까지 옮길 때는 먼저 이동 길에 물웅덩이나 가방이 없는지 살펴야 합니다.길이 좁거나 미끄러운 곳이 보이면 화분을 든 채 지나가기보다 잠시 내려놓고 돌아가는 길을 다시 
saussure2	74	독해(문학) Day 74	민서는 복도 전시판 아래에서 파란 기차 창문 조각 하나가 바닥에 비스듬히 기대어 있는 것을 먼저 보았습니다.아침에 붙여 둔 그림이라 다른 조각까지 흔들렸을까 봐 민서는 바닥만 줍기보다 전시판 가장자리와 제목표 선을 
saussure2	75	독해(비문학) Day 75	모둠 발표를 다른 교실에서 할 날에는 먼저 준비표를 펴고 큰 자료부터 빠짐없이 세어 보아야 합니다.그다음에는 제목 카드와 설명 쪽지처럼 작고 가벼운 것을 큰 판 사이에 끼워 두면 이동할 때 흩어질 일을 줄일 수 있습
saussure2	76	독해(문학) Day 76	지우는 도서관 창가 자리에서 읽던 책을 덮다가 파란 책갈피가 바닥 쪽으로 미끄러져 내려간 것을 보았습니다.책갈피가 얇아 금방 사라질까 봐 지우는 자리만 뒤지지 않고 창틀 아래와 의자 다리 옆, 읽던 책 사이를 차례로
saussure2	77	독해(비문학) Day 77	운동장 활동이 끝나면 공 바구니를 창고로 옮기기 전에 먼저 바닥에 남은 공이 몇 개인지 큰 공부터 세어 보아야 합니다.고깔이나 줄표지가 섞여 있으면 공만 먼저 넣지 말고 다른 도구를 한쪽에 모아 두어야 다시 찾는 일
saussure2	78	독해(문학) Day 78	가은은 복도 전시판 앞에서 초록 행성 띠 조각 하나가 바닥 가까운 틈에 비스듬히 걸린 것을 먼저 보았습니다.아침에 붙인 그림이라 다른 조각도 느슨해졌을까 봐 가은은 떨어진 것만 들기보다 제목표 아래와 판 가장자리, 
saussure2	79	독해(비문학) Day 79	실험 활동이 끝나면 돋보기와 자석을 바로 상자에 넣기보다 먼저 실험대에 남은 물건을 큰 것부터 차례로 모아 보아야 합니다.기록판 사이에 종이 쪽지나 연필이 끼어 있으면 작은 물건을 한쪽 쟁반에 모아 두어야 다시 찾는
saussure2	80	독해(문학) Day 80	민서는 복도 전시판 앞에서 파란 강물 조각 하나가 제목표 아래 틈에 비스듬히 걸린 것을 먼저 보았습니다.아침에 붙인 전시라 다른 조각도 들떴을까 봐 민서는 떨어진 것만 들기보다 판 가장자리와 다리 옆, 바닥 가까운 
saussure2	81	독해(비문학) Day 81	복도로 이동하는 시간이 되면 줄 앞과 줄 끝을 정하고, 사이 간격을 얼마나 띄울지 확인해야 합니다.공책이나 색연필이 떨어질 것 같으면 가방에 넣거나 책상 위에 두어야 이동 중에 뒤를 돌아보는 일이 줄어듭니다.맨 앞에
saussure2	82	독해(문학) Day 82	지유는 도서관 안내판 앞에서 파란 책띠 조각 하나가 제목표 아래 모서리에 비스듬히 걸린 것을 먼저 보았습니다.아침에 붙인 안내판이라 다른 조각도 느슨해졌을까 봐 지유는 떨어진 것만 집지 않고 판 가장자리와 선반 옆,
saussure2	83	독해(비문학) Day 83	모둠 준비 바구니를 옮길 때는 먼저 준비표를 보며 안에 들어 있어야 할 물건을 한 줄씩 확인합니다.가위나 풀처럼 쓰고 바로 다시 넣어야 하는 물건은 꺼낸 자리와 넣을 자리를 함께 정해 두면 중간에 다른 곳으로 새지 
saussure2	84	독해(문학) Day 84	소라는 복도 끝 전시판 앞에서 파란 연 깃발 조각이 아래로 비뚤어져 떨어진 것을 보았습니다.아침에 붙였던 자리라 종이가 구겨질까 봐 소라는 곧바로 손을 뻗지 않고 조각이 떨어진 자리와 바닥 가까운 틈을 먼저 눈으로 
saussure2	85	독해(비문학) Day 85	모둠 화분에 물을 줄 때는 먼저 이름표와 관찰표를 보고 오늘 물을 주는 차례인지 확인해야 합니다.물통을 바로 기울이기 전에 흙이 이미 젖어 있는지, 잎이 아래로 눕지 않았는지, 화분 받침이 제자리에 있는지도 함께 봐
saussure2	86	독해(문학) Day 86	민서는 복도 끝 전시판 앞에서 파란 고리 조각이 아래로 살짝 들린 것을 보았습니다.아침에 급히 붙였던 자리라 종이가 더 찢어질까 봐 민서는 바로 누르지 않고 조각 아래 틈과 전시판 옆 모서리를 먼저 눈으로 따라가 보
saussure2	87	독해(비문학) Day 87	학교에서 만들기 발표를 앞두면 바로 상자를 열기보다 준비표를 먼저 펴고 오늘 쓸 재료와 남은 것을 나누어 살펴야 합니다.준비표를 보며 이름표, 가위, 풀, 색종이가 모두 있는지 확인하면 다시 자리에서 일어나는 일을 
saussure2	88	독해(문학) Day 88	수아는 과학 전시판 앞에서 파란 행성 고리 조각 하나가 설명 카드 아래 틈에 비스듬히 걸린 것을 먼저 보았습니다.막 쉬는 시간이 끝나 누군가 스치며 더 밀렸을까 걱정되었지만 수아는 바로 누르지 않고 판 가장자리와 받
saussure2	89	독해(비문학) Day 89	체험학습을 나가는 날에는 가방을 닫기 전에 준비판부터 펼쳐 보는 편이 훨씬 안전합니다. 준비판에는 물통, 모자, 손수건처럼 먼저 넣을 것과 마지막에 넣을 것이 나뉘어 적혀 있습니다. 이 순서를 따르지 않으면 이미 넣
saussure2	90	독해(문학) Day 90	지우는 복도 전시판 앞에서 파란 고래 꼬리 조각이 한쪽으로 들린 것을 먼저 발견했습니다. 곧 종이 끝이 더 찢어질까 봐 마음이 급해졌지만, 지우는 손을 멈추고 떨어진 자리를 눈으로 따라 보았습니다. 옆에 있던 서아는
saussure2	91	독해(비문학) Day 91	구름과 안개는 둘 다 공기 속 수증기가 작은 물방울로 바뀌어 생깁니다. 그래서 멀리서 보면 둘 다 하얗게 보여 처음에는 서로 아주 비슷해 보이기도 합니다. 하지만 구름은 하늘 여러 높이에서 생길 수 있고, 안개는 땅
saussure2	92	독해(문학) Day 92	유나는 복도 전시판 앞에서 별자리 선을 잇던 파란 끈 조각이 아래로 내려온 것을 먼저 보았습니다. 행사가 곧 시작이라 마음이 급했지만, 유나는 끈을 바로 누르지 않고 어디에서 떨어졌는지 눈으로 먼저 따라갔습니다. 그
saussure2	93	독해(비문학) Day 93	새빛반은 도서관에서 모둠 읽기 시간을 앞두고 같은 주제의 책 세 권을 찾아야 했습니다. 민서는 책장을 바로 돌기보다 먼저 분류표에서 번호와 서가 이름을 적어 두어야 덜 헤맨다고 말했습니다. 그래서 아이들은 제목만 외
saussure2	94	독해(문학) Day 94	지우는 복도 전시판에 붙은 마을 지도 그림을 보다가 파란 다리 조각 한쪽이 들려 있는 것을 발견했습니다. 수업 시작 종이 곧 울릴 것 같아 마음이 급해졌지만, 지우는 조각을 바로 누르지 않고 먼저 어느 선에서 갈라졌
saussure2	95	독해(비문학) Day 95	주말 체험학습을 앞둔 새빛반은 공원에서 모둠 돗자리를 함께 펴야 했습니다. 선생님은 돗자리를 바로 펼치기보다 먼저 바닥에 물기나 돌멩이가 없는지 둘러보라고 했습니다. 그래서 아이들은 자리만 넓은지 보지 않고 그늘 위
saussure2	96	독해(문학) Day 96	수현은 복도 전시판 앞에서 파란 바다 그림의 조개 무늬 조각 한 장이 아래로 비뚤어진 것을 발견했습니다. 청소 종이 곧 울릴 것 같아 마음이 급했지만, 수현은 조각을 바로 누르지 않고 어느 선에서 어긋났는지 먼저 눈
saussure2	97	독해(비문학) Day 97	새별반은 교실 뒤 분류 상자 앞에서 간식 뒤에 남은 것들을 나누어 넣는 연습을 했습니다. 선생님은 먼저 비닐 봉지 안이 비어 있는지 보고, 묻은 국물이나 가루가 없는지도 함께 살피라고 말했습니다. 그래서 아이들은 물
saussure2	98	독해(문학) Day 98	예린은 복도 전시판 앞에서 파란 리본 줄 끝에 달린 작은 별 조각이 반쯤 들린 것을 보았습니다. 청소 종이 곧 울릴 것 같아 마음이 급해졌지만, 예린은 별 조각을 바로 누르지 않고 리본 선이 어디서 끊겨 보이는지부터
saussure2	99	독해(비문학) Day 99	새봄반은 미술 시간 전에 색연필 상자를 모둠 책상 한가운데에 놓고 준비했습니다. 선생님은 상자를 바로 열지 말고, 뚜껑이 흔들리지 않는지와 안쪽에 부러진 조각이 없는지를 함께 살피라고 말했습니다. 그래서 아이들은 색
saussure2	100	독해(문학) Day 100	현수는 복도 전시판 앞에서 파란 집 그림의 작은 창문 조각 한 장이 아래로 밀려 있는 것을 보았습니다. 종이 울리기 전에 마쳐야 할 것 같아 마음이 급해졌지만, 현수는 조각을 바로 누르지 않고 창틀 선이 어디에서 비
saussure2	101	독해(비문학) Day 101	우리 반은 과학 관찰 시간마다 준비판을 보며 도구를 챙깁니다. 준비판에는 돋보기, 작은 자, 기록판, 연필처럼 꼭 필요한 물건뿐 아니라, 각 물건을 넣어 둘 자리까지 함께 적혀 있습니다. 그래서 아이들은 물건 수만 
saussure2	102	독해(문학) Day 102	지우는 복도 전시판 앞에서 파란 기차 그림의 창문 옆 조각이 살짝 들려 있는 것을 보았습니다. 곧 쉬는 종이 울릴 것 같아 손이 먼저 나가려 했지만, 지우는 조각을 바로 누르지 않고 기차 몸통 선이 어디에서 어긋났는
saussure2	103	독해(비문학) Day 103	우리 반은 숙제 준비를 시작하기 전에 메모판을 보며 필요한 물건을 차례로 챙깁니다. 메모판에는 공책, 읽기 책, 색연필처럼 가져갈 것뿐 아니라, 어떤 주머니와 칸에 넣을지도 함께 적혀 있습니다. 그래서 아이들은 물건
saussure2	104	독해(문학) Day 104	예나는 복도 전시판 앞에서 연못 그림의 파란 물결 조각 한 장이 아래로 들린 것을 보았습니다. 쉬는 종이 울리기 전에 끝내야 할 것 같아 손이 먼저 나가려 했지만, 예나는 조각을 바로 누르지 않고 물결 선이 어디에서
saussure2	105	독해(비문학) Day 105	우리 반은 관찰 도구 트레이를 창가 관찰대로 옮기기 전에 기준표를 먼저 봅니다. 기준표에는 돋보기와 자를 챙기라는 말만 적힌 것이 아니라, 어떤 칸에서 꺼내고 어느 자리에 둘지도 함께 적혀 있습니다. 그래서 아이들은
saussure2	106	독해(문학) Day 106	수빈은 복도 전시판 앞에서 파란 화살표 조각 한 장이 안내선에서 살짝 밀린 것을 보았습니다. 쉬는 종이 울리기 전에 끝내야 할 것 같아 손이 먼저 나가려 했지만, 수빈은 조각을 바로 누르지 않고 화살표 끝이 어디에서
saussure2	107	독해(비문학) Day 107	우리 반은 모둠 실험 카드와 기록판을 나누기 전에 먼저 번호표를 봅니다. 번호표에는 어떤 카드가 어느 모둠 상자에서 나오고, 기록판은 누구 앞에 놓여야 하는지도 함께 적혀 있습니다. 그래서 아이들은 손에 든 물건 수
saussure2	108	독해(문학) Day 108	다은은 창가 화분표 앞에서 파란 이름표 조각 한 장이 아래로 조금 내려온 것을 보았습니다. 비가 그친 뒤 창문을 닫으러 가야 해서 손이 먼저 나가려 했지만, 다은은 조각을 바로 누르지 않고 이름표 끝이 어느 선에서 
saussure2	109	독해(비문학) Day 109	우리 반은 체험 준비함에서 조별 돗자리와 관찰봉투를 꺼낼 때 분류표부터 봅니다. 분류표에는 몇 번 바구니에서 무엇을 꺼내야 하는지만 적힌 것이 아니라, 꺼낸 뒤 어느 칸에 빈 표지를 꽂아 두어야 하는지도 적혀 있습니
saussure2	110	독해(문학) Day 110	예나는 복도 전시판 앞에서 파란 연못 조각 한 장이 제목선 아래로 조금 밀린 것을 보았습니다. 청소 종이 울리기 전에 교실로 돌아가야 해서 손이 먼저 나가려 했지만, 예나는 조각을 바로 누르지 않고 연못 가장자리가 
saussure2	111	독해(비문학) Day 111	우리 반은 집중 시간을 시작하기 전에 메모판에 적힌 순서를 먼저 읽습니다. 메모판에는 해야 할 일뿐 아니라 책상 왼쪽에 둘 것과 끝나고 바로 넣을 것까지 함께 적혀 있습니다. 그래서 아이들은 해야 할 일의 수만 세지
saussure2	112	독해(문학) Day 112	다윤은 계단 앞에서 쪽지를 손에 쥔 채 서둘러 집에 가려 하고 있었습니다. 비가 오기 전에 운동장 쪽 게시판에 붙일 약속표를 빨리 전하고 싶었기 때문입니다. 그때 바람이 갑자기 세게 불어 쪽지 한 장이 손끝에서 미끄
saussure2	113	독해(비문학) Day 113	준비표는 모둠 실험을 시작하기 전에 물건만 세는 종이가 아닙니다. 준비표에는 필요한 도구 이름뿐 아니라 어느 통에 넣고 어느 자리에 둘지까지 함께 적습니다. 그래서 아이들은 상자를 열기 전에 먼저 준비표를 보고, 오
saussure2	114	독해(문학) Day 114	지우와 민호는 비가 오기 전에 복도 끝 전시판에 새 표지를 붙이기로 했습니다. 지우가 파란 제목띠를 들고 방향을 맞추려던 순간, 복도 창문 틈으로 바람이 들어와 조각 하나가 바닥 쪽으로 미끄러졌습니다. 지우는 급한 
saussure2	115	독해(비문학) Day 115	과학 관찰을 시작할 때는 도구 수만 세기보다 준비표의 순서를 먼저 읽는 일이 중요합니다.준비표에는 돋보기와 자, 기록판 이름뿐 아니라 무엇을 먼저 놓고 무엇을 나중에 쓰는지도 적혀 있습니다.그래서 아이들은 상자를 열
saussure2	116	독해(문학) Day 116	민지와 서우는 복도 끝 전시판에 붙일 봄 여행 그림을 나란히 들고 서 있었습니다.두 사람은 파란 기차 칸 옆에 작은 창문 조각을 붙이면 그림이 마무리된다고 생각했습니다.그런데 바람이 스치자 창문 조각 하나가 종이 위
saussure2	117	독해(비문학) Day 117	발표 활동을 시작할 때는 자료 수만 세기보다 준비표의 순서를 먼저 읽는 일이 중요합니다.준비표에는 제목 카드와 붙임쪽지, 자 이름뿐 아니라 무엇을 먼저 놓고 무엇을 나중에 붙이는지도 적혀 있습니다.그래서 아이들은 상
saussure2	118	독해(문학) Day 118	하린과 우주는 복도 끝 전시판에 붙일 여름 연못 그림을 나란히 들고 서 있었습니다.두 사람은 파란 연못 옆에 작은 물결 조각을 붙이면 그림이 마무리된다고 생각했습니다.그런데 바람이 스치자 물결 조각 하나가 종이 위에
saussure2	119	독해(비문학) Day 119	모둠 발표를 준비할 때는 자료 수만 세기보다 준비표의 순서를 먼저 읽는 일이 중요합니다.준비표에는 제목 띠와 그림 카드, 고정 자석 이름뿐 아니라 무엇을 먼저 두고 무엇을 나중에 붙이는지도 적혀 있습니다.그래서 아이
saussure2	120	독해(문학) Day 120	다은과 시우는 복도 끝 전시판에 붙일 가을 공원 그림을 나란히 들고 서 있었습니다.두 사람은 파란 연못 옆에 작은 다리 조각을 붙이면 그림이 마무리된다고 생각했습니다.그런데 바람이 스치자 다리 조각 하나가 종이 위에
saussure2	121	독해(비문학) Day 121	모둠 만들기를 시작할 때는 재료 수만 세기보다 준비표의 순서를 먼저 읽는 일이 중요합니다.준비표에는 바탕 종이와 풀, 장식 조각 이름뿐 아니라 무엇을 먼저 놓고 무엇을 나중에 붙이는지도 적혀 있습니다.그래서 아이들은
saussure2	122	독해(문학) Day 122	유진과 현우는 복도 끝 전시판에 붙일 겨울 마을 그림을 나란히 들고 서 있었습니다.두 사람은 파란 지붕 옆에 작은 굴뚝 조각을 붙이면 그림이 마무리된다고 생각했습니다.그런데 바람이 스치자 굴뚝 조각 하나가 종이 위에
saussure2	123	독해(비문학) Day 123	모둠 수학 시간에 선생님은 교구 바구니를 나누기 전에 확인표부터 같이 읽자고 했습니다.확인표에는 막대 수와 색 이름만 아니라 어느 줄에 어떤 묶음을 놓을지도 함께 적혀 있었습니다.아이들은 바구니를 열기 전에 확인표를
saussure2	124	독해(문학) Day 124	민서와 준호는 복도 끝 전시판에 붙일 봄 다리 그림을 나란히 들고 서 있었습니다.두 사람은 파란 난간 조각 하나만 붙이면 그림이 거의 마무리된다고 생각했습니다.그런데 준호가 풀을 들이밀던 순간 난간 조각이 손끝에서 
saussure2	125	독해(비문학) Day 125	교실 한쪽에는 공용 태블릿을 넣는 보관함이 줄마다 놓여 있습니다.아이들은 수업이 시작되기 전에 준비표를 보고 어느 칸에 무엇을 넣어야 하는지 먼저 확인합니다.준비표에는 태블릿 번호뿐 아니라 충전 줄을 감는 자리와 덮
saussure2	126	독해(문학) Day 126	서연과 민호는 복도 끝 전시판에 붙일 봄 마을 그림을 나란히 들고 서 있었습니다.두 사람은 파란 다리 난간 조각 하나만 붙이면 그림이 거의 마무리된다고 생각했습니다.그런데 민호가 종이를 돌리던 순간 조각이 미끄러져 
saussure2	127	독해(비문학) Day 127	공용 태블릿을 보관함에서 꺼낼 때는 준비표를 먼저 보고 시작하는 것이 좋습니다.준비표에는 태블릿 번호만 아니라 어느 칸에서 꺼내고 어느 자리에 두는지도 함께 적혀 있습니다.이 기준을 먼저 읽으면 손보다 눈이 앞서 움
saussure2	128	독해(문학) Day 128	민아와 준서는 복도 끝 전시판 앞에서 봄 마을 그림을 마무리하고 있었습니다.거의 다 끝났다고 여긴 순간 파란 다리 난간 조각 하나가 비어 있는 것이 보였습니다.준서는 새 종이를 오려 붙이자고 했지만 민아는 먼저 밀린
saussure2	129	독해(비문학) Day 129	모둠 실험을 시작하기 전에는 책상 위 물건을 바로 집지 않고 준비판을 먼저 꼼꼼히 봅니다.준비판에는 돋보기, 기록지, 연필처럼 필요한 물건과 놓을 자리가 함께 적혀 있습니다.아이들은 준비판을 보며 무엇을 먼저 꺼내고
saussure2	130	독해(문학) Day 130	서현과 준서는 복도 끝 전시판 앞에 붙일 파란 연못 그림을 들고 서 있었습니다.둘은 연못 옆에 놓일 작은 다리 조각 하나를 붙이면 그림이 끝난다고 생각했습니다.그때 바람이 스치자 다리 조각 하나가 종이판 아래로 미끄
saussure2	131	독해(비문학) Day 131	모둠 미술을 시작하기 전에는 바구니 속 물건을 바로 꺼내기보다 준비판을 먼저 살핍니다.준비판에는 가위와 풀, 색종이, 집게가 어느 칸에 놓일지 순서대로 적혀 있습니다.아이들은 그 표를 보며 무엇을 먼저 꺼내고 무엇을
saussure2	132	독해(문학) Day 132	민지와 도윤은 복도 끝 전시판에 붙일 파란 하늘 그림을 들고 서 있었습니다.구름 옆에 들어갈 작은 연 조각만 붙이면 그림이 거의 완성된다고 둘은 생각했습니다.그때 바람이 스치면서 그 조각 하나가 종이판 아래로 미끄러
saussure2	133	독해(비문학) Day 133	모둠 관찰을 시작하기 전에는 기록판 맨 위 칸에 적힌 순서를 먼저 읽습니다.그 표에는 확대경, 기록지, 연필, 잎 상자를 어디에 둘지 차례대로 나와 있습니다.아이들은 그 순서를 보며 먼저 펼칠 것과 나중에 꺼낼 것을
saussure2	134	독해(문학) Day 134	지우와 하린은 복도 끝 전시판에 붙일 파란 돛 그림을 들고 천천히 걸어갔습니다.돛 끝에 들어갈 작은 끈 조각만 붙이면 배 그림이 거의 완성된다고 둘은 생각했습니다.그런데 전시판 앞에 서는 순간 그 조각 하나가 손끝에
saussure2	135	독해(비문학) Day 135	모둠 화분을 관찰대로 옮기기 전에는 이동판 첫 줄의 순서를 먼저 읽습니다.그 표에는 받침판, 물받이 접시, 장갑, 기록지를 어느 손에 들지까지 적혀 있습니다.아이들은 그 기준을 보며 먼저 놓을 것과 나중에 옮길 것을
saussure2	136	독해(문학) Day 136	하린과 지우는 전시판의 배 그림을 마무리하다가 파란 깃발 조각 하나가 비어 있는 것을 보았습니다.두 아이는 판을 바로 떼지 않고 먼저 빈자리 모양과 주변 풀 자국을 천천히 살폈습니다.하린은 조각이 멀리 가지 않았을 
saussure2	137	독해(비문학) Day 137	민서는 모둠 관찰 상자를 복도로 옮기기 전에 준비판을 먼저 펼치고 책상 위 빈칸부터 확인했습니다.준비판에는 돋보기, 집게, 기록판, 연필이 어느 칸에 놓일지와 꺼내는 차례가 또렷하게 적혀 있었습니다.아이들은 그 표를
saussure2	138	독해(문학) Day 138	하준은 미술실에서 쓰던 파란 지우개를 손에 쥔 채 공책과 함께 복도로 나왔습니다.교실로 돌아가려던 때에 바람이 불어 공책 모서리가 들리면서 지우개가 계단 쪽으로 또르르 굴러갔습니다.하준은 바로 뛰어가려다가 먼저 어디
saussure2	139	독해(비문학) Day 139	유나는 모둠 발표를 준비할 때 메모판을 책상 옆에 세우고 발표 순서를 먼저 읽었습니다.메모판에는 그림판, 설명 카드, 자, 이름표가 어느 칸에 놓일지와 확인할 차례가 함께 적혀 있었습니다.아이들은 이 표를 보며 먼저
saussure2	140	독해(문학) Day 140	나윤은 교실 뒤 전시판 앞에서 파란 고래 꼬리 조각이 바닥으로 떨어진 것을 보고 잠깐 발을 멈추었습니다.준서는 조각이 어디로 밀렸는지 보지 않고 먼저 손을 뻗으면 또 다른 조각까지 흔들릴 수 있다고 조용히 말했습니다
saussure2	141	독해(비문학) Day 141	소라는 독서 상자를 정리하기 전에 정리표를 책상 옆에 세우고 반납 순서를 먼저 읽었습니다.정리표에는 큰 책, 얇은 책, 활동지, 이름 카드가 어느 칸에 놓일지와 다시 볼 차례가 함께 적혀 있었습니다.아이들은 그 표를
saussure2	142	독해(문학) Day 142	다온은 교실 뒤 전시판 앞에서 파란 우산 손잡이 조각이 바닥으로 떨어진 것을 보고 걸음을 멈추었습니다.서아는 조각이 어디로 밀렸는지 보지 않고 먼저 손을 뻗으면 다른 종이까지 흔들릴 수 있다고 조용히 말했습니다.두 
saussure2	143	일일독해(비문학) Day 143	선생님은 모둠 관찰 상자를 운동장 쪽 화단으로 옮기기 전에 준비표를 먼저 보자고 했습니다.준비표에는 돋보기, 기록판, 연필 묶음, 이름표를 어떤 순서로 넣고 어디에 두는지가 적혀 있었습니다.아이들은 물건을 꺼내기 전
saussure2	144	일일독해(문학) Day 144	소연은 복도 게시판 앞에서 파란 강 그림 둘레에 붙일 작은 다리 조각을 손에 쥐고 서 있었습니다.그런데 바람이 복도 끝 창문으로 훅 들어오자 그 조각이 살짝 미끄러져 바닥 아래쪽으로 굴러갔습니다.소연은 발표 시간이 
saussure2	145	일일독해(비문학) Day 145	선생님은 운동장 화단으로 모둠 관찰 바구니를 옮기기 전에 준비표부터 보자고 했습니다.준비표에는 물뿌리개, 기록판, 돋보기, 이름표를 어느 칸에 두고 어떤 순서로 꺼낼지가 적혀 있었습니다.아이들은 바구니를 들기 전에 
saussure2	146	일일독해(문학) Day 146	민서는 복도 전시판 앞에서 파란 표지띠 조각을 들고 가을 책 소개판 가장자리를 맞추고 있었습니다.그런데 창문이 열리며 들어온 바람에 그 조각이 손끝에서 미끄러져 게시판 아래쪽으로 굴러가 버렸습니다.민서는 곧 쉬는 종
saussure2	147	일일독해(비문학) Day 147	선생님은 화단 관찰 사진을 찍으러 나가기 전에 모둠 기록 가방부터 준비표로 다시 확인하자고 했습니다.준비표에는 태블릿, 충전기, 기록판, 이름표를 어느 칸에 넣고 어떤 순서로 꺼낼지가 적혀 있었습니다.아이들은 먼저 
saussure2	148	일일독해(문학) Day 148	다은은 복도 전시판 앞에서 파란 배 조각을 들고 여름 바다 그림의 빈자리를 맞추고 있었습니다.그런데 창문으로 들어온 바람이 조각 끝을 밀자 파란 배 조각이 게시판 아래쪽으로 미끄러져 내려갔습니다.다은은 곧 수업 종이
saussure2	149	일일독해(비문학) Day 149	모둠 신문을 만들기 전에 선생님은 자료 봉투를 펼쳐 놓고 준비표와 하나씩 맞춰 보자고 했습니다.준비표에는 사진 카드, 제목표, 메모지, 풀, 가위를 어느 칸에 넣고 어떤 순서로 꺼낼지가 적혀 있었습니다.아이들은 먼저
saussure2	150	일일독해(문학) Day 150	하린은 복도 전시판 앞에서 축제 깃발에 달 파란 매듭 끈을 묶고 있었습니다.그때 창문으로 들어온 바람이 끈 끝을 스치자 파란 매듭 끈이 게시판 아래로 또르르 굴러갔습니다.하린은 곧 수업 종이 울릴까 봐 먼저 손을 뻗
saussure2	151	일일독해(비문학) Day 151	합주 연습을 하러 음악실로 가기 전에 선생님은 모둠 악기 바구니를 순서표와 함께 다시 보자고 했습니다.순서표에는 리코더, 탬버린, 박자판, 이름표를 어느 칸에 넣고 어떤 차례로 꺼낼지가 적혀 있었습니다.아이들은 먼저
saussure2	152	일일독해(문학) Day 152	유나는 복도 전시판 앞에서 봄 바람개비 그림에 붙일 파란 날개 조각을 들고 있었습니다.그때 옆 창문으로 들어온 바람이 종이를 살짝 들치자 파란 조각 하나가 게시판 아래로 미끄러져 갔습니다.유나는 쉬는 시간이 끝날까 
saussure2	153	일일독해(비문학) Day 153	과학 관찰 시간을 앞두고 민석 모둠은 관찰 상자를 책상 위에 올려 두고 준비판을 따라 하나씩 확인했습니다.준비판에는 돋보기, 관찰 공책, 연필, 색연필, 이름표를 어느 칸에 넣고 무엇을 마지막에 다시 볼지가 적혀 있
saussure2	154	일일독해(문학) Day 154	복도 전시판 앞에서 소라는 파란 다리 그림 아래가 살짝 들린 것을 보고 걸음을 멈췄습니다.어제 붙여 둔 파란 난간 조각이 보이지 않자 소라는 괜히 손부터 뻗지 않고 바닥과 전시판 틈을 먼저 살펴보았습니다.그때 옆에 
saussure2	155	일일독해(비문학) Day 155	만들기 활동을 앞두고 선우 모둠은 안내 상자를 책상 위에 올려 두고 점검표와 한 줄씩 맞춰 보았습니다.점검표에는 색종이 묶음, 풀, 자, 연필, 이름 스티커를 어느 칸에 넣고 무엇을 마지막에 다시 볼지가 적혀 있었습
saussure2	156	일일독해(문학) Day 156	복도 끝 전시판 앞에서 예나는 파란 바람개비 그림의 날개 한쪽이 비어 있는 것을 보고 멈춰 섰습니다.어제 붙여 둔 파란 날개 조각이 보이지 않자 예나는 바로 집어 들지 않고 바닥과 전시판 틈부터 차례로 살펴보았습니다
saussure2	157	일일독해(비문학) Day 157	모둠 미술 시간을 앞두고 은호 모둠은 만들기 상자를 책상 위에 올려 두고 준비표와 한 줄씩 맞춰 보았습니다.준비표에는 색종이, 풀, 자, 사인펜, 이름 스티커를 어느 칸에 넣고 무엇을 마지막에 다시 볼지가 적혀 있었
saussure2	158	일일독해(문학) Day 158	복도 전시판 앞에서 하윤은 파란 비행기 그림의 꼬리 한쪽이 비어 있는 것을 보고 멈춰 섰습니다.어제 붙여 둔 파란 꼬리 조각이 보이지 않자 하윤은 바로 손을 뻗지 않고 바닥과 전시판 틈부터 차례로 살펴보았습니다.그때
saussure2	159	일일독해(비문학) Day 159	독서 발표를 앞두고 서준 모둠은 독서 상자를 책상 가운데 놓고 확인표를 펼쳤습니다.확인표에는 발표 책, 메모판, 책갈피, 질문 카드, 이름표를 어느 칸에 두고 무엇을 마지막에 다시 볼지가 적혀 있었습니다.아이들은 먼
saussure2	160	일일독해(문학) Day 160	복도 전시판 앞에서 다은은 파란 새 그림의 꼬리표 한쪽이 비어 있는 것을 보고 걸음을 멈추었습니다.어제 붙여 둔 파란 꼬리표 조각이 보이지 않자 다은은 바로 손을 뻗지 않고 바닥 모서리와 전시판 틈부터 차례로 살펴보
saussure2	161	일일독해(비문학) Day 161	모둠 관찰 발표를 앞두고 지후 모둠은 기록 상자를 책상 가운데 놓고 점검표를 펼쳤습니다.점검표에는 사진 카드, 관찰 공책, 연필, 이름표, 질문 메모를 어느 칸에 두고 무엇을 마지막에 다시 볼지가 적혀 있었습니다.아
saussure2	162	일일독해(문학) Day 162	복도 전시판 앞에서 소라는 파란 지붕 그림의 한쪽 끝이 비어 있는 것을 보고 걸음을 멈추었습니다.어제 붙여 둔 파란 지붕 조각이 보이지 않자 소라는 바로 손을 뻗지 않고 바닥 모서리와 전시판 틈부터 차례로 살펴보았습
saussure2	163	일일독해(비문학) Day 163	발표 준비를 맡은 수빈 모둠은 자료 바구니를 책상 가운데 두고 점검표를 펼쳤습니다.점검표에는 그림 카드, 발표 막대, 이름표, 메모 종이를 어느 칸에 두고 무엇을 마지막에 다시 볼지가 적혀 있었습니다.아이들은 꺼낼 
saussure2	164	일일독해(문학) Day 164	민서는 복도 끝 전시판 앞에서 걸음을 멈추었습니다.가을 마을 그림의 파란 다리 조각 한쪽이 비어 있는 것이 멀리서도 또렷하게 보였기 때문입니다.민서는 바로 손을 뻗지 않고 바닥 모서리와 전시판 틈을 먼저 차례로 살펴
saussure2	165	일일독해(비문학) Day 165	미술 시간 뒤 공용 자료판을 정리할 때는 먼저 분류표를 차분히 보는 것이 좋습니다.분류표에는 큰 붓, 작은 붓, 물통, 마른 천을 어디에 둘지와 마지막에 다시 볼 곳이 또렷하게 적혀 있습니다.큰 칸과 얇은 주머니를 
saussure2	166	일일독해(문학) Day 166	서아는 복도 끝 전시판 앞에서 발을 멈추었습니다.여름 바다 그림의 파란 등대 창문 조각 하나가 비어 있는 것이 멀리서도 한눈에 보여서입니다.서아는 바로 뛰지 않고 바닥 모서리와 벽 틈 주변을 먼저 차례로 살펴보았습니
saussure2	167	일일독해(비문학) Day 167	모둠이 관찰 화분을 창가 자리로 옮길 때는 먼저 확인표를 보고 필요한 물건을 같은 순서로 챙겨야 합니다.확인표에는 기록판, 연필, 작은 자, 물티슈를 어디에 넣을지와 마지막에 다시 볼 자리가 함께 적혀 있습니다.이 
saussure2	168	일일독해(문학) Day 168	유나는 교실 뒤 전시판 앞에서 발걸음을 늦추었습니다.가을 마을 그림의 파란 다리 난간 조각 하나가 비어 있는 것이 눈에 들어왔기 때문입니다.유나는 바로 손을 대지 않고 바닥의 반짝이 가루와 선반 위 테이프 자국부터 
saussure2	169	일일독해(비문학) Day 169	차가운 컵을 책상 위에 두면 잠시 뒤 겉면에 작은 물방울이 맺히는 모습을 볼 수 있습니다.이 물은 컵 안에서 바로 새어 나온 것이 아니라 컵 둘레의 차가운 공기 가까이에서 생긴 것입니다.공기 속에는 눈에 잘 보이지 
saussure2	170	일일독해(문학) Day 170	지우는 강당 옆 전시판 앞에서 걸음을 멈추었습니다.운동회 그림의 파란 깃발 끝 조각 하나가 들뜬 채 비어 있는 것이 눈에 들어왔기 때문입니다.지우는 바로 떼어 내어 붙이려 하지 않고 바닥의 종이 가루와 의자 밑 그늘
saussure2	171	일일독해(비문학) Day 171	양치질을 시작하기 전에 칫솔, 컵, 수건이 제자리에 있는지 먼저 살피면 움직임이 덜 흐트러집니다.이렇게 자리를 먼저 확인하면 중간에 물건을 찾느라 서두르지 않아도 되어 순서를 놓치지 않게 됩니다.거울 앞에 서면 윗니
saussure2	172	일일독해(문학) Day 172	다은은 복도 끝 전시판 앞에서 파란 책표지 조각 하나가 살짝 들린 것을 먼저 알아차렸습니다.아침에 바람이 지나간 뒤라 바닥에도 같은 색 종이 가루가 조금 남아 있어 다은은 조각이 멀리 가지 않았을 거라고 생각했습니다
saussure2	173	일일독해(비문학) Day 173	준비물을 챙길 때는 가방 속이 비슷해 보여도 먼저 꺼낼 자리와 다시 넣을 자리를 나누어 두어야 찾는 시간이 줄어듭니다.도윤이네 반은 아침마다 체크판을 보고 책, 필통, 알림장처럼 바로 써야 하는 것부터 책상 위에 차
saussure2	174	일일독해(문학) Day 174	현우는 복도 끝 전시판 앞에서 파란 연못 조각 하나가 가장자리에서 살짝 들린 것을 먼저 알아차렸습니다.아침에 창문을 열어 둔 사이 바람이 지나가며 종이 가장자리가 조금 뜬 듯해 바닥의 작은 종이 가루도 함께 보였습니
saussure2	175	일일독해(비문학) Day 175	체험학습을 준비할 때는 물건 이름만 보지 말고 넣을 자리까지 함께 떠올리면 가방이 훨씬 덜 어지러워집니다.지후네 반은 준비판을 보며 물병, 모자, 기록장처럼 먼저 꺼내 쓸 것을 책상 왼쪽에 차례로 놓습니다.이렇게 손
saussure2	176	일일독해(문학) Day 176	서아는 복도 끝 전시판에서 파란 별자리 선 조각 하나가 가장자리에서 살짝 들린 것을 먼저 알아차렸습니다.창문을 잠깐 열어 두었던 탓인지 바닥에도 같은 색 종이 가루가 조금 보여 조각이 멀리 가지 않았을 듯했습니다.서
saussure2	177	일일독해(비문학) Day 177	급식실에 가기 전에는 수저주머니, 물통, 손수건처럼 바로 꺼낼 것을 자리에 맞춰 챙기면 줄 앞에서 허둥대지 않습니다.유나는 준비판을 보며 식판을 받을 손, 물통을 놓을 칸, 수저주머니를 둘 자리를 차례로 떠올립니다.
saussure2	178	일일독해(문학) Day 178	지안은 복도 끝 전시판에서 파란 연줄 조각 하나가 가장자리에서 살짝 들린 것을 먼저 알아차렸습니다.아침에 창문을 열어 둔 사이 바람이 지나갔는지 바닥에도 같은 색 종이 가루가 조금 보여 조각이 멀리 가지는 않았을 듯
saussure2	179	독해(비문학) Day 179	우리 반은 체험학습을 나가기 전에 사진 기록판으로 맡은 일을 다시 맞춰 보고 출발 순서를 천천히 확인합니다.기록판에는 카메라 가방과 메모판, 이름표 끈을 누구 앞주머니에 차례로 넣는지가 그림표와 함께 적혀 있습니다.
saussure2	180	독해(문학) Day 180	세아는 과학 전시판 앞에서 파란 행성 고리 조각 한쪽이 들린 것을 가장 먼저 또렷하게 순간 알아차렸습니다.고리 끝이 조금 들려 있어 멀리서도 빈자리 모양이 한눈에 더욱 또렷하고 길게 분명히 보였습니다.세아는 손부터 
saussure2	181	독해(비문학) Day 181	우리 반은 운동장 옆 분리배출 상자를 쓰기 전에 표시판과 그림을 함께 보며 버릴 곳을 다시 맞춥니다.겉만 종이처럼 보여도 안쪽에 비닐이 붙었거나 물기가 남아 있으면 다른 기준을 더 살펴야 하기 때문입니다.선생님은 먼
saussure2	182	독해(문학) Day 182	서아는 도서관 창가 자리에서 빌린 책을 읽다가 파란 책갈피가 책 사이에서 빠진 것을 알아챘습니다.급히 책장을 넘기려던 손이 멈추자, 시우가 먼저 마지막으로 책을 덮은 곳과 걸어온 길을 함께 떠올려 보자고 말했습니다.
saussure2	183	일일 독해(비문학) Day 183	우리 반은 체험학습 전날이면 준비판에 적힌 순서대로 기록장, 연필, 물병, 이름표를 다시 맞춰 봅니다.먼저 책상 위에 둔 것을 한 줄로 놓고 준비판의 첫째 칸부터 지금 눈앞의 물건과 이름이 같은지 확인합니다.이때 보
saussure2	184	일일 독해(문학) Day 184	민서는 복도 끝 전시판 앞에서 파란 바다 그림 아래에 있던 작은 돛 조각이 떨어진 것을 보고 발걸음을 멈추었습니다.옆에 있던 하준은 바로 손을 뻗기보다 방금 바람이 스친 자리와 조각이 미끄러질 만한 길을 먼저 같이 
saussure2	185	일일 독해(비문학) Day 185	체험학습 전날이 되면 우리 반은 준비판을 펴 놓고 기록장, 연필, 물병, 이름표를 다시 맞춥니다.먼저 첫째 줄부터 보이는 물건만 세지 않고 이름, 상태, 빈칸을 차례로 살핍니다.연필은 깎인 정도를 보고, 기록장은 구
saussure2	186	일일 독해(문학) Day 186	정우는 도서관 창가에서 빌린 책을 읽다가, 책갈피 끝에 달린 파란 꼬리끈이 툭 빠져 나온 것을 보았습니다.막 비가 오려는지 바람이 창틈으로 스치며 지나가자, 그 꼬리끈은 책장 아래로 미끄러지듯 숨어 들어갔습니다.정우
saussure2	187	일일 독해(비문학) Day 187	모둠 탐구 시간에는 준비판을 펴고 태블릿, 기록 종이, 이름표를 같은 순서로 다시 맞추어 보아야 합니다. 먼저 눈에 보이는 물건만 집지 않고 준비판 그림과 실제 물건이 모두 있는지 차례로 살핍니다. 태블릿은 충전 표
saussure2	188	일일 독해(문학) Day 188	유나는 교실 뒤 전시판 앞에서 바다 그림을 보다가 파란 등대 창문 조각 하나가 비어 있는 것을 알아차렸습니다. 조각은 창틀 아래로 미끄러져 종이 물결 뒤에 살짝 숨어 있었습니다. 유나는 바로 손을 넣지 않고, 방금 
saussure2	189	일일 독해(비문학) Day 189	모둠 기록 활동이 있는 날에는 확인표를 펴 놓고 기록판, 연필, 집게, 이름 카드를 같은 줄에 맞춰 둡니다. 먼저 눈에 띄는 물건만 세지 말고 확인표 그림과 실제 물건이 모두 맞는지 차례로 살핍니다. 기록판은 모서리
saussure2	190	일일 독해(문학) Day 190	다은은 복도 전시판 앞에서 봄 마을 그림을 살피다가 파란 지붕 조각 하나가 비어 있는 것을 보았습니다. 막 손을 뻗어 새 종이로 덮으려다, 방금 조각이 미끄러져 들어간 길을 먼저 떠올리는 편이 낫겠다고 마음먹었습니다
saussure2	191	일일 독해(비문학) Day 191	모둠 관찰 수업이 있는 날에는 준비표를 펼쳐 놓고 돋보기, 기록판, 연필, 집게를 번호칸에 맞춰 둡니다. 먼저 보이는 것만 세지 말고 준비표 그림과 실제 물건이 같은 줄에 있는지 차례로 확인합니다. 돋보기는 손잡이가
saussure2	192	일일 독해(문학) Day 192	가을 전시판 앞에 선 수아는 파란 배 창문 조각 하나가 비어 있는 것을 보고 잠깐 발을 멈추었습니다. 바로 새 종이를 오리려다가, 방금 조각이 미끄러져 들어간 길을 먼저 떠올리는 편이 낫겠다고 생각했습니다. 옆에 있
saussure2	193	일일 독해(비문학) Day 193	모둠 관찰 활동이 있는 날에는 준비판을 펼쳐 놓고 기록판, 자석 카드, 연필, 스티커 묶음을 번호칸에 맞춰 둡니다. 먼저 눈에 띄는 것만 세지 말고 준비판 그림과 실제 물건이 같은 칸에 있는지 앞줄부터 차례로 확인합
saussure2	194	일일 독해(문학) Day 194	하린은 축제 전시판 앞에서 파란 바람개비 날개 조각 하나가 비어 있는 것을 보고 걸음을 멈추었습니다. 새 종이를 오려 붙이려다가, 방금 조각이 미끄러져 들어간 틈을 먼저 떠올리는 편이 낫겠다고 생각했습니다. 옆에 있
saussure2	195	일일 독해(비문학) Day 195	모둠 발표가 있는 날에는 정리표를 펴 놓고 설명 카드, 자, 연필, 스티커 띠를 번호칸에 맞춰 둡니다. 먼저 눈에 띄는 것만 세지 말고 정리표 그림과 실제 물건이 같은 칸에 있는지 앞줄부터 차례로 확인합니다. 설명 
saussure2	196	일일 독해(문학) Day 196	민서는 과학 전시판 앞에서 파란 행성 고리 조각 하나가 비어 있는 것을 보고 걸음을 멈추었습니다. 새 종이를 오려 붙이려다가, 방금 조각이 미끄러져 들어간 틈을 먼저 떠올리는 편이 낫겠다고 생각했습니다. 옆에 있던 
saussure2	197	일일 독해(비문학) Day 197	발표가 있는 날에는 준비표를 먼저 펴 놓고 제목 카드, 그림판, 표시 스티커를 놓을 자리를 함께 봅니다. 준비표에는 물건 이름만 적힌 것이 아니라 무엇을 먼저 두고 무엇을 나중에 붙이는지도 적혀 있습니다. 그래서 상
saussure2	198	일일 독해(문학) Day 198	서윤은 교실 창가 전시판 앞에서 파란 바람개비 날개 조각 하나가 비어 있는 것을 보고 발을 멈추었습니다. 처음에는 새 종이를 잘라 붙이려 했지만, 방금 조각이 스치며 들어간 방향을 먼저 떠올리는 편이 낫겠다고 생각했
saussure2	199	일일 독해(비문학) Day 199	모둠 관찰을 시작하기 전에는 준비판을 펴고 돋보기, 자, 기록장을 놓을 자리를 함께 봅니다. 준비판에는 물건 이름만 아니라 먼저 꺼낼 것과 나중에 확인할 것도 같이 적혀 있습니다. 그래서 상자를 열기 전에 한 줄씩 
saussure2	200	일일 독해(문학) Day 200	도윤은 복도 끝 전시판 앞에서 파란 물고기 지느러미 조각 하나가 비어 있는 것을 보고 발을 멈추었습니다. 처음에는 새 종이를 잘라 붙이려 했지만, 방금 조각이 스치며 들어간 길을 먼저 떠올리는 편이 낫겠다고 생각했습
saussure2	201	일일 독해(비문학) Day 201	모둠 발표판을 교실 뒤로 옮기기 전에는 준비표를 펴고 누가 어느 모서리를 잡을지 먼저 맞춥니다. 준비표에는 손을 놓지 말 자리와 돌아볼 때 먼저 볼 곳도 함께 적혀 있습니다. 그래서 판을 들기 전 한 줄씩 읽으면 손
saussure2	202	일일 독해(문학) Day 202	수업이 끝난 뒤 지안은 창가 전시판 앞에서 파란 연 꼬리 조각 하나가 비어 있는 것을 보았습니다. 처음에는 새 종이를 잘라 붙이려 했지만, 방금 조각이 스치며 내려간 길을 먼저 떠올리는 편이 낫겠다고 생각했습니다. 
saussure2	203	일일 독해(비문학) Day 203	자연 관찰 수업을 나가기 전에는 점검표를 펴고 돋보기, 기록판, 표본 봉투가 제자리에 들어 있는지 먼저 확인합니다. 이때 물건 이름만 읽는 것이 아니라 어떤 물건이 어느 주머니에 있어야 하는지도 함께 봐 두어야 합니
saussure2	204	일일 독해(문학) Day 204	수업이 끝난 뒤 유나는 창가 전시판에서 파란 연못 물결 조각 하나가 비어 있는 것을 보았습니다. 처음에는 새 종이를 오려 붙이려 했지만, 방금 조각이 어디를 스치며 내려갔는지 먼저 떠올리는 편이 낫겠다고 생각했습니다
saussure2	205	일일 독해(비문학) Day 205	관찰 활동을 나가기 전에는 준비판을 보며 기록판, 연필, 표 붙임 스티커, 작은 자가 모두 있는지 차례로 확인해야 합니다. 이때 물건 수만 세지 말고 어떤 물건이 어느 칸에 놓여야 하는지도 함께 봐 두면 밖에서 다시
saussure2	206	일일 독해(문학) Day 206	행사가 끝난 뒤 지우는 교실 뒤 전시판에서 파란 바람개비 날개 조각 하나가 비어 있는 것을 보았습니다. 처음에는 새 종이를 잘라 붙이려 했지만, 조금 전 조각이 어디를 스치며 내려갔는지 먼저 떠올리는 편이 낫겠다고 
saussure2	207	일일 독해(비문학) Day 207	관찰 수업을 나가기 전에는 준비판을 보며 돋보기, 기록장, 채집 봉투, 짧은 자가 모두 들어 있는지 먼저 확인해야 합니다. 이때 물건 이름만 읽는 것이 아니라 어떤 물건이 어느 칸에 있어야 하는지도 함께 떠올려 두면
saussure2	208	일일 독해(문학) Day 208	행사가 끝난 뒤 민서는 복도 전시판에서 파란 별자리 선 조각 하나가 비어 있는 것을 보았습니다. 처음에는 새 종이를 잘라 붙이려 했지만, 조금 전 조각이 어디를 스치며 내려갔는지 먼저 떠올리는 편이 낫겠다고 생각했습
saussure2	209	일일 독해(비문학) Day 209	모둠 발표를 준비할 때는 준비판을 보며 설명 카드, 순서표, 이름표 집게, 작은 테이프가 모두 있는지 차례로 확인해야 합니다. 이때 물건 수만 세지 말고 어떤 물건이 어느 칸에 놓여야 하는지도 함께 익혀 두면 빠진 
saussure2	210	일일 독해(문학) Day 210	축제 준비를 마친 뒤 도윤은 교실 뒤 전시판에서 파란 배 돛 조각 하나가 비어 있는 것을 보았습니다. 처음에는 새 종이를 오려 붙이려 했지만, 조금 전 조각이 어디를 스치며 내려갔는지 먼저 떠올리는 편이 낫겠다고 생
saussure2	211	일일 독해(비문학) Day 211	체육 활동을 준비할 때는 준비판을 보며 줄넘기, 번호 조끼, 기록표, 작은 집게가 모두 있는지 차례로 확인해야 합니다. 이때 물건 수만 세지 말고 어떤 물건이 어느 칸에 놓여야 하는지도 함께 익혀 두면 비어 있는 자
saussure2	212	일일 독해(문학) Day 212	체육 전시를 마친 뒤 수아는 교실 뒤 전시판에서 파란 바람띠 조각 하나가 비어 있는 것을 보았습니다. 처음에는 새 종이를 오려 붙이려 했지만, 조금 전 조각이 어디를 스치며 내려갔는지 먼저 떠올리는 편이 낫겠다고 생
saussure2	213	일일 독해(비문학) Day 213	모둠 독서 활동을 준비할 때는 활동판을 보며 책, 활동지, 연필꽂이, 작은 이름표가 모두 있는지 차례로 확인해야 합니다. 이때 물건 수만 세지 말고 어떤 물건이 어느 칸에 놓여야 하는지도 함께 익혀 두면 빈칸이 보여
saussure2	214	일일 독해(문학) Day 214	과학 전시를 마친 뒤 민서는 교실 뒤 전시판에서 파란 행성 띠 조각 하나가 비어 있는 것을 보았습니다. 처음에는 새 종이를 오려 붙이려 했지만, 조금 전 조각이 어디를 스치며 내려갔는지 먼저 떠올리는 편이 낫겠다고 
saussure2	215	일일 독해(비문학) Day 215	관찰 활동을 준비할 때는 준비표를 보며 관찰 수첩, 연필, 작은 자, 물주머니 표찰이 모두 있는지 차례대로 맞춰 봐야 합니다. 이때 물건 이름만 부르지 말고 어떤 물건이 가방 어느 칸과 덮개 주머니에 들어가야 하는지
saussure2	216	일일 독해(문학) Day 216	민서는 교실 뒤 전시판 앞에서 바다 그림을 보다가 파란 물결 띠 조각 하나가 비어 있는 것을 알아차렸습니다. 처음에는 새 종이를 오려 채우려 했지만 조금 전 조각이 어디를 스치며 내려갔는지 먼저 떠올리면 더 빨리 찾
saussure2	217	일일 독해(비문학) Day 217	준비판을 보며 발표 자료를 차례로 맞추면 빈칸이 보여도 어디부터 볼지 바로 정할 수 있습니다. 제목 카드, 그림 자료, 말할 순서를 한 줄씩 맞추면 손보다 눈이 먼저 움직여 빠진 자리를 찾기 쉬워집니다. 작은 번호표
saussure2	218	일일 독해(문학) Day 218	파란 별자리 선 조각이 빠진 것을 본 지우와 민재는 전시판 앞에서 먼저 멈춰 섰습니다. 지우는 새 종이를 자르기보다 조금 전 조각이 어디를 스치며 내려갔는지 떠올리면 더 빨리 찾을 수 있다고 말했습니다. 민재는 손을
saussure2	219	일일 독해(비문학) Day 219	발표 준비를 할 때는 먼저 순서표와 준비 상자를 나란히 놓고 큰 자료부터 작은 자료까지 같은 줄로 맞춰 보는 것이 좋습니다. 순서표에 적힌 이름과 자료를 함께 보면 무엇이 빠졌는지뿐 아니라 어디에서 다시 찾아야 할지
saussure2	220	일일 독해(문학) Day 220	파란 돛 조각이 빠진 전시판을 본 다은과 유진은 복도 모퉁이에서 바로 뛰지 않고 먼저 멈춰 섰습니다. 다은은 조금 전 조각이 흔들리며 지나간 길을 떠올리면 새 종이를 자르기보다 더 빨리 찾을 수 있다고 말했습니다. 
saussure2	221	일일 독해(비문학) Day 221	모둠 발표를 준비할 때는 자료를 한곳에 모으는 것보다 먼저 준비판의 줄과 상자 칸을 함께 보는 일이 중요합니다. 준비판에는 어떤 자료가 어느 줄에 놓여야 하는지가 적혀 있어서, 상자 안 물건 이름만 세는 것보다 빈자
saussure2	222	일일 독해(문학) Day 222	파란 리본 조각이 빠진 전시판을 본 민채와 도윤은 복도 모퉁이에서 바로 뛰지 않고 먼저 멈춰 섰습니다. 민채는 조금 전 조각이 흔들리며 지나간 길을 떠올리면 새 종이를 오리기보다 더 빨리 찾을 수 있다고 말했습니다.
saussure2	223	일일 독해(비문학) Day 223	모둠 기록판을 준비할 때는 책상 위에 보이는 것만 세지 말고 준비표의 줄과 투명 주머니 칸을 함께 보는 일이 중요합니다. 준비표에는 어떤 카드가 어느 줄에 놓여야 하는지가 적혀 있어서, 이름만 읽는 것보다 빈자리와 
saussure2	224	일일 독해(문학) Day 224	파란 지붕 조각이 빠진 전시판을 본 지안과 서호는 복도 모퉁이에서 바로 뛰지 않고 먼저 멈춰 섰습니다. 지안은 조금 전 조각이 흔들리며 지나간 길을 떠올리면 새 종이를 자르기보다 더 빨리 찾을 수 있다고 말했습니다.
saussure2	225	일일 독해(비문학) Day 225	학교 정원으로 관찰을 나갈 때는 바구니 안에 물건이 보인다고 바로 닫지 말고 준비표의 칸과 줄 번호를 함께 보는 일이 중요합니다. 준비표에는 연필, 기록판, 작은 스티커가 어느 자리에 있어야 하는지가 적혀 있어서, 
saussure2	226	일일 독해(문학) Day 226	파란 연못 조각이 빠진 전시판을 본 소라와 준호는 복도 끝에서 바로 손을 뻗지 않고 먼저 멈춰 섰습니다. 소라는 조금 전 조각이 흔들리며 지나간 길을 떠올리면 새 종이를 오리는 것보다 더 빨리 찾을 수 있다고 말했습
saussure2	227	일일 독해(비문학) Day 227	학교 텃밭 관찰을 나갈 때는 물뿌리개와 기록판만 보지 말고 준비표의 이름표 막대와 씨앗 봉투 칸까지 확인해야 합니다. 큰 물건이 먼저 보여도 작은 막대나 얇은 봉투는 상자 옆면 틈이나 아래 칸으로 밀리기 쉬워서, 앞
saussure2	228	일일 독해(문학) Day 228	파란 다리 난간 조각이 빠진 전시판을 본 지우와 소연은 복도 끝까지 바로 뛰지 않고 먼저 멈춰 섰습니다. 소연은 조금 전 조각이 흔들리며 비껴 간 방향을 떠올리면 새 종이를 오리는 것보다 더 빨리 찾을 수 있다고 말
saussure2	229	일일 독해(비문학) Day 229	체험 관찰을 나가기 전에는 관찰 상자 겉만 보지 말고 준비판의 줄을 따라 이름표 칸, 돋보기 칸, 기록 연필 칸을 차례로 확인해야 합니다. 큰 돋보기가 먼저 보여도 얇은 이름표나 짧은 연필은 아래칸 뒤로 밀리기 쉬워
saussure2	230	일일 독해(문학) Day 230	교실 뒤 전시판을 옮기려던 수진은 파란 다리 조각 하나가 바닥으로 미끄러진 것을 먼저 보았습니다. 민호는 급히 집어 들기보다 조각이 멈춘 자리와 방금 지나온 길을 함께 떠올려 보자고 말했습니다. 두 사람은 전시판 아
saussure2	231	일일 독해(비문학) Day 231	합주 연습을 시작하기 전에 아이들은 악기 보관함을 순서표에 따라 다시 확인합니다. 먼저 이름표 줄과 악기 줄이 같은지 보고, 놓인 칸이 비어 있으면 위칸과 옆칸도 같은 기준으로 살핍니다. 다음으로 스틱 통과 악보집은
saussure2	232	일일 독해(문학) Day 232	세나는 복도 전시판에 붙일 바다 모형을 들고 미술실에서 나오다가 파란 파도띠 조각 하나가 바닥으로 미끄러지는 것을 보았습니다. 세나는 급히 주우러 달려가려 했지만, 현우가 방금 지나온 길과 모형을 내려놓은 자리를 먼
saussure2	233	일일 독해(비문학) Day 233	체험학습을 나가기 전에 아이들은 준비판에 적힌 순서대로 기록 가방을 다시 점검합니다. 먼저 이름표 주머니와 연필칸이 비어 있지 않은지 보고, 보이는 것만 믿지 말고 덮개 아래쪽까지 함께 살핍니다. 다음으로 관찰 카드
saussure2	234	일일 독해(문학) Day 234	민서는 복도 전시판에 붙일 겨울 마을 그림을 들고 나오다가 파란 지붕띠 조각 하나가 바닥으로 미끄러지는 것을 보았습니다. 민서는 바로 집으러 뛰어가려 했지만, 예준이 방금 지나온 길과 그림을 잠깐 내려놓은 자리를 먼
saussure2	235	일일 독해(비문학) Day 235	발표 수업을 시작하기 전에 아이들은 준비판에 적힌 차례대로 발표 바구니를 다시 점검합니다. 먼저 자료 카드 묶음이 순서표와 같은 번호로 놓여 있는지 보고, 이름표 봉투와 색연필칸이 비어 있지 않은지도 함께 살핍니다.
saussure2	236	일일 독해(문학) Day 236	하람은 복도 전시판에 붙일 가을 강 그림을 들고 가다가 파란 물결 조각 하나가 발밑으로 미끄러지는 것을 보았습니다. 하람은 바로 허리를 숙이려 했지만, 민규가 방금 지나온 자리와 그림을 잠깐 내려둔 곳부터 떠올려 보
saussure2	237	일일 독해(비문학) Day 237	읽기 활동을 시작하기 전에 아이들은 준비표에 적힌 차례대로 모둠책 상자를 다시 점검합니다. 먼저 책 세 권이 번호표와 같은 줄에 놓였는지 보고, 활동지 묶음과 연필 주머니가 빠지지 않았는지도 함께 살핍니다. 그다음에
saussure2	238	일일 독해(문학) Day 238	나윤은 복도 전시판에 붙일 겨울 연못 그림을 들고 가다가 파란 다리 조각 하나가 발끝 옆으로 미끄러지는 것을 보았습니다. 나윤은 바로 몸을 숙이려 했지만, 준서가 방금 지나온 자리와 그림을 잠깐 내려둔 곳부터 같이 
saussure2	239	일일 독해(비문학) Day 239	발표 연습을 시작하기 전에 아이들은 준비판에 적힌 순서대로 발표 바구니를 다시 점검합니다. 먼저 그림 카드 묶음과 굵은 사인펜이 맨 앞칸에 나란히 있는지 보고, 역할 이름표 봉투가 빠지지 않았는지도 살핍니다. 그다음
saussure2	240	일일 독해(문학) Day 240	예나는 복도 전시판에 붙일 바다 마을 그림을 들고 가다가 파란 배 돛 조각 하나가 발끝 옆으로 미끄러지는 것을 보았습니다. 예나는 바로 몸을 숙이려 했지만, 서호가 방금 지나온 자리와 그림을 잠깐 내려둔 곳부터 같이
saussure2	241	독해(비문학) Day 241	씨앗 관찰 수업을 시작하기 전에 아이들은 준비표를 보며 관찰 상자를 다시 점검합니다. 먼저 돋보기와 작은 집게가 앞칸에 있는지 보고, 이름 스티커 봉투가 접은 활동지 밑에 숨어 있지 않은지도 확인합니다. 그다음에는 
saussure2	242	독해(문학) Day 242	도윤은 교실 뒤 전시판에 붙일 바람개비 그림을 들고 가다가 파란 날개 조각 하나가 발판 옆으로 미끄러지는 것을 보았습니다. 도윤은 얼른 주우려 했지만, 수아가 방금 지나온 자리와 그림을 잠깐 내려둔 곳부터 함께 떠올
saussure2	243	독해(비문학) Day 243	아침 양치를 시작하기 전에 민서는 세면대 옆 준비판을 먼저 봅니다. 준비판에는 칫솔, 치약, 컵을 둘 자리와 사용하는 차례가 짧게 적혀 있습니다. 민서는 칫솔모가 젖은 채 구부러져 있지 않은지 보고, 컵 안에 물이 
saussure2	244	독해(문학) Day 244	연우는 도서관 전시판에 붙일 파란 책표지 조각을 들고 가다가 책꽂이 옆에서 그 조각이 바닥으로 미끄러지는 것을 보았습니다. 연우는 얼른 집으려 했지만, 서진은 방금 지나온 자리와 책을 잠깐 내려둔 칸부터 같이 떠올리
saussure2	245	독해(비문학) Day 245	체험학습 준비를 할 때에는 준비표를 펴고 물건 이름만 아니라 넣을 자리와 다시 볼 차례도 함께 확인하는 편이 좋습니다. 먼저 명찰, 필기도구, 손수건처럼 금방 꺼낼 것을 앞칸에 두고, 작은 스티커나 표처럼 얇은 것은
saussure2	246	독해(문학) Day 244	연우는 도서관 전시판에 붙일 파란 책표지 조각을 들고 가다가 책꽂이 옆에서 그 조각이 바닥으로 미끄러지는 것을 보았습니다. 연우는 얼른 집으려 했지만, 서진은 방금 지나온 자리와 책을 잠깐 내려둔 칸부터 같이 떠올리
saussure2	247	독해(비문학) Day 247	체험학습 준비를 할 때에는 준비표를 펴고 물건 이름만 아니라 넣을 자리와 다시 볼 차례도 함께 확인하는 편이 좋습니다. 먼저 명찰, 연필, 손수건처럼 금방 꺼낼 것은 앞칸에 두고, 작은 파란 이름표처럼 얇은 것은 접
saussure2	248	독해(문학) Day 248	정우와 지민은 복도 끝 전시판에 붙일 바다 그림을 들고 교실로 들어왔어요. 그때 파란 물결 조각 하나가 종이판 아래로 미끄러져 보이지 않게 되었어요. 정우는 바로 발밑만 뒤지려다가 지민이 방금 지나온 자리와 꺾이는 
saussure2	249	독해(비문학) Day 249	모둠 활동을 마친 뒤에는 도구를 제자리에 돌려놓기 전에 준비표를 다시 보는 습관이 필요해요. 준비표에는 무엇을 닦아야 하는지, 무엇을 말려야 하는지, 어디에 넣어야 하는지가 차례대로 적혀 있어요. 그래서 먼저 연필처
saussure2	250	독해(문학) Day 250	민서는 발표가 끝난 뒤 교실 열쇠를 작은 천 주머니에 넣어 두었어요. 그런데 전시판 종이를 옮기다가 주머니 끈이 살짝 풀린 줄은 미처 보지 못했어요. 복도로 나오자 민서는 주머니가 가벼워진 것을 느끼고 바로 걸음을 
saussure2	251	독해(비문학) Day 251	공원에서 쉬거나 놀 때는 먼저 함께 쓸 자리를 살피고 작은 기준을 정해 두면 도움이 돼요. 예를 들어 돗자리는 길을 막지 않는 곳에 펴고, 가방은 사람들이 지나는 쪽에서 한 걸음 물려 두어요. 또 가져온 물건은 메모
saussure2	252	독해(문학) Day 252	소라는 운동회 사진판을 정리한 뒤 파란 리본 고리를 작은 종이 상자에 넣어 두었어요. 그런데 친구들과 걸음을 옮기며 상자 뚜껑이 살짝 들린 줄은 바로 알아채지 못했어요. 복도 모퉁이를 돌자 상자가 가벼워진 것이 느껴
saussure2	253	독해(비문학) Day 253	도서관 책꾸러미를 정리할 때는 먼저 정리표를 펴고 책, 책갈피, 메모카드를 같은 기준으로 살피는 것이 좋아요. 정리표에는 먼저 넣을 것, 마지막에 확인할 것, 작은 칸에서 찾아볼 것이 순서대로 적혀 있어요. 그래서 
saussure2	254	독해(문학) Day 254	지우는 축제 전시판 앞에서 파란 바람개비 가운데 조각이 빠진 자리를 보고 잠깐 멈추어 섰어요. 바로 옆에 있던 나래도 남은 조각 모양을 살펴보며 방금 지나온 길을 먼저 떠올리자고 했어요. 두 사람은 복도 창가, 준비
saussure2	255	독해(비문학) Day 255	관찰 수업을 앞두고 모둠마다 가방, 기록판, 이름표를 준비판 순서대로 다시 맞추는 것이 좋아요. 준비판에는 먼저 꺼낼 것, 나중에 넣을 것, 마지막에 빈칸을 살필 자리가 따로 적혀 있어요. 그래서 가방을 열면 큰 공
saussure2	256	??(??) Day 256	??? ?? ??? ??? ?? ?? ?? ??? ?? ?? ?? ?? ??? ?????. ??? ?? ?? ?? ??? ?? ?? ? ???? ??? ??? ??? ???. ? ??? ?? ? ??, ?? ??, 
saussure2	257	??(???) Day 257	?? ??? ??? ???? ??, ?? ?, ???? ??? ???? ?? ??? ?? ???. ????? ?? ?? ?? ??? ? ?, ???? ??? ?? ??? ?? ?? ???. ??? ??? ?? ? ?
saussure2	258	소쉬르(중) Day 258	수업이 끝나자 지우와 하람은 전시판 앞에 다시 섰어요. 아침에 붙였던 파란 길 조각 한 장이 바닥으로 미끄러져 내려와 있었어요. 지우는 지나온 길을 떠올리며 칠판 옆, 창문 아래, 작품 상자 옆을 차례로 살펴보자고 
saussure2	259	소쉬르(중) Day 259	모둠 실험을 시작하기 전에는 준비표와 상자 안을 같은 순서로 다시 보는 습관이 필요해요. 준비표를 먼저 보면 큰 물건만 세고 넘어가지 않고 작은 칸까지 함께 확인할 수 있어요. 먼저 돋보기, 작은 컵, 기록판처럼 꼭
saussure2	260	일일 독해(문학) Day 260	유진은 집에 가기 전에 담임 선생님께 드릴 안내 쪽지를 한 손에 꼭 들고 현관으로 걸어가고 있었어요. 그런데 바람이 복도 끝에서 세게 불자 쪽지가 손에서 미끄러져 바닥을 스치며 현관 쪽 그림자 근처로 날아갔어요. 유
saussure2	261	일일 독해(비문학) Day 261	밖으로 나가 기록 활동을 할 때는 준비표와 가방 속 자리를 같은 순서로 보는 것이 좋아요. 먼저 모자와 물통처럼 큰 물건이 제자리에 있는지 보고, 그다음 기록판과 연필처럼 납작한 것을 손으로 짚으며 살펴요. 그 뒤에
saussure2	262	일일 독해(문학) Day 262	과학실 정리 시간이 거의 끝날 무렵, 지우와 민서는 전시판에 붙여 둔 행성 그림을 한 번 더 살펴보고 있었어요. 그런데 파란 고리 조각 하나가 아래로 밀려 빈자리만 남아 있는 것이 보여 둘은 손을 멈추었어요. 민서는
saussure2	263	일일 독해(비문학) Day 263	식물 관찰을 하러 밖으로 나갈 때는 준비표와 가방 속 칸을 같은 순서로 살피는 습관이 필요해요. 먼저 관찰 공책과 기록판처럼 넓고 납작한 것을 보고, 그다음 연필집과 색연필처럼 바로 잡히는 것을 확인해요. 그 뒤에는
saussure2	264	독해(문학) Day 264	건우는 운동장에서 지우개를 한 손에 꼭 들고 있었어요. 건우는 비가 오기 전에 집에 가려고 발걸음을 더 빨리 했어요. 그런데 바람이 갑자기 세게 불어 지우개가 손에서 미끄러졌어요. 건우는 순간 걱정을 느끼고 마음이 
saussure2	265	독해(비문학) Day 265	우리는 학교에서 분리수거를 조금씩 자주 실천해요. 분리수거를 잘하면 환경을 지킬 수 있고 마음도 조금 편해져요. 하지만 서두르거나 대충 하면 실수가 생기기 쉬워요. 그래서 먼저 체크표를 준비해서 기준을 세워요. 체크
saussure2	266	독해(문학) Day 266	예린은 놀이터에서 책갈피를 한 손에 꼭 들고 있었어요. 예린은 비가 오기 전에 집에 가려고 발걸음을 더 빨리 했어요. 그런데 바람이 갑자기 세게 불어 책갈피가 손에서 미끄러졌어요. 예린은 순간 걱정을 느끼고 마음이 
saussure2	267	독해(비문학) Day 267	우리는 학교에서 책상정리를 조금씩 자주 실천해요. 책상정리를 잘하면 질서를 지킬 수 있고 마음도 조금 편해져요. 하지만 서두르거나 대충 하면 실수가 생기기 쉬워요. 그래서 먼저 메모판을 준비해서 기준을 세워요. 메모
saussure2	268	독해(문학) Day 268	도윤은 도서관에서 이름표를 한 손에 꼭 들고 있었어요. 도윤은 비가 오기 전에 집에 가려고 발걸음을 더 빨리 했어요. 그런데 바람이 갑자기 세게 불어 이름표가 손에서 미끄러졌어요. 도윤은 순간 걱정을 느끼고 마음이 
saussure2	269	독해(비문학) Day 269	우리는 학교에서 준비점검을 조금씩 자주 실천해요. 준비점검을 잘하면 순서를 지킬 수 있고 마음도 조금 편해져요. 하지만 서두르거나 대충 하면 실수가 생기기 쉬워요. 그래서 먼저 확인표를 준비해서 기준을 세워요. 확인
saussure2	270	독해(문학) Day 270	하준은 도서관에서 메모지를 한 손에 꼭 들고 있었어요. 하준은 비가 오기 전에 집에 가려고 발걸음을 더 빨리 했어요. 그런데 바람이 갑자기 세게 불어 메모지가 손에서 미끄러졌어요. 하준은 순간 걱정을 느끼고 마음이 
saussure2	271	독해(비문학) Day 271	우리는 학교에서 메모하기를 조금씩 자주 실천해요. 메모하기를 잘하면 기억을 지킬 수 있고 마음도 조금 편해져요. 하지만 서두르거나 대충 하면 실수가 생기기 쉬워요. 그래서 먼저 메모판을 준비해서 기준을 세워요. 메모
saussure2	272	독해(문학) Day 272	준호은 도서관에서 책갈피를 한 손에 꼭 들고 있었어요. 준호은 비가 오기 전에 집에 가려고 발걸음을 더 빨리 했어요. 그런데 바람이 갑자기 세게 불어 책갈피가 손에서 미끄러졌어요. 준호은 순간 걱정을 느끼고 마음이 
saussure2	273	독해(비문학) Day 273	우리는 학교에서 순서점검을 조금씩 자주 실천해요. 순서점검을 잘하면 순서를 지킬 수 있고 마음도 조금 편해져요. 하지만 서두르거나 대충 하면 실수가 생기기 쉬워요. 그래서 먼저 확인표를 준비해서 기준을 세워요. 확인
saussure2	274	독해(문학) Day 274	정우는 도서관에서 이름표를 한 손에 꼭 들고 있었어요. 정우는 비가 오기 전에 집에 가려고 발걸음을 더 빨리 했어요. 그런데 바람이 갑자기 세게 불어 이름표가 손에서 미끄러졌어요. 정우는 순간 걱정을 느끼고 마음이 
saussure2	275	독해(비문학) Day 275	우리는 학교에서 순서 점검을 조금씩 자주 실천해요. 순서 점검을 잘하면 차례를 지킬 수 있고 마음도 조금 편해져요. 하지만 서두르거나 대충 하면 실수가 생기기 쉬워요. 그래서 먼저 점검표를 준비해서 기준을 세워요. 
saussure2	276	독해(문학) Day 276	하린은 도서관에서 이름표를 한 손에 꼭 들고 있었어요. 하린은 비가 오기 전에 집에 가려고 발걸음을 더 빨리 했어요. 그런데 바람이 갑자기 세게 불어 이름표가 손에서 미끄러졌어요. 하린은 순간 걱정을 느끼고 마음이 
saussure2	277	독해(비문학) Day 277	학교에서는 분리배출을 할 때 먼저 확인표를 펼쳐요. 확인표에는 비우기, 물기 보기, 재질 살피기처럼 꼭 볼 일이 적혀 있어요. 먼저 통이나 상자 안을 비우면 남은 음식이나 종이 조각을 줄일 수 있어요. 그다음 겉과 
saussure2	278	독해(문학) Day 278	민지는 복도 끝 전시판 앞에서 파란 표지 조각을 들고 서 있었어요. 오늘 안에 전시판을 마쳐야 해서 마음이 조금 급했어요. 그런데 붙이려던 조각이 손에서 미끄러져 바닥 아래로 숨어 버렸어요. 민지는 바로 허리를 굽히
saussure2	279	독해(비문학) Day 279	학교에서는 모둠 관찰 바구니를 옮기기 전에 준비판을 먼저 봐요. 준비판에는 연필, 기록지, 돋보기처럼 꼭 챙길 물건이 차례로 적혀 있어요. 먼저 손잡이가 단단한지 보면 걷다가 떨어뜨릴 일을 줄일 수 있어요. 안쪽 칸
saussure2	280	독해(문학) Day 280	은서는 비 온 뒤 복도 전시판 앞에서 파란 강 조각을 들고 멈춰 섰어요. 오늘 안에 전시판을 다시 세워야 해서 마음이 조금 서둘렀어요. 그런데 조각을 맞추려는 순간 젖은 손끝이 미끄러졌어요. 파란 조각은 전시판 아래
saussure2	281	독해(비문학) Day 281	학교에서는 모둠 관찰 상자를 운동장 화단으로 옮기기 전에 준비표를 먼저 살펴요. 준비표에는 기록판, 연필, 자, 작은 집게처럼 꼭 챙길 물건과 넣을 자리가 함께 적혀 있어요. 물건 이름만 보고 넘어가면 같은 모양의 
saussure2	282	독해(문학) Day 282	수빈은 복도 전시판 앞에서 파란 바람개비 날개 조각 하나를 들고 멈춰 섰어요. 오늘 안에 전시판을 다시 세워야 해서 마음이 조금 앞섰어요. 그런데 테이프를 떼어 내는 순간 젖은 손끝이 미끄러졌어요. 파란 조각은 전시
saussure2	283	독해(비문학) Day 283	학교에서는 만들기 재료 상자를 분류판 앞에 가져가기 전에 확인표를 먼저 펼쳐요. 확인표에는 종이, 플라스틱, 금속 집게처럼 나눠 넣을 재료와 둘 자리가 함께 적혀 있어요. 바깥쪽만 보고 닫아 버리면 같은 색 뚜껑 아
saussure2	284	독해(문학) Day 284	다은은 복도 전시판 앞에서 파란 연못 물결 조각 하나를 들고 멈춰 섰어요. 오늘 안에 전시판을 다시 세워야 해서 마음이 조금 앞섰어요. 그런데 테이프를 떼어 내는 순간 젖은 손끝이 미끄러졌어요. 파란 조각은 전시판 
saussure2	285	독해(비문학) Day 285	도서관에서는 새로 들어온 책 상자를 옮기기 전에 분류표와 번호표를 함께 확인해요. 분류표에는 주제 이름뿐 아니라 같은 주제 책을 둘 칸 번호도 적혀 있어요. 겉에 붙은 큰 제목만 보고 움직이면 얇은 책갈피처럼 끼워 
saussure2	286	독해(문학) Day 286	지우는 복도 전시판 앞에서 파란 언덕 그림 조각 하나를 들고 멈춰 섰어요. 오늘 안에 전시판을 다시 세워야 해서 손이 조금 서둘렀어요. 그런데 조각 뒤 테이프를 떼던 순간 종이가 손끝에서 살짝 접혔어요. 파란 조각은
saussure2	287	독해(비문학) Day 287	과학 시간에는 모둠 관찰 가방을 들고 나가기 전에 준비판과 이름표를 먼저 맞춰 봐요. 준비판에는 돋보기, 기록판, 연필처럼 가져갈 물건과 둘 자리가 함께 적혀 있어요. 겉주머니만 보고 닫아 버리면 안쪽 지퍼칸에 밀린
saussure2	288	독해(문학) Day 288	수빈은 복도 전시판 앞에서 파란 별자리 띠 조각 하나를 들고 멈춰 섰어요. 오늘 안에 전시판을 다시 세워야 해서 손이 조금 서둘렀어요. 그런데 조각 뒤 테이프를 떼던 순간 종이 끝이 손가락에 걸렸어요. 파란 조각은 
saussure2	289	독해(비문학) Day 289	모둠 발표를 준비하는 시간마다 아이들은 자료 바구니를 열기 전에 준비판부터 펼칩니다. 준비판에는 발표 카드, 기록 공책, 파란 이름띠처럼 꼭 챙겨야 할 물건과 둘 자리가 함께 적혀 있습니다. 아이들은 앞칸만 보지 않
saussure2	290	독해(문학) Day 290	서아는 복도 전시판에 걸어 둘 파란 고리 끈 조각을 들고 천천히 걸어가고 있었습니다. 그런데 친구들이 지나가는 바람에 종이판이 살짝 흔들리며 끈 조각 하나가 책꽂이 쪽으로 미끄러져 들어갔습니다. 서아는 바로 손을 뻗
saussure2	291	독해(비문학) Day 291	모둠 과학 상자에서 작은 집게나 기록 스티커가 보이지 않을 때에는 먼저 손이 가장 마지막에 머문 곳부터 다시 살피는 것이 좋습니다. 준비판에는 집게, 스티커, 기록 공책처럼 자주 쓰는 물건 이름과 두었던 자리가 함께
saussure2	292	독해(문학) Day 292	가을 전시판을 옮기던 서진은 파란 별 고리 조각 하나가 바람에 밀려 책장 쪽으로 들어가는 것을 보고 발걸음을 멈추었습니다. 서진은 바로 손을 뻗으려 했지만, 민호는 조금만 천천히 하고 지나온 자리부터 떠올려 보자고 
saussure2	293	독해(비문학) Day 293	독서 상자를 정리할 때에는 책 권수만 세지 말고 이름 카드와 분류표가 제자리에 있는지도 함께 살펴야 합니다. 안내표에는 먼저 큰 책, 다음 활동지, 마지막 이름 카드를 확인하라고 적혀 있어 같은 순서를 반복하게 도와
saussure2	294	독해(문학) Day 294	유나는 복도 전시판에 붙일 파란 산길 조각을 들고 게시판 앞으로 천천히 걸어가고 있었습니다. 그런데 친구들이 지나가며 생긴 바람에 얇은 조각 하나가 살짝 들렸다가 화분 받침 쪽으로 밀려 들어갔습니다. 유나는 바로 발
saussure2	295	독해(비문학) Day 295	모둠 관찰 봉투를 정리할 때에는 안에 든 카드 수만 세지 말고 기록표와 이름 스티커가 같은 순서로 놓였는지도 함께 살펴야 합니다. 기준표에는 먼저 큰 기록표, 다음 작은 관찰 카드, 마지막 이름 스티커를 확인하라고 
saussure2	296	독해(문학) Day 296	운동회 전시판을 옮기던 세은은 파란 리본 고리 조각 하나가 종이판 끝에서 들리며 바닥 쪽으로 미끄러지는 것을 보고 발걸음을 멈추었습니다. 세은은 바로 허리를 숙이려 했지만, 다온은 먼저 조각이 지나간 길과 잠깐 내려
saussure2	297	독해(비문학) Day 297	모둠 그림 카드 상자를 정리할 때에는 카드 수만 세지 말고 제목표, 그림 카드, 색 띠가 같은 순서로 놓였는지도 함께 확인해야 합니다. 정리표에는 먼저 큰 제목표를 앞에 두고, 다음 그림 카드를 내용 순서대로 겹친 
saussure2	298	독해(문학) Day 298	소연은 전시판을 정리하다가 파란 표지 조각 하나가 느슨해진 채 바닥 쪽으로 미끄러지는 것을 보고 걸음을 멈추었습니다. 조각이 금방 보이지 않자 소연은 상자만 뒤지려 했지만, 지후는 먼저 조각이 지나간 길과 잠깐 내려
saussure2	299	일일독해(비문학) Day 299	모둠 책바구니를 정리할 때에는 책 수만 세지 말고 주제 카드, 기록 종이, 파란 책갈피가 같은 자리에 놓였는지도 함께 봐야 합니다. 바구니 앞주머니에는 주제 카드를 넣고, 기록 종이는 가운데 칸에 가지런히 겹쳐 두며
saussure2	300	일일독해(문학) Day 300	소희는 복도 전시판을 보다가 파란 실선 조각 하나가 모서리에서 들린 채 흔들리는 것을 보고 걸음을 멈추었습니다. 곧 비가 올 것 같아 서둘러 떼어 내기보다, 먼저 조각이 얼마나 벌어졌는지와 실선이 어디로 이어지는지를
saussure2	301	일일독해(비문학) Day 301	분류 상자 앞에 서면 눈에 보이는 것부터 넣기 쉽지만, 우유갑처럼 속을 비우고 접어야 하는 것은 순서를 정해 살펴야 합니다. 우리 반은 먼저 남은 내용물을 비우고, 다음으로 물기와 냄새를 살핀 뒤, 마지막에 표시판 
saussure2	302	일일독해(문학) Day 302	은서는 복도 전시판 앞에서 파란 다리 조각 하나가 바닥 가까이 들려 있는 것을 보고 걸음을 멈추었습니다. 점심 종이 곧 울릴 것 같아 마음은 급했지만, 은서는 먼저 다리 끝선이 어디까지 이어지는지 눈으로 천천히 따라
saussure2	303	일일독해(비문학) Day 303	급식 도우미가 되면 손이 가는 대로 집게와 국자를 먼저 챙기기 쉽지만, 우리 반은 준비판 순서에 따라 도구와 맡은 일을 함께 확인합니다. 먼저 앞줄에서 앞치마와 머리수건을 챙기고, 다음으로 배식대 위 집게와 국자 수
saussure2	304	일일독해(문학) Day 304	민지는 복도 전시판 앞을 지나가다가 파란 바람개비 조각 하나가 모서리에서 살짝 들려 있는 것을 보고 걸음을 멈추었습니다. 종이 울리기 전이라 마음이 조금 급해졌지만, 민지는 먼저 조각 가장자리 선이 어디까지 이어지는
saussure2	305	일일독해(비문학) Day 305	모둠 발표를 앞두면 손에 잡히는 것부터 가방에 넣기 쉽습니다. 그러나 자료를 급히 넣으면 제목표는 있는데 설명카드가 없거나, 설명카드는 있는데 펜이 빠지는 일이 생깁니다. 그래서 우리 반은 준비판을 보며 자료를 세 
saussure2	306	일일독해(문학) Day 306	복도 끝 전시판 앞을 지나던 유나는 파란 다리 조각 하나가 아래로 살짝 기울어 있는 것을 보고 걸음을 멈추었습니다. 종이 울리기 전이라 마음이 바빠졌지만, 유나는 먼저 조각의 선이 어느 그림과 이어지는지 눈으로 천천
saussure2	307	일일독해(비문학) Day 307	모둠 관찰을 하러 나가기 전에는 필요한 것만 들었다고 생각해도 작은 물건이 빠지기 쉽습니다. 그래서 우리 반은 준비판을 보며 기록판, 돋보기, 연필, 이름표를 한 줄씩 확인합니다. 먼저 모두가 함께 보는 기록판과 그
saussure2	308	일일독해(문학) Day 308	복도 전시판 앞을 지나던 가은이는 파란 창문 조각 하나가 아래로 비스듬히 들린 것을 보고 걸음을 멈추었습니다. 종이 울리기 전이라 마음이 급해졌지만, 가은이는 먼저 남아 있는 선이 어느 그림과 이어지는지 눈으로 천천
saussure2	309	일일독해(비문학) Day 309	모둠 발표를 하러 나가기 전에는 큰 판만 챙겼다고 생각해도 작은 이름표와 펜이 빠지기 쉽습니다. 그래서 우리 반은 준비판을 보며 발표판, 붙임 카드, 펜, 이름표를 한 줄씩 다시 맞춥니다. 먼저 모두가 함께 보는 발
saussure2	310	일일독해(문학) Day 310	복도 전시판 앞을 지나던 다은이는 파란 지붕 조각 하나가 아래로 비뚤어져 들린 것을 보고 걸음을 멈추었습니다. 종이 울리기 전이라 마음이 급해졌지만, 다은이는 먼저 남아 있는 선이 어느 그림과 이어지는지 눈으로 천천
saussure2	311	일일독해(비문학) Day 311	모둠 실험을 하러 나가기 전에는 큰 실험판만 챙겼다고 생각해도 작은 집게와 이름표가 빠지기 쉽습니다. 그래서 우리 반은 준비표를 보며 실험판, 기록지, 집게, 이름표를 한 줄씩 다시 맞춥니다. 먼저 모두가 함께 보는
saussure2	312	일일독해(문학) Day 312	예린은 전시판 앞에 서자 파란 창문 띠 조각 하나가 비뚤어져 있는 것을 바로 알아차렸습니다. 전시판 가장자리에 남은 얇은 선이 갑자기 끊긴 자리도 함께 보여서 멀리서도 더욱 눈에 띄었습니다. 그런데 바람이 불어 종이
saussure2	313	일일독해(비문학) Day 313	모둠 관찰을 하러 나가기 전에는 큰 기록판만 챙겼다고 생각해도 작은 자와 이름 스티커가 빠지기 쉽습니다. 그래서 우리 반은 준비표를 보며 기록판, 관찰지, 자, 이름 스티커를 한 줄씩 다시 맞춥니다. 먼저 모두가 함
saussure2	314	일일독해(문학) Day 314	서아는 전시판 앞에 서자 파란 강물 길 조각 하나가 비뚤어져 있는 것을 바로 알아차렸습니다. 전시판 가장자리에 남은 얇은 선이 갑자기 끊긴 자리도 함께 보여서 멀리서도 더욱 눈에 띄었습니다. 그런데 창문 틈으로 바람
saussure2	315	일일독해(비문학) Day 315	체험학습을 나가기 전에는 큰 기록판만 챙겼다고 생각해도 작은 집게와 파란 이름표가 빠지기 쉽습니다. 그래서 우리 반은 준비판을 보며 기록판, 관찰지, 집게, 이름표를 한 줄씩 다시 맞춥니다. 먼저 모두가 함께 보는 
saussure2	316	일일독해(문학) Day 316	민서는 전시판 앞에 서자 파란 우주선 창문 조각 하나가 비뚤어져 있는 것을 바로 알아차렸습니다. 전시판 가장자리에 남은 가는 선이 갑자기 끊긴 자리도 함께 보여서 멀리서도 더욱 눈에 띄었습니다. 그런데 바람에 달린 
saussure2	317	일일독해(비문학) Day 317	모둠 관찰을 하러 나가기 전에는 큰 활동판만 챙겼다고 생각해도 작은 자석 집게와 파란 이름표가 빠지기 쉽습니다. 그래서 우리 반은 준비표를 보며 활동판, 질문 카드, 자석 집게, 이름표를 한 줄씩 다시 맞춥니다. 먼
saussure2	318	일일독해(문학) Day 318	서현은 전시판 앞에 서자 파란 파도선 조각 하나가 비뚤어져 있는 것을 바로 알아차렸습니다. 전시판 가장자리에 남은 가는 선이 갑자기 끊긴 자리도 함께 보여서 멀리서도 더욱 눈에 띄었습니다. 그런데 창문 틈으로 들어온
saussure2	319	일일독해(비문학) Day 319	모둠 연습을 하러 음악실로 갈 때는 큰 악보판만 챙겼다고 생각해도 박자 막대와 파란 이름표 같은 작은 준비물이 빠지기 쉽습니다. 그래서 우리 반은 준비표를 보며 악보판, 연습 카드, 박자 막대, 이름표를 한 줄씩 다
saussure2	320	일일독해(문학) Day 320	지후는 축제 전시판 앞에 서자 파란 종이배 돛 끝이 오른쪽에서 살짝 접혀 들린 것을 먼저 보았습니다. 돛과 이어져야 할 얇은 선이 한쪽에서 툭 끊겨 보여서 멀리서도 빈자리가 훨씬 더 눈에 띄었습니다. 막 청소를 마친
saussure2	321	일일독해(비문학) Day 321	관찰 수업을 나가기 전에는 바구니 안 물건을 준비표 첫 줄부터 차례로 다시 맞추어야 합니다. 우리 반 준비표에는 관찰판, 투명 자, 색연필 묶음, 파란 이름표가 한 줄씩 적혀 있습니다. 먼저 모두가 같이 보는 관찰판
saussure2	322	일일독해(문학) Day 322	서윤은 복도 끝 전시판 앞에 서자 파란 종이별 끈 끝이 오른쪽에서 살짝 들린 것을 먼저 보았습니다. 끈이 이어져야 할 선이 한쪽에서 툭 끊겨 보여서 멀리서도 빈자리가 더 또렷하게 눈에 들어왔습니다. 막 정리를 마친 
saussure2	323	일일독해(비문학) Day 323	공원에서 모둠 돗자리를 펼칠 때는 빈자리만 보는 것보다 메모판에 적힌 순서대로 주변을 함께 살피는 일이 먼저입니다. 우리 반 메모판에는 돗자리 자리, 물병 바구니, 간식 상자, 파란 이름표가 차례로 적혀 있습니다. 
saussure2	324	일일독해(문학) Day 324	가은은 복도 끝 전시판 앞에 서자 파란 리본 끝이 왼쪽 아래에서 살짝 들린 것을 먼저 보았습니다. 리본이 이어져야 할 선이 한쪽에서 뚝 끊겨 보여서 멀리서도 빈자리가 먼저 눈에 들어왔습니다. 막 정리를 마친 뒤 창문
saussure2	325	일일독해(비문학) Day 325	학교에서 분리배출을 할 때는 버릴 것을 그냥 들고 가기보다 확인 순서를 먼저 세우는 편이 더 안전합니다. 우리 반 환경판에는 비우기, 물기 보기, 재질 읽기, 마지막 다시 보기 순서가 적혀 있습니다. 먼저 통 안에 
saussure2	326	일일독해(문학) Day 326	현관 앞 전시판에는 파란 연 끈 조각이 하나 떨어져 있었고, 연 몸통과 꼬리 사이 선이 중간에서 끊겨 보였습니다. 서윤은 비가 오기 전에 집에 가야 한다는 생각 때문에 손이 먼저 바빠지고 마음도 급해졌습니다. 그때 
saussure2	327	일일독해(비문학) Day 327	모둠 화분을 관찰대로 옮기기 전에는 준비표를 보고 필요한 것을 같은 순서로 다시 맞추는 일이 먼저입니다. 준비표에는 화분 받침, 기록판, 짧은 자, 파란 이름표, 물통이 차례로 적혀 있습니다. 먼저 화분 받침과 기록
saussure2	328	일일독해(문학) Day 328	복도 끝 전시판 앞에서는 파란 바람띠 한 줄이 아래로 느슨하게 늘어져 있었고, 이어져야 할 선이 중간에서 비어 보였습니다. 소라는 종이 조각이 멀리 날아갔을까 걱정되어 걸음이 빨라지고 마음도 급해졌습니다. 그때 지후
saussure2	329	일일독해(비문학) Day 329	준비표로 발표 자료 봉투를 다시 맞출 때는 먼저 큰 칸과 작은 칸의 이름을 함께 읽어 봅니다. 큰 칸에는 그림 카드와 설명 종이를, 작은 칸에는 집게와 이름표를 넣기로 약속해 두었습니다. 먼저 그림 카드와 설명 종이
saussure2	330	일일독해(문학) Day 330	가을 전시판 아래에서 민아는 파란 띠 조각 하나가 바닥 쪽으로 비뚤게 내려온 것을 먼저 보았습니다. 조각이 완전히 떨어진 것은 아니었지만 끝이 들려 있어 바람이 닿으면 더 찢어질 듯했습니다. 민아는 손을 서두르지 말
saussure2	331	일일 독해(비문학) Day 331	과학 관찰을 나가기 전에는 준비표를 보며 관찰 가방을 한 칸씩 다시 맞추는 일이 중요합니다.먼저 확대경과 기록판을 큰 칸에 넣고, 파란 이름 스티커 봉투가 얕은 칸에 남아 있는지 확인합니다.그다음에는 색연필과 작은 
saussure2	332	일일 독해(문학) Day 332	지우와 하린은 복도 전시판 앞에서 파란 제목표 조각 하나가 떨어진 것을 보고 잠시 멈추었습니다.지우는 바로 집어 붙이고 싶었지만, 하린은 조각이 젖어 있지 않은지와 찢어진 쪽이 어디인지 먼저 살펴보자고 했습니다.두 
saussure2	333	일일 독해(비문학) Day 333	학급 방송을 준비할 때에는 준비표를 보며 방송 상자와 책상 위 자료를 차례대로 다시 맞추는 일이 필요합니다.먼저 대본판과 알림 카드를 큰 칸에 넣고, 파란 순서표 봉투가 얕은 칸에 남아 있는지 확인합니다.그다음에는 
saussure2	334	일일 독해(문학) Day 334	세아와 준호는 교실 뒤 전시판 앞에서 파란 제목띠 조각 하나가 들린 것을 보고 발걸음을 멈추었습니다.세아는 바로 눌러 붙이려 했지만, 준호는 조각이 젖었는지와 찢어진 끝이 어디인지 먼저 살펴보자고 했습니다.두 사람은
saussure2	335	일일 독해(비문학) Day 335	체험학습 전날에는 모둠 준비판을 보며 기록 가방 안 물건을 한 번 더 맞추어 보는 일이 필요합니다.먼저 관찰 공책과 연필 자루를 큰 칸에 넣고, 파란 이름표 봉투가 옆 주머니에 남아 있는지 확인합니다.그다음에는 손으
saussure2	336	일일 독해(문학) Day 336	지우와 서윤은 복도 끝 전시판 앞에서 파란 배꼬리 조각 하나가 들린 것을 보고 함께 걸음을 멈추었습니다.지우는 바로 눌러 붙이려 했지만, 서윤은 조각 끝이 접혔는지와 떨어진 자국이 어디인지 먼저 살펴보자고 했습니다.
saussure2	337	일일 독해(비문학) Day 337	발표 수업을 앞두면 모둠 상자 안 물건을 역할표와 함께 다시 맞추는 일이 필요합니다.먼저 설명 카드와 기록 종이를 큰 칸에 넣고, 집게와 파란 이름표가 앞주머니에 있는지 차례로 확인합니다.그다음에는 상자 옆면과 안쪽
saussure2	338	일일 독해(문학) Day 338	지아와 민서는 복도 끝 전시판 앞에서 파란 우주선 창문 조각 하나가 들린 것을 보고 걸음을 멈추었습니다.민서는 바로 눌러 붙이려 했지만, 지아는 조각 끝이 접혔는지와 떨어진 자국이 어디인지 먼저 살펴보자고 했습니다.
saussure2	339	일일 독해(비문학) Day 339	모둠 청소를 시작하기 전에는 정리 상자 안 도구를 순서표와 맞춰 다시 살피는 일이 필요합니다.먼저 걸레와 마른천을 큰 칸에 넣고, 작은 집게와 파란 이름표가 앞주머니에 있는지 차례로 확인합니다.그다음에는 상자 옆면과
saussure2	340	일일 독해(문학) Day 340	민지와 도윤은 복도 전시판 앞에서 파란 배 그림의 돛 조각이 들린 것을 보고 발걸음을 멈추었습니다.도윤은 손으로 바로 눌러 붙이려 했지만, 민지는 접힌 끝과 떨어진 자국을 먼저 살펴야 한다고 말했습니다.둘은 바닥과 
saussure2	341	일일 독해(비문학) Day 341	교실 뒤 준비판에는 모둠 화분을 관찰대로 옮기기 전에 다시 살펴야 할 순서가 적혀 있었습니다.첫째 줄에는 물뿌리개와 기록판을 큰 칸에서 꺼내고, 파란 이름표와 작은 자를 앞주머니에서 확인하라고 적혀 있었습니다.둘째 
saussure2	342	일일 독해(문학) Day 342	서연과 민우는 교실 뒤 전시판 앞에서 파란 길 안내판 끝이 들린 것을 보고 동시에 멈추었습니다.민우는 손으로 바로 누르려 했지만, 서연은 접힌 모서리와 남은 자국을 먼저 맞춰 봐야 한다고 말했습니다.둘은 바닥과 틀 
saussure2	343	일일 독해(비문학) Day 343	도서관 준비판에는 반납 책 수레를 밀기 전에 다시 볼 순서가 적혀 있었습니다. 첫째 줄에는 큰 칸의 책갈피 통과 분류표를 꺼내고, 파란 번호표와 작은 메모 카드를 옆주머니에서 확인하라고 적혀 있었습니다. 둘째 줄에는
saussure2	344	일일 독해(문학) Day 344	서아와 민준은 교실 뒤 전시판 앞에서 파란 강물 띠 한쪽 끝이 들린 것을 보고 동시에 멈추었습니다. 민준은 손으로 바로 누르려 했지만, 서아는 접힌 모서리와 남은 자국을 먼저 맞춰 봐야 한다고 말했습니다. 둘은 전시
saussure2	345	일일 독해(비문학) Day 345	준비판에는 모둠 자료 상자를 옮기기 전에 다시 볼 순서가 적혀 있었습니다. 첫째 줄에는 큰 칸의 기록지 묶음과 파란 이름표, 작은 메모 카드를 함께 꺼내 놓으라고 적혀 있었습니다. 둘째 줄에는 옆주머니 속 자와 집게
saussure2	346	일일 독해(문학) Day 346	서연과 민호는 교실 뒤 전시판 앞에서 파란 고래 꼬리 조각 한쪽이 들린 것을 보고 동시에 멈추었습니다. 민호는 손으로 바로 누르려 했지만, 서연은 남은 자국과 접힌 모서리를 먼저 맞춰 봐야 한다고 말했습니다. 둘은 
saussure2	347	일일 독해(비문학) Day 347	준비판에는 운동장 관찰 상자를 옮기기 전에 다시 볼 순서가 적혀 있었습니다. 첫째 줄에는 큰 칸의 기록판과 파란 이름 스티커, 작은 메모 봉투를 함께 꺼내 놓으라고 적혀 있었습니다. 둘째 줄에는 옆주머니 속 자와 연
saussure2	348	일일 독해(문학) Day 348	지안과 수호는 교실 뒤 전시판 앞에서 파란 강 조각 한쪽이 들린 것을 보고 함께 멈추었습니다. 수호는 손으로 바로 눌러 보려 했지만, 지안은 남은 자국과 접힌 모서리를 먼저 맞춰 봐야 한다고 말했습니다. 둘은 전시판
saussure2	349	일일 독해(비문학) Day 349	낮에 운동장에 나가 보면 그림자 길이는 시간마다 달라집니다. 같은 나무도 아침과 저녁에는 그림자가 길고, 한낮에는 짧아집니다. 이것은 해가 하늘에서 보이는 높이가 바뀌어 빛이 들어오는 방향이 달라지기 때문입니다. 빛
saussure2	350	일일 독해(문학) Day 350	지우와 하린은 교실 뒤 전시판 앞에서 파란 강길 조각 한쪽이 들린 것을 보고 함께 멈추었습니다. 하린은 손으로 바로 눌러 붙이려 했지만, 지우는 남은 자국과 접힌 모서리를 먼저 맞춰 봐야 한다고 말했습니다. 둘은 전
saussure2	351	일일 독해(비문학) Day 351	과학 시간에 민수네 모둠은 준비판을 보며 관찰 상자를 다시 열어 보았습니다. 첫째 줄에는 기록판, 연필, 작은 자가 있고, 둘째 줄에는 돋보기와 이름표 봉투가 있어야 했습니다. 그런데 상자 맨 안쪽 칸이 비어 있어 
saussure2	352	일일 독해(문학) Day 352	소연과 윤호는 복도 끝 전시판 앞에서 파란 강줄기 조각 한쪽이 들린 것을 보고 걸음을 멈추었습니다. 윤호는 얼른 눌러 붙이자고 했지만, 소연은 남은 자국과 접힌 모서리를 먼저 맞춰 보자고 말했습니다. 둘은 전시판 틀
saussure2	353	독해(비문학) Day 353	방송 시간에 민주는 준비표를 보며 방송 상자를 다시 열어 보았습니다. 첫째 칸에는 대본철, 연필, 작은 시계가 있고, 둘째 칸에는 이름표 끈과 파란 스티커 봉투가 있어야 했습니다. 그런데 맨 아래 칸이 비어 있어 모
saussure2	354	독해(문학) Day 354	가을 전시판 앞에서 서윤과 민호는 파란 다리 난간 조각 한쪽이 들린 것을 보고 걸음을 멈추었습니다. 민호는 얼른 눌러 붙이자고 했지만, 서윤은 남은 자국과 접힌 모서리를 먼저 맞춰 보자고 말했습니다. 둘은 전시판 틀
saussure2	355	독해(비문학) Day 355	과학 시간에 하람이네 모둠은 관찰판을 운동장으로 옮기기 전에 준비표를 다시 펼쳐 보았습니다. 준비표 첫 줄에는 기록판, 연필 두 자루, 작은 자를 맨 앞 주머니에 넣으라고 적혀 있었습니다. 둘째 줄에는 관찰 카드와 
saussure2	356	독해(문학) Day 356	겨울 복도 전시판 앞에서 다은과 서호는 파란 리본 조각 한쪽이 들린 것을 보고 걸음을 멈추었습니다. 서호는 얼른 눌러 붙이자고 했지만, 다은은 남은 자국과 꺾인 선부터 먼저 맞춰 보자고 말했습니다. 둘은 전시판 틀 
saussure2	357	독해(비문학) Day 357	모둠 실험을 시작하기 전에 지호네는 준비판 아래에 붙은 확인표를 다시 읽었습니다. 첫 줄에는 시험관 두 개, 스포이트 한 개, 기록 카드를 왼쪽 칸에 놓으라고 적혀 있었습니다. 둘째 줄에는 파란 이름 스티커와 작은 
saussure2	358	독해(문학) Day 358	도서관 복도 안내판 앞에서 윤서와 민찬은 파란 표지띠 끝이 살짝 들린 것을 보고 함께 멈추었습니다. 민찬은 손으로 바로 눌러 보려 했지만, 윤서는 남은 자국과 접힌 결을 먼저 맞춰 보자고 말했습니다. 둘은 안내판 아
saussure2	359	독해(비문학) Day 359	과학 시간에 모둠 상자를 옮기기 전에 다온이네는 준비표를 다시 펼쳤습니다. 준비표 첫줄에는 기록판, 연필 두 자루, 자를 왼쪽 칸에 넣으라고 적혀 있었습니다. 둘째 줄에는 파란 이름표와 작은 집게를 오른쪽 주머니에 
saussure2	360	독해(문학) Day 360	복도 전시판 앞에서 하준이와 서아는 파란 다리 난간 조각이 한쪽 끝에서 들린 것을 보고 함께 멈추었습니다. 하준이는 손으로 바로 눌러 보려 했지만, 서아는 남은 자국과 접힌 선을 먼저 맞춰 보자고 말했습니다. 둘은 
saussure2	361	독해(비문학) Day 361	모둠이 화단 관찰을 나가기 전에 준비판 옆에 붙은 점검표를 다시 읽었습니다. 첫 줄에는 관찰 노트 두 권과 파란 기록판, 연필 두 자루를 왼쪽 칸에 넣으라고 적혀 있었습니다. 둘째 줄에는 이름표와 작은 돋보기를 오른
saussure2	362	독해(문학) Day 362	복도 전시판 앞에서 예린과 도현은 파란 별자리 띠 한쪽이 들린 것을 보고 함께 멈추었습니다. 도현은 손으로 바로 누르려 했지만, 예린은 남은 자국과 접힌 선을 먼저 맞춰 보자고 말했습니다. 둘은 전시판 아래 선반과 
saussure2	363	독해(비문학) Day 363	우리 반은 정리표를 보며 독서 상자를 다시 맞출 때가 있습니다. 첫 줄에는 책 세 권과 파란 책갈피, 독서 공책을 왼쪽 칸에 넣으라고 적혀 있습니다. 둘째 줄에는 이름표와 대출 카드를 오른쪽 주머니에 함께 두라고 적
saussure2	364	독해(문학) Day 364	복도 전시판 앞에서 유나와 지호는 파란 강물 조각 한쪽이 들린 것을 보고 함께 멈추었습니다. 지호는 손으로 바로 누르려 했지만, 유나는 남은 자국과 접힌 선을 먼저 맞춰 보자고 말했습니다. 둘은 전시판 아래 선반과 
saussure2	365	독해(비문학) Day 365	우리 반은 교실을 나서기 전에 준비판을 다시 보는 습관을 함께 익히고 있습니다. 첫 줄에는 공책 두 권과 파란 파일철, 연필 두 자루를 왼쪽 칸에 넣으라고 적혀 있습니다. 둘째 줄에는 이름표와 작은 안내 카드를 오른
saussure3	1	일일독해(비문학) Day 1	체험학습을 나가기 전, 선생님은 모둠마다 관찰 가방을 책상 위에 올려 놓고 준비표와 차례로 맞춰 보자고 했습니다.준비표에는 돋보기, 기록판, 연필, 지퍼 봉투, 이름표를 어느 칸에 넣고 언제 다시 볼지가 함께 적혀 
saussure3	2	일일독해(문학) Day 2	비가 그친 뒤 지우와 민서는 복도 끝 전시판 앞에 멈춰 서서 축제 안내 그림을 다시 살펴보았습니다.전시판 가운데 붙어 있던 파란 길 조각 하나가 떨어져 빈 자리가 눈에 띄자 둘은 먼저 모양부터 확인했습니다.민서는 조
saussure3	3	일일독해(비문학) Day 3	발표 수업이 있는 날, 선생님은 모둠마다 발표 가방을 책상 위에 올려 놓고 준비표를 먼저 읽어 보자고 했습니다.준비표에는 말하기 카드, 그림판, 자석 막대, 연결 끈, 이름표를 어느 칸에 넣고 언제 다시 확인할지가 
saussure3	4	일일독해(문학) Day 4	체육관 앞 전시판을 보던 지후와 연서는 축제 길 그림 사이에 붙어 있던 파란 고리 조각 하나가 사라진 것을 알아차렸습니다.빈 자리는 둥글게 휘어 있었고 끝에 얇은 줄 두 개가 이어져 있어 둘은 조각의 모양부터 먼저 
saussure3	5	일일독해(비문학) Day 5	화단 관찰 시간에는 상자를 들고 바로 나가지 않고 준비표의 세 줄을 먼저 읽어야 합니다.첫 줄에는 지금 챙길 것, 둘째 줄에는 밖에서 다시 볼 것, 셋째 줄에는 돌아와서 확인할 것이 나뉘어 적혀 있습니다.선생님은 같
saussure3	6	일일독해(문학) Day 6	도서관에서 책을 빌려 집으로 오던 하린은 가방이 한쪽으로 쏠릴 만큼 바람이 세게 불자 걸음을 잠시 멈추었습니다.하린은 빌린 책을 젖지 않게 비닐 주머니에 먼저 넣으라는 사서 선생님의 말을 떠올렸지만, 서두르느라 그 
saussure3	7	일일독해(비문학) Day 7	횡단보도 앞에서는 발을 바로 내딛지 말고 멈춘 자리에서 신호등과 차의 흐름을 함께 살펴야 합니다.초록불이 켜져도 자동차가 멈추는지 먼저 보고, 왼쪽과 오른쪽, 다시 왼쪽을 확인한 뒤 건너기 시작해야 합니다.비가 오거
saussure3	8	일일독해(문학) Day 8	발표 연습을 마치고 쉬는 시간이 되자 지우는 발표 원고를 접어 두었다가 다음 순서 전에 다시 읽어 보려고 했습니다.지우는 원고에서 중요한 문장마다 파란 줄을 그어 두었는데, 종이 울리고 나서 책상 위를 보니 원고가 
saussure3	9	일일독해(비문학) Day 9	토론 시간에 질문 카드를 만들 때에는 책 제목과 읽은 쪽수를 먼저 같은 칸에 적어 두어야 합니다.그래야 나중에 카드만 보고도 어느 장면에서 나온 생각인지 바로 떠올릴 수 있습니다.질문을 적을 때에는 마음에 든 까닭,
saussure3	10	일일독해(문학) Day 10	운동회 안내판을 옮기고 나서 지아는 맨 위에 달려 있던 파란 리본 한쪽이 보이지 않는다는 것을 알아차렸습니다.리본이 작지만 눈에 잘 띄는 자리라서, 그대로 두면 안내판이 금세 허전해 보여 지아는 마음이 자꾸 그쪽으로
saussure3	11	일일독해(비문학) Day 11	공원에서 오래 머물 때에는 먼저 오늘 쓰려는 자리와 지나가야 하는 길을 함께 살펴보아야 합니다.돗자리를 펴기 전에 자전거나 유모차가 지나는 길을 막지 않는지 보고, 화단을 가리지 않는지도 확인해야 합니다.간식을 먹을
saussure3	12	일일독해(문학) Day 12	유나는 운동장 옆 벤치에 앉아 빌린 책을 읽다가, 페이지 사이에 꽂아 둔 파란 책갈피가 보이지 않는다는 것을 알아차렸습니다.방금 전까지 책 가장자리 밖으로 살짝 나와 있던 끝이 안 보여서, 유나는 책장을 넘기다 떨어
saussure3	13	일일독해(비문학) Day 13	과학 관찰 수업이 있는 날에는 연필과 돋보기만 챙긴다고 준비가 끝나는 것이 아닙니다.선생님이 나누어 준 준비표에는 도구 이름뿐 아니라, 넣을 자리와 쓰는 순서까지 함께 적혀 있습니다.그래서 가방을 챙길 때에는 물건이
saussure3	14	일일독해(문학) Day 14	하린과 수아는 복도 끝 전시판에 붙일 연극 안내판을 함께 옮기고 있었습니다.안내판 맨 위에는 파란 제목띠가 길게 붙어 있었는데, 모서리 한쪽이 들려 바람이 스칠 때마다 흔들렸습니다.수아는 교실 문을 나설 때까지만 해
saussure3	15	일일독해(비문학) Day 15	양치 준비를 잘하려면 칫솔을 드는 일보다 먼저 순서를 떠올려야 합니다.세면대 앞에 서면 칫솔과 컵, 치약을 한 줄로 놓고, 물이 튀지 않을 자리도 먼저 정해야 합니다.치약을 짜기 전에 컵에 물을 받아 두면, 중간에 
saussure3	16	일일독해(문학) Day 16	소라는 도서관 앞 게시판에 붙일 안내 종이를 들고 가다가 파란 모서리띠 한 조각이 비어 있는 것을 발견했습니다.방금 전까지 끈처럼 길게 이어져 있던 끝이 보이지 않자, 소라는 어디에 떨어졌는지 몰라 걸음을 멈추었습니
saussure3	17	일일독해(비문학) Day 17	모둠 실험을 시작하기 전에 준비판을 보면 필요한 도구와 넣을 칸이 차례로 보입니다. 지우개, 관찰 기록지, 집게, 파란 이름표를 줄마다 놓고, 물이 묻지 않을 칸부터 먼저 정합니다. 같은 줄의 물건을 번호에 맞추면 
saussure3	18	일일독해(문학) Day 18	수아는 복도 끝 게시판에서 봄 축제 그림을 다시 살피다가 파란 고리 조각 하나가 비어 있는 것을 보았습니다. 조금 전까지 반짝이며 이어져 있던 조각이 보이지 않자, 어디에서 떨어졌는지부터 먼저 떠올리며 걸음을 멈추었
saussure3	19	일일독해(비문학) Day 19	메모표를 잘 쓰려면 먼저 해야 할 일을 짧은 말로 나누어 같은 줄에 적어 두는 편이 좋습니다.해야 할 일을 길게 외우면 중간에 하나를 빼먹기 쉽지만, 줄마다 기준을 세우면 어디까지 했는지 바로 보입니다.첫 줄에는 먼
saussure3	20	일일독해(문학) Day 20	비가 갑자기 세게 쏟아지자 나윤은 놀이터에서 우산을 꼭 쥔 채 집 쪽으로 걸음을 재촉했습니다.그런데 미끄러운 흙길에서 바람이 한 번 세게 밀어오자 우산 끈이 손가락 사이에서 툭 빠져 나갔습니다.나윤은 바로 뛰어가려다
saussure3	21	일일독해(비문학) Day 21	체험 수업에서 줄서기가 흐트러지는 까닭은 빨리 움직이는 일만 먼저 생각하고, 앞사람 간격과 돌아볼 자리를 함께 보지 않기 때문입니다.그래서 교실에서는 출발 전에 줄서기 표를 세워 첫 줄에는 서기 전 볼 것, 둘째 줄
saussure3	22	일일독해(문학) Day 22	소연은 전시판 앞에서 발표 제목을 고치다가 파란 제목띠 끝 조각이 바닥으로 미끄러지는 것을 보았습니다.그는 바로 주우려 했지만 바람이 열린 창문 틈으로 들이치며 종이들이 한꺼번에 흔들려 어느 쪽으로 갔는지 금세 헷갈
saussure3	23	일일독해(비문학) Day 23	준비판이 있어도 모둠 상자가 어지러워지는 까닭은 물건 이름만 보고, 어느 칸에 두어야 하는지와 다시 볼 자리를 함께 정하지 않기 때문입니다.그래서 과학 시간에는 준비판을 세 부분으로 나누어 첫 줄에는 꺼낼 것, 둘째
saussure3	24	일일독해(문학) Day 24	유나는 전시판 앞에서 봄마을 지도를 고치다가 파란 다리 난간 조각 하나가 전시판 아래로 톡 떨어지는 것을 보았습니다.그는 바로 집으려 했지만 옆에서 친구들이 제목띠를 들고 지나가며 바람이 일어 종이 조각이 어디로 밀
saussure3	25	일일독해(비문학) Day 25	공용 태블릿이 자주 헷갈리는 까닭은 기기 번호만 보고, 펜과 받침이 제자리에 있는지와 마지막에 다시 볼 자리를 함께 정하지 않기 때문입니다.그래서 태블릿 수업 전에는 점검표를 세 부분으로 나누어 첫 줄에는 번호와 화
saussure3	26	일일독해(문학) Day 26	가은은 전시판 앞에서 바다마을 지도를 고치다가 파란 등대 길 조각 하나가 전시판 아래로 톡 떨어지는 것을 보았습니다.그는 바로 집으려 했지만 옆에서 친구들이 제목띠를 들고 지나가며 바람이 일어 종이 조각이 어디로 밀
saussure3	27	일일독해(비문학) Day 27	모둠 발표 자료가 자주 뒤섞이는 까닭은 역할표를 읽지 않고 보이는 종이부터 손에 잡기 때문입니다.그래서 발표를 준비할 때는 먼저 역할표 맨 위에 적힌 차례를 읽고, 그 아래에 있는 자료 상자 칸 이름을 같은 순서로 
saussure3	28	일일독해(문학) Day 28	수아는 전시판 앞에서 연못 그림을 정리하다가 파란 물결 띠 조각 하나가 손끝에서 미끄러져 바닥으로 떨어지는 것을 보았습니다.그는 바로 허리를 숙였지만 옆에서 친구들이 그림판을 옮기며 바람을 일으켜 조각이 굴러간 쪽을
saussure3	29	일일독해(비문학) Day 29	모둠 관찰 상자가 자주 뒤섞이는 까닭은 물건 이름보다 눈에 띄는 자리부터 손을 뻗기 때문입니다.그래서 준비를 시작할 때는 상자 뚜껑 안쪽의 확인표를 읽고, 위줄에서 아래줄로 내려가며 칸 이름과 물건 이름을 함께 맞춰
saussure3	30	일일독해(문학) Day 30	지우는 축제 안내판 앞에서 강 그림을 붙이다가 파란 다리 난간 조각 하나가 바람을 타고 바닥으로 미끄러지는 것을 보았습니다.그는 곧장 허리를 숙였지만 옆에서 친구들이 현수막을 들고 지나가며 공기를 흔드는 바람에 조각
saussure3	31	일일독해(비문학) Day 31	준비가 자주 늦어지는 까닭은 필요한 물건을 떠오르는 대로 가방에 넣고, 넣은 뒤에는 다시 보지 않기 때문입니다.그래서 모둠 관찰을 나가기 전에는 준비표를 펴 두고, 위줄부터 아래줄까지 칸 이름과 물건 이름을 함께 맞
saussure3	32	일일독해(문학) Day 32	서윤은 전시판에 붙인 봄 축제 지도를 살피다가 파란 별 조각 하나가 바람을 타고 아래로 밀리는 것을 보았습니다.그는 곧바로 손을 뻗었지만, 복도에서 지나가던 친구들이 흔든 현수막 바람이 겹치며 조각이 멈춘 자리를 놓
saussure3	33	일일독해(비문학) Day 33	준비가 자주 늦어지는 모둠은 물건 수만 세고, 각 물건이 있어야 할 자리를 끝까지 맞춰 보지 않는 경우가 많습니다.그래서 방송 상자를 챙길 때에는 준비표의 윗줄부터 아래줄까지 읽으며, 칸 이름과 물건 이름을 같이 확
saussure3	34	일일독해(문학) Day 34	지우는 전시판에 붙인 가을 지도를 살피다가 파란 나침반 화살표 조각이 창문 바람을 타고 아래로 미끄러지는 것을 보았습니다.그는 손을 뻗어 바로 잡으려 했지만, 문을 여닫는 바람이 한 번 더 꺾이며 조각이 멈춘 자리를
saussure3	35	일일독해(비문학) Day 35	우리 반은 공원에서 모둠 관찰 활동을 하기 전에 먼저 공용 자리를 쓰는 약속부터 다시 읽습니다.돗자리를 펴기 전에 사람들이 지나는 길, 화단 경계, 쓰레기통 위치를 함께 보고 어디까지 써도 되는지 정합니다.이때 한 
saussure3	36	일일독해(문학) Day 36	지후는 교실 뒤 전시판에 붙일 봄 산책 안내지도를 들고 가다가 파란 길표 조각이 바람에 밀려 바닥으로 미끄러지는 것을 보았습니다.그는 손을 뻗어 바로 잡으려 했지만 문이 한 번 더 흔들리며 조각이 멈춘 자리를 놓치고
saussure3	37	일일독해(비문학) Day 37	우리 반은 과학 시간에 모둠 화분을 관찰대로 옮기기 전에 준비표부터 다시 읽습니다.준비표 첫 줄에는 화분 받침이 흔들리지 않는지 보고, 둘째 줄에는 돋보기와 기록판을 어느 자리에 둘지 맞추고, 셋째 줄에는 지나가는 
saussure3	38	일일독해(문학) Day 38	소라는 교실 뒤 전시판에 붙일 바다 마을 그림을 들고 가다가 파란 다리 난간 조각이 바람에 밀려 복도 끝으로 미끄러지는 것을 보았습니다.그녀는 곧바로 뛰어가 잡으려 했지만 그림판 모서리가 흔들리며 조각이 어디서 꺾였
saussure3	39	일일독해(비문학) Day 39	우리 반은 체험학습 자료함을 복도로 옮기기 전에 준비판부터 다시 읽습니다.준비판 첫 줄에는 자료함 잠금이 풀리지 않았는지 보고, 둘째 줄에는 기록지와 연필 묶음을 어느 칸에 둘지 맞추고, 셋째 줄에는 지나가는 길을 
saussure3	40	일일독해(문학) Day 40	나연은 교실 뒤 전시판에 붙일 바다 마을 그림을 들고 가다가 파란 지붕 조각 하나가 바람에 들려 창문 쪽으로 미끄러지는 것을 보았다.그는 급히 손을 뻗었지만 그림판 모서리가 흔들리며 조각이 마지막으로 보인 자리까지 
saussure3	41	일일독해(비문학) Day 41	우리 반은 학교 숲 관찰을 나가기 전에 준비표를 읽을 때, 줄마다 무엇을 함께 보라는 뜻인지 짧게 바꾸어 말해 봅니다.첫 줄은 가방 손잡이와 잠금띠를 보고, 둘째 줄은 돋보기와 기록판이 같은 번호 칸에 들어갔는지 맞
saussure3	42	일일독해(문학) Day 42	소라는 과학 전시판에 붙일 별자리 지도를 들고 가다가 파란 선 조각 하나가 종이 끝에서 들려 실험대 아래로 미끄러지는 것을 보았다.그는 바로 쭈그리고 싶었지만, 들고 있던 판이 기울면 다른 조각까지 움직일 것 같아 
saussure3	43	일일독해(비문학) Day 43	우리 반은 학교 숲 관찰을 나가기 전에 준비표를 한 줄씩 읽으며 그 뜻을 짧게 바꾸어 말해 봅니다.첫째 줄은 가방 옆 주머니와 연필 칸을 함께 보고, 둘째 줄은 돋보기와 기록판이 같은 번호에 들어갔는지 맞추라는 뜻입
saussure3	44	일일독해(문학) Day 44	쉬는 시간에 민재와 소희는 복도 전시판 앞에 섰다가 파란 물결 조각 하나가 가장자리에서 살짝 들린 것을 보았습니다.바람이 문틈으로 들어올 때마다 그 조각 끝이 떨렸고, 금방이라도 바닥으로 미끄러질 듯해 둘은 먼저 발
saussure3	45	일일독해(비문학) Day 45	우리 모둠은 과학 실험 전 역할표와 순서표를 함께 읽으며 집게, 작은 컵, 기록지를 놓을 자리를 먼저 맞춥니다.첫째 줄은 집게와 작은 컵을 같은 번호 칸에 두고, 둘째 줄은 물통과 닦는 천을 벌려 두라는 뜻입니다.셋
saussure3	46	일일독해(문학) Day 46	종례가 끝나기 직전, 수아와 현우는 복도 전시판 아래에서 파란 매듭끈 조각 하나가 종이 깃발 끝에 떨어진 것을 보았습니다.창문 틈으로 들어온 바람 때문에 깃발이 흔들리며 끈 끝이 바닥 쪽으로 밀려 있었고, 두 사람은
saussure3	47	독해(비문학) Day 47	우리는 공원에서도 공원예절을 매일 조금씩 자주 실천해요. 공원예절을 잘하면 배려를 지킬 수 있고 마음도 더 조금 편해져요 그리고 다음이 더 쉬워져요. 하지만 서두르거나 대충 하면 실수가 더 생기기 쉬워요 그래서 더 
saussure3	48	독해(문학) Day 48	수아는 계단에서 연필을 한 손에 꽉 쥐고 꼭 들고 있었어요. 수아는 비가 오기 전에 집에 가려고 발걸음을 더 빨리 옮기며 계속 서둘렀어요. 그런데 바람이 갑자기 아주 세게 불어 연필이 손에서 미끄러졌어요. 수아는 순
saussure3	49	독해(비문학) Day 49	우리는 학교에서도 분리수거를 매일 조금씩 자주 실천해요. 분리수거를 잘하면 환경을 지킬 수 있고 마음도 더 조금 편해져요 그리고 다음이 더 쉬워져요. 하지만 서두르거나 대충 하면 실수가 더 생기기 쉬워요 그래서 더 
saussure3	50	독해(문학) Day 50	지우는 도서관에서 수첩을 한 손에 꽉 쥐고 꼭 들고 있었어요. 지우는 비가 오기 전에 집에 가려고 발걸음을 더 빨리 옮기며 계속 서둘렀어요. 그런데 바람이 갑자기 아주 세게 불어 수첩이 손에서 미끄러졌어요. 지우는 
saussure3	51	독해(비문학) Day 51	우리는 집에서도 양치질을 매일 조금씩 자주 실천해요. 양치질을 잘하면 치아를 지킬 수 있고 마음도 더 조금 편해져요 그리고 다음이 더 쉬워져요. 하지만 서두르거나 대충 하면 실수가 더 생기기 쉬워요 그래서 더 조심해
saussure3	52	독해(문학) Day 52	건우는 복도에서 우산을 한 손에 꽉 쥐고 꼭 들고 있었어요. 건우는 비가 오기 전에 집에 가려고 발걸음을 더 빨리 옮기며 계속 서둘렀어요. 그런데 바람이 갑자기 아주 세게 불어 우산이 손에서 미끄러졌어요. 건우는 순
saussure3	53	독해(비문학) Day 53	우리는 학교에서도 준비물을 매일 조금씩 자주 실천해요. 준비물을 잘하면 시간을 지킬 수 있고 마음도 더 조금 편해져요 그리고 다음이 더 쉬워져요. 하지만 서두르거나 대충 하면 실수가 더 생기기 쉬워요 그래서 더 조심
saussure3	54	독해(문학) Day 54	현우는 계단에서 열쇠를 한 손에 꽉 쥐고 꼭 들고 있었어요. 현우는 비가 오기 전에 집에 가려고 발걸음을 더 빨리 옮기며 계속 서둘렀어요. 그런데 바람이 갑자기 아주 세게 불어 열쇠가 손에서 미끄러졌어요. 현우는 순
saussure3	55	독해(비문학) Day 55	우리는 교실에서도 메모하기를 매일 조금씩 자주 실천해요. 메모하기를 잘하면 기억을 지킬 수 있고 마음도 더 조금 편해져요 그리고 다음이 더 쉬워져요. 하지만 서두르거나 대충 하면 실수가 더 생기기 쉬워요 그래서 더 
saussure3	56	독해(문학) Day 56	도윤은 교실에서 물병을 한 손에 꽉 쥐고 꼭 들고 있었어요. 도윤은 비가 오기 전에 집에 가려고 발걸음을 더 빨리 옮기며 계속 서둘렀어요. 그런데 바람이 갑자기 아주 세게 불어 물병이 손에서 미끄러졌어요. 도윤은 순
saussure3	57	독해(비문학) Day 57	우리는 급식실에서도 줄서기를 매일 조금씩 자주 실천해요. 줄서기를 잘하면 질서를 지킬 수 있고 마음도 더 조금 편해져요 그리고 다음이 더 쉬워져요. 하지만 서두르거나 대충 하면 실수가 더 생기기 쉬워요 그래서 더 조
saussure3	58	독해(문학) Day 58	연우는 복도에서 지우개를 한 손에 꽉 쥐고 꼭 들고 있었어요. 연우는 비가 오기 전에 집에 가려고 발걸음을 더 빨리 옮기며 계속 서둘렀어요. 그런데 바람이 갑자기 아주 세게 불어 지우개가 손에서 미끄러졌어요. 연우는
saussure3	59	독해(비문학) Day 59	우리는 공원에서도 공원예절을 매일 조금씩 자주 실천해요. 공원예절을 잘하면 배려를 지킬 수 있고 마음도 더 조금 편해져요 그리고 다음이 더 쉬워져요. 하지만 서두르거나 대충 하면 실수가 더 생기기 쉬워요 그래서 더 
saussure3	60	독해(문학) Day 60	민지는 현관에서 책갈피를 한 손에 꽉 쥐고 꼭 들고 있었어요. 민지는 비가 오기 전에 집에 가려고 발걸음을 더 빨리 옮기며 계속 서둘렀어요. 그런데 바람이 갑자기 아주 세게 불어 책갈피가 손에서 미끄러졌어요. 민지는
saussure3	61	독해(비문학) Day 61	우리는 학교에서도 분리수거를 매일 조금씩 자주 실천해요. 분리수거를 잘하면 환경을 지킬 수 있고 마음도 더 조금 편해져요 그리고 다음이 더 쉬워져요. 하지만 서두르거나 대충 하면 실수가 더 생기기 쉬워요 그래서 더 
saussure3	62	독해(문학) Day 62	정우는 교실에서 우산을 한 손에 꽉 쥐고 꼭 들고 있었어요. 정우는 비가 오기 전에 집에 가려고 발걸음을 더 빨리 옮기며 계속 서둘렀어요. 그런데 바람이 갑자기 아주 세게 불어 우산이 손에서 미끄러졌어요. 정우는 순
saussure3	63	독해(비문학) Day 63	우리는 집에서도 양치질을 매일 조금씩 자주 실천해요. 양치질을 잘하면 치아를 지킬 수 있고 마음도 더 조금 편해져요 그리고 다음이 더 쉬워져요. 하지만 서두르거나 대충 하면 실수가 더 생기기 쉬워요 그래서 더 조심해
saussure3	64	독해(문학) Day 64	나윤은 운동장에서 열쇠를 한 손에 꽉 쥐고 꼭 들고 있었어요. 나윤은 비가 오기 전에 집에 가려고 발걸음을 더 빨리 옮기며 계속 서둘렀어요. 그런데 바람이 갑자기 아주 세게 불어 열쇠가 손에서 미끄러졌어요. 나윤은 
saussure3	65	독해(비문학) Day 65	우리는 학교에서도 준비물을 매일 조금씩 자주 실천해요. 준비물을 잘하면 시간을 지킬 수 있고 마음도 더 조금 편해져요 그리고 다음이 더 쉬워져요. 하지만 서두르거나 대충 하면 실수가 더 생기기 쉬워요 그래서 더 조심
saussure3	66	독해(문학) Day 66	하준은 놀이터에서 장갑을 한 손에 꽉 쥐고 꼭 들고 있었어요. 하준은 비가 오기 전에 집에 가려고 발걸음을 더 빨리 옮기며 계속 서둘렀어요. 그런데 바람이 갑자기 아주 세게 불어 장갑이 손에서 미끄러졌어요. 하준은 
saussure3	67	독해(비문학) Day 67	우리는 교실에서도 메모하기를 매일 조금씩 자주 실천해요. 메모하기를 잘하면 기억을 지킬 수 있고 마음도 더 조금 편해져요 그리고 다음이 더 쉬워져요. 하지만 서두르거나 대충 하면 실수가 더 생기기 쉬워요 그래서 더 
saussure3	68	독해(문학) Day 68	서윤은 급식실에서 지우개를 한 손에 꽉 쥐고 꼭 들고 있었어요. 서윤은 비가 오기 전에 집에 가려고 발걸음을 더 빨리 옮기며 계속 서둘렀어요. 그런데 바람이 갑자기 아주 세게 불어 지우개가 손에서 미끄러졌어요. 서윤
saussure3	69	독해(비문학) Day 69	우리는 급식실에서도 줄서기를 매일 조금씩 자주 실천해요. 줄서기를 잘하면 질서를 지킬 수 있고 마음도 더 조금 편해져요 그리고 다음이 더 쉬워져요. 하지만 서두르거나 대충 하면 실수가 더 생기기 쉬워요 그래서 더 조
saussure3	70	독해(문학) Day 70	채원은 도서관에서 책갈피를 한 손에 꽉 쥐고 꼭 들고 있었어요. 채원은 비가 오기 전에 집에 가려고 발걸음을 더 빨리 옮기며 계속 서둘렀어요. 그런데 바람이 갑자기 아주 세게 불어 책갈피가 손에서 미끄러졌어요. 채원
saussure3	71	독해(비문학) Day 71	우리는 공원에서도 공원예절을 매일 조금씩 자주 실천해요. 공원예절을 잘하면 배려를 지킬 수 있고 마음도 더 조금 편해져요 그리고 다음이 더 쉬워져요. 하지만 서두르거나 대충 하면 실수가 더 생기기 쉬워요 그래서 더 
saussure3	72	독해(문학) Day 72	현우는 놀이터에서 수첩을 한 손에 꽉 쥐고 꼭 들고 있었어요. 현우는 비가 오기 전에 집에 가려고 발걸음을 더 빨리 옮기며 계속 서둘렀어요. 그런데 바람이 갑자기 아주 세게 불어 수첩이 손에서 미끄러졌어요. 현우는 
saussure3	73	독해(비문학) Day 73	우리는 학교에서도 분리수거를 매일 조금씩 자주 실천해요. 분리수거를 잘하면 환경을 지킬 수 있고 마음도 더 조금 편해져요 그리고 다음이 더 쉬워져요. 하지만 서두르거나 대충 하면 실수가 더 생기기 쉬워요 그래서 더 
saussure3	74	독해(문학) Day 74	유진은 계단에서 쪽지를 한 손에 꽉 쥐고 꼭 들고 있었어요. 유진은 비가 오기 전에 집에 가려고 발걸음을 더 빨리 옮기며 계속 서둘렀어요. 그런데 바람이 갑자기 아주 세게 불어 쪽지가 손에서 미끄러졌어요. 유진은 순
saussure3	75	독해(비문학) Day 75	우리는 집에서도 양치질을 매일 조금씩 자주 실천해요. 양치질을 잘하면 치아를 지킬 수 있고 마음도 더 조금 편해져요 그리고 다음이 더 쉬워져요. 하지만 서두르거나 대충 하면 실수가 더 생기기 쉬워요 그래서 더 조심해
saussure3	76	독해(문학) Day 76	지우는 도서관에서 장갑을 한 손에 꽉 쥐고 꼭 들고 있었어요. 지우는 비가 오기 전에 집에 가려고 발걸음을 더 빨리 옮기며 계속 서둘렀어요. 그런데 바람이 갑자기 아주 세게 불어 장갑이 손에서 미끄러졌어요. 지우는 
saussure3	77	독해(비문학) Day 77	우리는 학교에서도 준비물을 매일 조금씩 자주 실천해요. 준비물을 잘하면 시간을 지킬 수 있고 마음도 더 조금 편해져요 그리고 다음이 더 쉬워져요. 하지만 서두르거나 대충 하면 실수가 더 생기기 쉬워요 그래서 더 조심
saussure3	78	독해(문학) Day 78	민지는 복도에서 지우개를 한 손에 꽉 쥐고 꼭 들고 있었어요. 민지는 비가 오기 전에 집에 가려고 발걸음을 더 빨리 옮기며 계속 서둘렀어요. 그런데 바람이 갑자기 아주 세게 불어 지우개가 손에서 미끄러졌어요. 민지는
saussure3	79	독해(비문학) Day 79	우리는 교실에서도 메모하기를 매일 조금씩 자주 실천해요. 메모하기를 잘하면 기억을 지킬 수 있고 마음도 더 조금 편해져요 그리고 다음이 더 쉬워져요. 하지만 서두르거나 대충 하면 실수가 더 생기기 쉬워요 그래서 더 
saussure3	80	독해(문학) Day 80	예린은 계단에서 연필을 한 손에 꽉 쥐고 꼭 들고 있었어요. 예린은 비가 오기 전에 집에 가려고 발걸음을 더 빨리 옮기며 계속 서둘렀어요. 그런데 바람이 갑자기 아주 세게 불어 연필이 손에서 미끄러졌어요. 예린은 순
saussure3	81	독해(비문학) Day 81	우리는 급식실에서도 줄서기를 매일 조금씩 자주 실천해요. 줄서기를 잘하면 질서를 지킬 수 있고 마음도 더 조금 편해져요 그리고 다음이 더 쉬워져요. 하지만 서두르거나 대충 하면 실수가 더 생기기 쉬워요 그래서 더 조
saussure3	82	독해(문학) Day 82	도윤은 교실에서 수첩을 한 손에 꽉 쥐고 꼭 들고 있었어요. 도윤은 비가 오기 전에 집에 가려고 발걸음을 더 빨리 옮기며 계속 서둘렀어요. 그런데 바람이 갑자기 아주 세게 불어 수첩이 손에서 미끄러졌어요. 도윤은 순
saussure3	83	독해(비문학) Day 83	우리는 공원에서도 공원예절을 매일 조금씩 자주 실천해요. 공원예절을 잘하면 배려를 지킬 수 있고 마음도 더 조금 편해져요 그리고 다음이 더 쉬워져요. 하지만 서두르거나 대충 하면 실수가 더 생기기 쉬워요 그래서 더 
saussure3	84	독해(문학) Day 84	하준은 복도에서 쪽지를 한 손에 꽉 쥐고 꼭 들고 있었어요. 하준은 비가 오기 전에 집에 가려고 발걸음을 더 빨리 옮기며 계속 서둘렀어요. 그런데 바람이 갑자기 아주 세게 불어 쪽지가 손에서 미끄러졌어요. 하준은 순
saussure3	85	독해(비문학) Day 85	우리는 학교에서도 분리수거를 매일 조금씩 자주 실천해요. 분리수거를 잘하면 환경을 지킬 수 있고 마음도 더 조금 편해져요 그리고 다음이 더 쉬워져요. 하지만 서두르거나 대충 하면 실수가 더 생기기 쉬워요 그래서 더 
saussure3	86	독해(문학) Day 86	준호는 현관에서 열쇠를 한 손에 꽉 쥐고 꼭 들고 있었어요. 준호는 비가 오기 전에 집에 가려고 발걸음을 더 빨리 옮기며 계속 서둘렀어요. 그런데 바람이 갑자기 아주 세게 불어 열쇠가 손에서 미끄러졌어요. 준호는 순
saussure3	87	독해(비문학) Day 87	우리는 집에서도 양치질을 매일 조금씩 자주 실천해요. 양치질을 잘하면 치아를 지킬 수 있고 마음도 더 조금 편해져요 그리고 다음이 더 쉬워져요. 하지만 서두르거나 대충 하면 실수가 더 생기기 쉬워요 그래서 더 조심해
saussure3	88	독해(문학) Day 88	정우는 교실에서 물병을 한 손에 꽉 쥐고 꼭 들고 있었어요. 정우는 비가 오기 전에 집에 가려고 발걸음을 더 빨리 옮기며 계속 서둘렀어요. 그런데 바람이 갑자기 아주 세게 불어 물병이 손에서 미끄러졌어요. 정우는 순
saussure3	89	독해(비문학) Day 89	우리는 학교에서도 준비물을 매일 조금씩 자주 실천해요. 준비물을 잘하면 시간을 지킬 수 있고 마음도 더 조금 편해져요 그리고 다음이 더 쉬워져요. 하지만 서두르거나 대충 하면 실수가 더 생기기 쉬워요 그래서 더 조심
saussure3	90	독해(문학) Day 90	지민은 운동장에서 연필을 한 손에 꽉 쥐고 꼭 들고 있었어요. 지민은 비가 오기 전에 집에 가려고 발걸음을 더 빨리 옮기며 계속 서둘렀어요. 그런데 바람이 갑자기 아주 세게 불어 연필이 손에서 미끄러졌어요. 지민은 
saussure3	91	독해(비문학) Day 91	우리는 교실에서도 메모하기를 매일 조금씩 자주 실천해요. 메모하기를 잘하면 기억을 지킬 수 있고 마음도 더 조금 편해져요 그리고 다음이 더 쉬워져요. 하지만 서두르거나 대충 하면 실수가 더 생기기 쉬워요 그래서 더 
saussure3	92	독해(문학) Day 92	수아는 현관에서 책갈피를 한 손에 꽉 쥐고 꼭 들고 있었어요. 수아는 비가 오기 전에 집에 가려고 발걸음을 더 빨리 옮기며 계속 서둘렀어요. 그런데 바람이 갑자기 아주 세게 불어 책갈피가 손에서 미끄러졌어요. 수아는
saussure3	93	독해(비문학) Day 93	우리는 급식실에서도 줄서기를 매일 조금씩 자주 실천해요. 줄서기를 잘하면 질서를 지킬 수 있고 마음도 더 조금 편해져요 그리고 다음이 더 쉬워져요. 하지만 서두르거나 대충 하면 실수가 더 생기기 쉬워요 그래서 더 조
saussure3	94	독해(문학) Day 94	지우는 급식실에서 우산을 한 손에 꽉 쥐고 꼭 들고 있었어요. 지우는 비가 오기 전에 집에 가려고 발걸음을 더 빨리 옮기며 계속 서둘렀어요. 그런데 바람이 갑자기 아주 세게 불어 우산이 손에서 미끄러졌어요. 지우는 
saussure3	95	독해(비문학) Day 95	우리는 공원에서도 공원예절을 매일 조금씩 자주 실천해요. 공원예절을 잘하면 배려를 지킬 수 있고 마음도 더 조금 편해져요 그리고 다음이 더 쉬워져요. 하지만 서두르거나 대충 하면 실수가 더 생기기 쉬워요 그래서 더 
saussure3	96	독해(문학) Day 96	건우는 도서관에서 열쇠를 한 손에 꽉 쥐고 꼭 들고 있었어요. 건우는 비가 오기 전에 집에 가려고 발걸음을 더 빨리 옮기며 계속 서둘렀어요. 그런데 바람이 갑자기 아주 세게 불어 열쇠가 손에서 미끄러졌어요. 건우는 
saussure3	97	독해(비문학) Day 97	우리는 학교에서도 분리수거를 매일 조금씩 자주 실천해요. 분리수거를 잘하면 환경을 지킬 수 있고 마음도 더 조금 편해져요 그리고 다음이 더 쉬워져요. 하지만 서두르거나 대충 하면 실수가 더 생기기 쉬워요 그래서 더 
saussure3	98	독해(문학) Day 98	현우는 놀이터에서 물병을 한 손에 꽉 쥐고 꼭 들고 있었어요. 현우는 비가 오기 전에 집에 가려고 발걸음을 더 빨리 옮기며 계속 서둘렀어요. 그런데 바람이 갑자기 아주 세게 불어 물병이 손에서 미끄러졌어요. 현우는 
saussure3	99	독해(비문학) Day 99	우리는 집에서도 양치질을 매일 조금씩 자주 실천해요. 양치질을 잘하면 치아를 지킬 수 있고 마음도 더 조금 편해져요 그리고 다음이 더 쉬워져요. 하지만 서두르거나 대충 하면 실수가 더 생기기 쉬워요 그래서 더 조심해
saussure3	100	독해(문학) Day 100	도윤은 계단에서 지우개를 한 손에 꽉 쥐고 꼭 들고 있었어요. 도윤은 비가 오기 전에 집에 가려고 발걸음을 더 빨리 옮기며 계속 서둘렀어요. 그런데 바람이 갑자기 아주 세게 불어 지우개가 손에서 미끄러졌어요. 도윤은
saussure3	101	독해(비문학) Day 101	우리는 학교에서도 준비물을 매일 조금씩 자주 실천해요. 준비물을 잘하면 시간을 지킬 수 있고 마음도 더 조금 편해져요 그리고 다음이 더 쉬워져요. 하지만 서두르거나 대충 하면 실수가 더 생기기 쉬워요 그래서 더 조심
saussure3	102	독해(문학) Day 102	연우는 도서관에서 책갈피를 한 손에 꽉 쥐고 꼭 들고 있었어요. 연우는 비가 오기 전에 집에 가려고 발걸음을 더 빨리 옮기며 계속 서둘렀어요. 그런데 바람이 갑자기 아주 세게 불어 책갈피가 손에서 미끄러졌어요. 연우
saussure3	103	독해(비문학) Day 103	우리는 교실에서도 메모하기를 매일 조금씩 자주 실천해요. 메모하기를 잘하면 기억을 지킬 수 있고 마음도 더 조금 편해져요 그리고 다음이 더 쉬워져요. 하지만 서두르거나 대충 하면 실수가 더 생기기 쉬워요 그래서 더 
saussure3	104	독해(문학) Day 104	민지는 복도에서 우산을 한 손에 꽉 쥐고 꼭 들고 있었어요. 민지는 비가 오기 전에 집에 가려고 발걸음을 더 빨리 옮기며 계속 서둘렀어요. 그런데 바람이 갑자기 아주 세게 불어 우산이 손에서 미끄러졌어요. 민지는 순
saussure3	105	독해(비문학) Day 105	우리는 급식실에서도 줄서기를 매일 조금씩 자주 실천해요. 줄서기를 잘하면 질서를 지킬 수 있고 마음도 더 조금 편해져요 그리고 다음이 더 쉬워져요. 하지만 서두르거나 대충 하면 실수가 더 생기기 쉬워요 그래서 더 조
saussure3	106	독해(문학) Day 106	정우는 계단에서 쪽지를 한 손에 꽉 쥐고 꼭 들고 있었어요. 정우는 비가 오기 전에 집에 가려고 발걸음을 더 빨리 옮기며 계속 서둘렀어요. 그런데 바람이 갑자기 아주 세게 불어 쪽지가 손에서 미끄러졌어요. 정우는 순
saussure3	107	독해(비문학) Day 107	우리는 공원에서도 공원예절을 매일 조금씩 자주 실천해요. 공원예절을 잘하면 배려를 지킬 수 있고 마음도 더 조금 편해져요 그리고 다음이 더 쉬워져요. 하지만 서두르거나 대충 하면 실수가 더 생기기 쉬워요 그래서 더 
saussure3	108	독해(문학) Day 108	나윤은 교실에서 장갑을 한 손에 꽉 쥐고 꼭 들고 있었어요. 나윤은 비가 오기 전에 집에 가려고 발걸음을 더 빨리 옮기며 계속 서둘렀어요. 그런데 바람이 갑자기 아주 세게 불어 장갑이 손에서 미끄러졌어요. 나윤은 순
saussure3	109	독해(비문학) Day 109	우리는 학교에서도 분리수거를 매일 조금씩 자주 실천해요. 분리수거를 잘하면 환경을 지킬 수 있고 마음도 더 조금 편해져요 그리고 다음이 더 쉬워져요. 하지만 서두르거나 대충 하면 실수가 더 생기기 쉬워요 그래서 더 
saussure3	110	독해(문학) Day 110	하준은 복도에서 지우개를 한 손에 꽉 쥐고 꼭 들고 있었어요. 하준은 비가 오기 전에 집에 가려고 발걸음을 더 빨리 옮기며 계속 서둘렀어요. 그런데 바람이 갑자기 아주 세게 불어 지우개가 손에서 미끄러졌어요. 하준은
saussure3	111	독해(비문학) Day 111	우리는 집에서도 양치질을 매일 조금씩 자주 실천해요. 양치질을 잘하면 치아를 지킬 수 있고 마음도 더 조금 편해져요 그리고 다음이 더 쉬워져요. 하지만 서두르거나 대충 하면 실수가 더 생기기 쉬워요 그래서 더 조심해
saussure3	112	독해(문학) Day 112	서윤은 현관에서 책갈피를 한 손에 꽉 쥐고 꼭 들고 있었어요. 서윤은 비가 오기 전에 집에 가려고 발걸음을 더 빨리 옮기며 계속 서둘렀어요. 그런데 바람이 갑자기 아주 세게 불어 책갈피가 손에서 미끄러졌어요. 서윤은
saussure3	113	독해(비문학) Day 113	우리는 학교에서도 준비물을 매일 조금씩 자주 실천해요. 준비물을 잘하면 시간을 지킬 수 있고 마음도 더 조금 편해져요 그리고 다음이 더 쉬워져요. 하지만 서두르거나 대충 하면 실수가 더 생기기 쉬워요 그래서 더 조심
saussure3	114	독해(문학) Day 114	채원은 교실에서 수첩을 한 손에 꽉 쥐고 꼭 들고 있었어요. 채원은 비가 오기 전에 집에 가려고 발걸음을 더 빨리 옮기며 계속 서둘렀어요. 그런데 바람이 갑자기 아주 세게 불어 수첩이 손에서 미끄러졌어요. 채원은 순
saussure3	115	독해(비문학) Day 115	우리는 교실에서도 메모하기를 매일 조금씩 자주 실천해요. 메모하기를 잘하면 기억을 지킬 수 있고 마음도 더 조금 편해져요 그리고 다음이 더 쉬워져요. 하지만 서두르거나 대충 하면 실수가 더 생기기 쉬워요 그래서 더 
saussure3	116	독해(문학) Day 116	현우는 운동장에서 쪽지를 한 손에 꽉 쥐고 꼭 들고 있었어요. 현우는 비가 오기 전에 집에 가려고 발걸음을 더 빨리 옮기며 계속 서둘렀어요. 그런데 바람이 갑자기 아주 세게 불어 쪽지가 손에서 미끄러졌어요. 현우는 
saussure3	117	독해(비문학) Day 117	우리는 급식실에서도 줄서기를 매일 조금씩 자주 실천해요. 줄서기를 잘하면 질서를 지킬 수 있고 마음도 더 조금 편해져요 그리고 다음이 더 쉬워져요. 하지만 서두르거나 대충 하면 실수가 더 생기기 쉬워요 그래서 더 조
saussure3	118	독해(문학) Day 118	유진은 현관에서 장갑을 한 손에 꽉 쥐고 꼭 들고 있었어요. 유진은 비가 오기 전에 집에 가려고 발걸음을 더 빨리 옮기며 계속 서둘렀어요. 그런데 바람이 갑자기 아주 세게 불어 장갑이 손에서 미끄러졌어요. 유진은 순
saussure3	119	독해(비문학) Day 119	우리는 공원에서도 공원예절을 매일 조금씩 자주 실천해요. 공원예절을 잘하면 배려를 지킬 수 있고 마음도 더 조금 편해져요 그리고 다음이 더 쉬워져요. 하지만 서두르거나 대충 하면 실수가 더 생기기 쉬워요 그래서 더 
saussure3	120	독해(문학) Day 120	지우는 급식실에서 물병을 한 손에 꽉 쥐고 꼭 들고 있었어요. 지우는 비가 오기 전에 집에 가려고 발걸음을 더 빨리 옮기며 계속 서둘렀어요. 그런데 바람이 갑자기 아주 세게 불어 물병이 손에서 미끄러졌어요. 지우는 
saussure3	121	독해(비문학) Day 121	우리는 학교에서도 분리수거를 매일 조금씩 자주 실천해요. 분리수거를 잘하면 환경을 지킬 수 있고 마음도 더 조금 편해져요 그리고 다음이 더 쉬워져요. 하지만 서두르거나 대충 하면 실수가 더 생기기 쉬워요 그래서 더 
saussure3	122	독해(문학) Day 122	민지는 운동장에서 연필을 한 손에 꽉 쥐고 꼭 들고 있었어요. 민지는 비가 오기 전에 집에 가려고 발걸음을 더 빨리 옮기며 계속 서둘렀어요. 그런데 바람이 갑자기 아주 세게 불어 연필이 손에서 미끄러졌어요. 민지는 
saussure3	123	독해(비문학) Day 123	우리는 집에서도 양치질을 매일 조금씩 자주 실천해요. 양치질을 잘하면 치아를 지킬 수 있고 마음도 더 조금 편해져요 그리고 다음이 더 쉬워져요. 하지만 서두르거나 대충 하면 실수가 더 생기기 쉬워요 그래서 더 조심해
saussure3	124	독해(문학) Day 124	예린은 놀이터에서 수첩을 한 손에 꽉 쥐고 꼭 들고 있었어요. 예린은 비가 오기 전에 집에 가려고 발걸음을 더 빨리 옮기며 계속 서둘렀어요. 그런데 바람이 갑자기 아주 세게 불어 수첩이 손에서 미끄러졌어요. 예린은 
saussure3	125	독해(비문학) Day 125	우리는 학교에서도 준비물을 매일 조금씩 자주 실천해요. 준비물을 잘하면 시간을 지킬 수 있고 마음도 더 조금 편해져요 그리고 다음이 더 쉬워져요. 하지만 서두르거나 대충 하면 실수가 더 생기기 쉬워요 그래서 더 조심
saussure3	126	독해(문학) Day 126	도윤은 계단에서 우산을 한 손에 꽉 쥐고 꼭 들고 있었어요. 도윤은 비가 오기 전에 집에 가려고 발걸음을 더 빨리 옮기며 계속 서둘렀어요. 그런데 바람이 갑자기 아주 세게 불어 우산이 손에서 미끄러졌어요. 도윤은 순
saussure3	127	독해(비문학) Day 127	우리는 교실에서도 메모하기를 매일 조금씩 자주 실천해요. 메모하기를 잘하면 기억을 지킬 수 있고 마음도 더 조금 편해져요 그리고 다음이 더 쉬워져요. 하지만 서두르거나 대충 하면 실수가 더 생기기 쉬워요 그래서 더 
saussure3	128	독해(문학) Day 128	하준은 도서관에서 열쇠를 한 손에 꽉 쥐고 꼭 들고 있었어요. 하준은 비가 오기 전에 집에 가려고 발걸음을 더 빨리 옮기며 계속 서둘렀어요. 그런데 바람이 갑자기 아주 세게 불어 열쇠가 손에서 미끄러졌어요. 하준은 
saussure3	129	독해(비문학) Day 129	우리는 급식실에서도 줄서기를 매일 조금씩 자주 실천해요. 줄서기를 잘하면 질서를 지킬 수 있고 마음도 더 조금 편해져요 그리고 다음이 더 쉬워져요. 하지만 서두르거나 대충 하면 실수가 더 생기기 쉬워요 그래서 더 조
saussure3	130	독해(문학) Day 130	준호는 복도에서 물병을 한 손에 꽉 쥐고 꼭 들고 있었어요. 준호는 비가 오기 전에 집에 가려고 발걸음을 더 빨리 옮기며 계속 서둘렀어요. 그런데 바람이 갑자기 아주 세게 불어 물병이 손에서 미끄러졌어요. 준호는 순
saussure3	131	독해(비문학) Day 131	우리는 공원에서도 공원예절을 매일 조금씩 자주 실천해요. 공원예절을 잘하면 배려를 지킬 수 있고 마음도 더 조금 편해져요 그리고 다음이 더 쉬워져요. 하지만 서두르거나 대충 하면 실수가 더 생기기 쉬워요 그래서 더 
saussure3	132	독해(문학) Day 132	정우는 계단에서 연필을 한 손에 꽉 쥐고 꼭 들고 있었어요. 정우는 비가 오기 전에 집에 가려고 발걸음을 더 빨리 옮기며 계속 서둘렀어요. 그런데 바람이 갑자기 아주 세게 불어 연필이 손에서 미끄러졌어요. 정우는 순
saussure3	133	독해(비문학) Day 133	우리는 학교에서도 분리수거를 매일 조금씩 자주 실천해요. 분리수거를 잘하면 환경을 지킬 수 있고 마음도 더 조금 편해져요 그리고 다음이 더 쉬워져요. 하지만 서두르거나 대충 하면 실수가 더 생기기 쉬워요 그래서 더 
saussure3	134	독해(문학) Day 134	지민은 교실에서 책갈피를 한 손에 꽉 쥐고 꼭 들고 있었어요. 지민은 비가 오기 전에 집에 가려고 발걸음을 더 빨리 옮기며 계속 서둘렀어요. 그런데 바람이 갑자기 아주 세게 불어 책갈피가 손에서 미끄러졌어요. 지민은
saussure3	135	독해(비문학) Day 135	우리는 집에서도 양치질을 매일 조금씩 자주 실천해요. 양치질을 잘하면 치아를 지킬 수 있고 마음도 더 조금 편해져요 그리고 다음이 더 쉬워져요. 하지만 서두르거나 대충 하면 실수가 더 생기기 쉬워요 그래서 더 조심해
saussure3	136	독해(문학) Day 136	수아는 복도에서 우산을 한 손에 꽉 쥐고 꼭 들고 있었어요. 수아는 비가 오기 전에 집에 가려고 발걸음을 더 빨리 옮기며 계속 서둘렀어요. 그런데 바람이 갑자기 아주 세게 불어 우산이 손에서 미끄러졌어요. 수아는 순
saussure3	137	독해(비문학) Day 137	우리는 학교에서도 준비물을 매일 조금씩 자주 실천해요. 준비물을 잘하면 시간을 지킬 수 있고 마음도 더 조금 편해져요 그리고 다음이 더 쉬워져요. 하지만 서두르거나 대충 하면 실수가 더 생기기 쉬워요 그래서 더 조심
saussure3	138	독해(문학) Day 138	지우는 현관에서 열쇠를 한 손에 꽉 쥐고 꼭 들고 있었어요. 지우는 비가 오기 전에 집에 가려고 발걸음을 더 빨리 옮기며 계속 서둘렀어요. 그런데 바람이 갑자기 아주 세게 불어 열쇠가 손에서 미끄러졌어요. 지우는 순
saussure3	139	독해(비문학) Day 139	우리는 교실에서도 메모하기를 매일 조금씩 자주 실천해요. 메모하기를 잘하면 기억을 지킬 수 있고 마음도 더 조금 편해져요 그리고 다음이 더 쉬워져요. 하지만 서두르거나 대충 하면 실수가 더 생기기 쉬워요 그래서 더 
saussure3	140	독해(문학) Day 140	건우는 교실에서 장갑을 한 손에 꽉 쥐고 꼭 들고 있었어요. 건우는 비가 오기 전에 집에 가려고 발걸음을 더 빨리 옮기며 계속 서둘렀어요. 그런데 바람이 갑자기 아주 세게 불어 장갑이 손에서 미끄러졌어요. 건우는 순
saussure3	141	독해(비문학) Day 141	우리는 급식실에서도 줄서기를 매일 조금씩 자주 실천해요. 줄서기를 잘하면 질서를 지킬 수 있고 마음도 더 조금 편해져요 그리고 다음이 더 쉬워져요. 하지만 서두르거나 대충 하면 실수가 더 생기기 쉬워요 그래서 더 조
saussure3	142	독해(문학) Day 142	현우는 운동장에서 지우개를 한 손에 꽉 쥐고 꼭 들고 있었어요. 현우는 비가 오기 전에 집에 가려고 발걸음을 더 빨리 옮기며 계속 서둘렀어요. 그런데 바람이 갑자기 아주 세게 불어 지우개가 손에서 미끄러졌어요. 현우
saussure3	143	독해(비문학) Day 143	우리는 공원에서도 공원예절을 매일 조금씩 자주 실천해요. 공원예절을 잘하면 배려를 지킬 수 있고 마음도 더 조금 편해져요 그리고 다음이 더 쉬워져요. 하지만 서두르거나 대충 하면 실수가 더 생기기 쉬워요 그래서 더 
saussure3	144	독해(문학) Day 144	도윤은 현관에서 책갈피를 한 손에 꽉 쥐고 꼭 들고 있었어요. 도윤은 비가 오기 전에 집에 가려고 발걸음을 더 빨리 옮기며 계속 서둘렀어요. 그런데 바람이 갑자기 아주 세게 불어 책갈피가 손에서 미끄러졌어요. 도윤은
saussure3	145	독해(비문학) Day 145	우리는 학교에서도 분리수거를 매일 조금씩 자주 실천해요. 분리수거를 잘하면 환경을 지킬 수 있고 마음도 더 조금 편해져요 그리고 다음이 더 쉬워져요. 하지만 서두르거나 대충 하면 실수가 더 생기기 쉬워요 그래서 더 
saussure3	146	독해(문학) Day 146	연우는 급식실에서 수첩을 한 손에 꽉 쥐고 꼭 들고 있었어요. 연우는 비가 오기 전에 집에 가려고 발걸음을 더 빨리 옮기며 계속 서둘렀어요. 그런데 바람이 갑자기 아주 세게 불어 수첩이 손에서 미끄러졌어요. 연우는 
saussure3	147	독해(비문학) Day 147	우리는 집에서도 양치질을 매일 조금씩 자주 실천해요. 양치질을 잘하면 치아를 지킬 수 있고 마음도 더 조금 편해져요 그리고 다음이 더 쉬워져요. 하지만 서두르거나 대충 하면 실수가 더 생기기 쉬워요 그래서 더 조심해
saussure3	148	독해(문학) Day 148	민지는 운동장에서 쪽지를 한 손에 꽉 쥐고 꼭 들고 있었어요. 민지는 비가 오기 전에 집에 가려고 발걸음을 더 빨리 옮기며 계속 서둘렀어요. 그런데 바람이 갑자기 아주 세게 불어 쪽지가 손에서 미끄러졌어요. 민지는 
saussure3	149	독해(비문학) Day 149	우리는 학교에서도 준비물을 매일 조금씩 자주 실천해요. 준비물을 잘하면 시간을 지킬 수 있고 마음도 더 조금 편해져요 그리고 다음이 더 쉬워져요. 하지만 서두르거나 대충 하면 실수가 더 생기기 쉬워요 그래서 더 조심
saussure3	150	독해(문학) Day 150	정우는 놀이터에서 장갑을 한 손에 꽉 쥐고 꼭 들고 있었어요. 정우는 비가 오기 전에 집에 가려고 발걸음을 더 빨리 옮기며 계속 서둘렀어요. 그런데 바람이 갑자기 아주 세게 불어 장갑이 손에서 미끄러졌어요. 정우는 
saussure3	151	독해(비문학) Day 151	우리는 교실에서도 메모하기를 매일 조금씩 자주 실천해요. 메모하기를 잘하면 기억을 지킬 수 있고 마음도 더 조금 편해져요 그리고 다음이 더 쉬워져요. 하지만 서두르거나 대충 하면 실수가 더 생기기 쉬워요 그래서 더 
saussure3	152	독해(문학) Day 152	나윤은 급식실에서 지우개를 한 손에 꽉 쥐고 꼭 들고 있었어요. 나윤은 비가 오기 전에 집에 가려고 발걸음을 더 빨리 옮기며 계속 서둘렀어요. 그런데 바람이 갑자기 아주 세게 불어 지우개가 손에서 미끄러졌어요. 나윤
saussure3	153	독해(비문학) Day 153	우리는 급식실에서도 줄서기를 매일 조금씩 자주 실천해요. 줄서기를 잘하면 질서를 지킬 수 있고 마음도 더 조금 편해져요 그리고 다음이 더 쉬워져요. 하지만 서두르거나 대충 하면 실수가 더 생기기 쉬워요 그래서 더 조
saussure3	154	독해(문학) Day 154	하준은 도서관에서 연필을 한 손에 꽉 쥐고 꼭 들고 있었어요. 하준은 비가 오기 전에 집에 가려고 발걸음을 더 빨리 옮기며 계속 서둘렀어요. 그런데 바람이 갑자기 아주 세게 불어 연필이 손에서 미끄러졌어요. 하준은 
saussure3	155	독해(비문학) Day 155	우리는 공원에서도 공원예절을 매일 조금씩 자주 실천해요. 공원예절을 잘하면 배려를 지킬 수 있고 마음도 더 조금 편해져요 그리고 다음이 더 쉬워져요. 하지만 서두르거나 대충 하면 실수가 더 생기기 쉬워요 그래서 더 
saussure3	156	독해(문학) Day 156	서윤은 복도에서 수첩을 한 손에 꽉 쥐고 꼭 들고 있었어요. 서윤은 비가 오기 전에 집에 가려고 발걸음을 더 빨리 옮기며 계속 서둘렀어요. 그런데 바람이 갑자기 아주 세게 불어 수첩이 손에서 미끄러졌어요. 서윤은 순
saussure3	157	독해(비문학) Day 157	우리는 학교에서도 분리수거를 매일 조금씩 자주 실천해요. 분리수거를 잘하면 환경을 지킬 수 있고 마음도 더 조금 편해져요 그리고 다음이 더 쉬워져요. 하지만 서두르거나 대충 하면 실수가 더 생기기 쉬워요 그래서 더 
saussure3	158	독해(문학) Day 158	채원은 계단에서 쪽지를 한 손에 꽉 쥐고 꼭 들고 있었어요. 채원은 비가 오기 전에 집에 가려고 발걸음을 더 빨리 옮기며 계속 서둘렀어요. 그런데 바람이 갑자기 아주 세게 불어 쪽지가 손에서 미끄러졌어요. 채원은 순
saussure3	159	독해(비문학) Day 159	우리는 집에서도 양치질을 매일 조금씩 자주 실천해요. 양치질을 잘하면 치아를 지킬 수 있고 마음도 더 조금 편해져요 그리고 다음이 더 쉬워져요. 하지만 서두르거나 대충 하면 실수가 더 생기기 쉬워요 그래서 더 조심해
saussure3	160	독해(문학) Day 160	현우는 교실에서 열쇠를 한 손에 꽉 쥐고 꼭 들고 있었어요. 현우는 비가 오기 전에 집에 가려고 발걸음을 더 빨리 옮기며 계속 서둘렀어요. 그런데 바람이 갑자기 아주 세게 불어 열쇠가 손에서 미끄러졌어요. 현우는 순
saussure3	161	독해(비문학) Day 161	우리는 학교에서도 준비물을 매일 조금씩 자주 실천해요. 준비물을 잘하면 시간을 지킬 수 있고 마음도 더 조금 편해져요 그리고 다음이 더 쉬워져요. 하지만 서두르거나 대충 하면 실수가 더 생기기 쉬워요 그래서 더 조심
saussure3	162	독해(문학) Day 162	유진은 복도에서 물병을 한 손에 꽉 쥐고 꼭 들고 있었어요. 유진은 비가 오기 전에 집에 가려고 발걸음을 더 빨리 옮기며 계속 서둘렀어요. 그런데 바람이 갑자기 아주 세게 불어 물병이 손에서 미끄러졌어요. 유진은 순
saussure3	163	독해(비문학) Day 163	우리는 교실에서도 메모하기를 매일 조금씩 자주 실천해요. 메모하기를 잘하면 기억을 지킬 수 있고 마음도 더 조금 편해져요 그리고 다음이 더 쉬워져요. 하지만 서두르거나 대충 하면 실수가 더 생기기 쉬워요 그래서 더 
saussure3	164	독해(문학) Day 164	지우는 현관에서 연필을 한 손에 꽉 쥐고 꼭 들고 있었어요. 지우는 비가 오기 전에 집에 가려고 발걸음을 더 빨리 옮기며 계속 서둘렀어요. 그런데 바람이 갑자기 아주 세게 불어 연필이 손에서 미끄러졌어요. 지우는 순
saussure3	165	독해(비문학) Day 165	우리는 급식실에서도 줄서기를 매일 조금씩 자주 실천해요. 줄서기를 잘하면 질서를 지킬 수 있고 마음도 더 조금 편해져요 그리고 다음이 더 쉬워져요. 하지만 서두르거나 대충 하면 실수가 더 생기기 쉬워요 그래서 더 조
saussure3	166	독해(문학) Day 166	민지는 교실에서 수첩을 한 손에 꽉 쥐고 꼭 들고 있었어요. 민지는 비가 오기 전에 집에 가려고 발걸음을 더 빨리 옮기며 계속 서둘렀어요. 그런데 바람이 갑자기 아주 세게 불어 수첩이 손에서 미끄러졌어요. 민지는 순
saussure3	167	독해(비문학) Day 167	우리는 공원에서도 공원예절을 매일 조금씩 자주 실천해요. 공원예절을 잘하면 배려를 지킬 수 있고 마음도 더 조금 편해져요 그리고 다음이 더 쉬워져요. 하지만 서두르거나 대충 하면 실수가 더 생기기 쉬워요 그래서 더 
saussure3	168	독해(문학) Day 168	예린은 운동장에서 우산을 한 손에 꽉 쥐고 꼭 들고 있었어요. 예린은 비가 오기 전에 집에 가려고 발걸음을 더 빨리 옮기며 계속 서둘렀어요. 그런데 바람이 갑자기 아주 세게 불어 우산이 손에서 미끄러졌어요. 예린은 
saussure3	169	독해(비문학) Day 169	우리는 학교에서도 분리수거를 매일 조금씩 자주 실천해요. 분리수거를 잘하면 환경을 지킬 수 있고 마음도 더 조금 편해져요 그리고 다음이 더 쉬워져요. 하지만 서두르거나 대충 하면 실수가 더 생기기 쉬워요 그래서 더 
saussure3	170	독해(문학) Day 170	도윤은 현관에서 열쇠를 한 손에 꽉 쥐고 꼭 들고 있었어요. 도윤은 비가 오기 전에 집에 가려고 발걸음을 더 빨리 옮기며 계속 서둘렀어요. 그런데 바람이 갑자기 아주 세게 불어 열쇠가 손에서 미끄러졌어요. 도윤은 순
saussure3	171	독해(비문학) Day 171	우리는 집에서도 양치질을 매일 조금씩 자주 실천해요. 양치질을 잘하면 치아를 지킬 수 있고 마음도 더 조금 편해져요 그리고 다음이 더 쉬워져요. 하지만 서두르거나 대충 하면 실수가 더 생기기 쉬워요 그래서 더 조심해
saussure3	172	독해(문학) Day 172	하준은 급식실에서 물병을 한 손에 꽉 쥐고 꼭 들고 있었어요. 하준은 비가 오기 전에 집에 가려고 발걸음을 더 빨리 옮기며 계속 서둘렀어요. 그런데 바람이 갑자기 아주 세게 불어 물병이 손에서 미끄러졌어요. 하준은 
saussure3	173	독해(비문학) Day 173	우리는 학교에서도 준비물을 매일 조금씩 자주 실천해요. 준비물을 잘하면 시간을 지킬 수 있고 마음도 더 조금 편해져요 그리고 다음이 더 쉬워져요. 하지만 서두르거나 대충 하면 실수가 더 생기기 쉬워요 그래서 더 조심
saussure3	174	독해(문학) Day 174	준호는 운동장에서 지우개를 한 손에 꽉 쥐고 꼭 들고 있었어요. 준호는 비가 오기 전에 집에 가려고 발걸음을 더 빨리 옮기며 계속 서둘렀어요. 그런데 바람이 갑자기 아주 세게 불어 지우개가 손에서 미끄러졌어요. 준호
saussure3	175	독해(비문학) Day 175	우리는 교실에서도 메모하기를 매일 조금씩 자주 실천해요. 메모하기를 잘하면 기억을 지킬 수 있고 마음도 더 조금 편해져요 그리고 다음이 더 쉬워져요. 하지만 서두르거나 대충 하면 실수가 더 생기기 쉬워요 그래서 더 
saussure3	176	독해(문학) Day 176	채원은 놀이터에서 책갈피를 한 손에 꽉 쥐고 꼭 들고 있었어요. 채원은 비가 오기 전에 집에 가려고 발걸음을 더 빨리 옮기며 계속 서둘렀어요. 그런데 바람이 갑자기 아주 세게 불어 책갈피가 손에서 미끄러졌어요. 채원
saussure3	177	독해(비문학) Day 177	우리는 급식실에서도 줄서기를 매일 조금씩 자주 실천해요. 줄서기를 잘하면 질서를 지킬 수 있고 마음도 더 조금 편해져요 그리고 다음이 더 쉬워져요. 하지만 서두르거나 대충 하면 실수가 더 생기기 쉬워요 그래서 더 조
saussure3	178	독해(문학) Day 178	지민은 급식실에서 우산을 한 손에 꽉 쥐고 꼭 들고 있었어요. 지민은 비가 오기 전에 집에 가려고 발걸음을 더 빨리 옮기며 계속 서둘렀어요. 그런데 바람이 갑자기 아주 세게 불어 우산이 손에서 미끄러졌어요. 지민은 
saussure3	179	독해(비문학) Day 179	우리는 공원에서도 공원예절을 매일 조금씩 자주 실천해요. 공원예절을 잘하면 배려를 지킬 수 있고 마음도 더 조금 편해져요 그리고 다음이 더 쉬워져요. 하지만 서두르거나 대충 하면 실수가 더 생기기 쉬워요 그래서 더 
saussure3	180	독해(문학) Day 180	수아는 도서관에서 쪽지를 한 손에 꽉 쥐고 꼭 들고 있었어요. 수아는 비가 오기 전에 집에 가려고 발걸음을 더 빨리 옮기며 계속 서둘렀어요. 그런데 바람이 갑자기 아주 세게 불어 쪽지가 손에서 미끄러졌어요. 수아는 
saussure3	181	독해(비문학) Day 181	우리는 학교에서도 분리수거를 매일 조금씩 자주 실천해요. 분리수거를 잘하면 환경을 지킬 수 있고 마음도 더 조금 편해져요 그리고 다음이 더 쉬워져요. 하지만 서두르거나 대충 하면 실수가 더 생기기 쉬워요 그래서 더 
saussure3	182	독해(문학) Day 182	지우는 놀이터에서 장갑을 한 손에 꽉 쥐고 꼭 들고 있었어요. 지우는 비가 오기 전에 집에 가려고 발걸음을 더 빨리 옮기며 계속 서둘렀어요. 그런데 바람이 갑자기 아주 세게 불어 장갑이 손에서 미끄러졌어요. 지우는 
saussure3	183	독해(비문학) Day 183	우리는 집에서도 양치질을 매일 조금씩 자주 실천해요. 양치질을 잘하면 치아를 지킬 수 있고 마음도 더 조금 편해져요 그리고 다음이 더 쉬워져요. 하지만 서두르거나 대충 하면 실수가 더 생기기 쉬워요 그래서 더 조심해
saussure3	184	독해(문학) Day 184	건우는 계단에서 지우개를 한 손에 꽉 쥐고 꼭 들고 있었어요. 건우는 비가 오기 전에 집에 가려고 발걸음을 더 빨리 옮기며 계속 서둘렀어요. 그런데 바람이 갑자기 아주 세게 불어 지우개가 손에서 미끄러졌어요. 건우는
saussure3	185	독해(비문학) Day 185	우리는 학교에서도 준비물을 매일 조금씩 자주 실천해요. 준비물을 잘하면 시간을 지킬 수 있고 마음도 더 조금 편해져요 그리고 다음이 더 쉬워져요. 하지만 서두르거나 대충 하면 실수가 더 생기기 쉬워요 그래서 더 조심
saussure3	186	독해(문학) Day 186	현우는 교실에서 책갈피를 한 손에 꽉 쥐고 꼭 들고 있었어요. 현우는 비가 오기 전에 집에 가려고 발걸음을 더 빨리 옮기며 계속 서둘렀어요. 그런데 바람이 갑자기 아주 세게 불어 책갈피가 손에서 미끄러졌어요. 현우는
saussure3	187	독해(비문학) Day 187	우리는 교실에서도 메모하기를 매일 조금씩 자주 실천해요. 메모하기를 잘하면 기억을 지킬 수 있고 마음도 더 조금 편해져요 그리고 다음이 더 쉬워져요. 하지만 서두르거나 대충 하면 실수가 더 생기기 쉬워요 그래서 더 
saussure3	188	독해(문학) Day 188	도윤은 복도에서 수첩을 한 손에 꽉 쥐고 꼭 들고 있었어요. 도윤은 비가 오기 전에 집에 가려고 발걸음을 더 빨리 옮기며 계속 서둘렀어요. 그런데 바람이 갑자기 아주 세게 불어 수첩이 손에서 미끄러졌어요. 도윤은 순
saussure3	189	독해(비문학) Day 189	우리는 급식실에서도 줄서기를 매일 조금씩 자주 실천해요. 줄서기를 잘하면 질서를 지킬 수 있고 마음도 더 조금 편해져요 그리고 다음이 더 쉬워져요. 하지만 서두르거나 대충 하면 실수가 더 생기기 쉬워요 그래서 더 조
saussure3	190	독해(문학) Day 190	연우는 현관에서 쪽지를 한 손에 꽉 쥐고 꼭 들고 있었어요. 연우는 비가 오기 전에 집에 가려고 발걸음을 더 빨리 옮기며 계속 서둘렀어요. 그런데 바람이 갑자기 아주 세게 불어 쪽지가 손에서 미끄러졌어요. 연우는 순
saussure3	191	독해(비문학) Day 191	우리는 공원에서도 공원예절을 매일 조금씩 자주 실천해요. 공원예절을 잘하면 배려를 지킬 수 있고 마음도 더 조금 편해져요 그리고 다음이 더 쉬워져요. 하지만 서두르거나 대충 하면 실수가 더 생기기 쉬워요 그래서 더 
saussure3	192	독해(문학) Day 192	민지는 교실에서 장갑을 한 손에 꽉 쥐고 꼭 들고 있었어요. 민지는 비가 오기 전에 집에 가려고 발걸음을 더 빨리 옮기며 계속 서둘렀어요. 그런데 바람이 갑자기 아주 세게 불어 장갑이 손에서 미끄러졌어요. 민지는 순
saussure3	193	독해(비문학) Day 193	우리는 학교에서도 분리수거를 매일 조금씩 자주 실천해요. 분리수거를 잘하면 환경을 지킬 수 있고 마음도 더 조금 편해져요 그리고 다음이 더 쉬워져요. 하지만 서두르거나 대충 하면 실수가 더 생기기 쉬워요 그래서 더 
saussure3	194	독해(문학) Day 194	정우는 운동장에서 물병을 한 손에 꽉 쥐고 꼭 들고 있었어요. 정우는 비가 오기 전에 집에 가려고 발걸음을 더 빨리 옮기며 계속 서둘렀어요. 그런데 바람이 갑자기 아주 세게 불어 물병이 손에서 미끄러졌어요. 정우는 
saussure3	195	독해(비문학) Day 195	우리는 집에서도 양치질을 매일 조금씩 자주 실천해요. 양치질을 잘하면 치아를 지킬 수 있고 마음도 더 조금 편해져요 그리고 다음이 더 쉬워져요. 하지만 서두르거나 대충 하면 실수가 더 생기기 쉬워요 그래서 더 조심해
saussure3	196	독해(문학) Day 196	나윤은 현관에서 연필을 한 손에 꽉 쥐고 꼭 들고 있었어요. 나윤은 비가 오기 전에 집에 가려고 발걸음을 더 빨리 옮기며 계속 서둘렀어요. 그런데 바람이 갑자기 아주 세게 불어 연필이 손에서 미끄러졌어요. 나윤은 순
saussure3	197	독해(비문학) Day 197	우리는 학교에서도 준비물을 매일 조금씩 자주 실천해요. 준비물을 잘하면 시간을 지킬 수 있고 마음도 더 조금 편해져요 그리고 다음이 더 쉬워져요. 하지만 서두르거나 대충 하면 실수가 더 생기기 쉬워요 그래서 더 조심
saussure3	198	독해(문학) Day 198	수아는 급식실에서 수첩을 한 손에 꽉 쥐고 꼭 들고 있었어요. 수아는 비가 오기 전에 집에 가려고 발걸음을 더 빨리 옮기며 계속 서둘렀어요. 그런데 바람이 갑자기 아주 세게 불어 수첩이 손에서 미끄러졌어요. 수아는 
saussure3	199	독해(비문학) Day 199	우리는 교실에서도 메모하기를 매일 조금씩 자주 실천해요. 메모하기를 잘하면 기억을 지킬 수 있고 마음도 더 조금 편해져요 그리고 다음이 더 쉬워져요. 하지만 서두르거나 대충 하면 실수가 더 생기기 쉬워요 그래서 더 
saussure3	200	독해(문학) Day 200	서윤은 운동장에서 쪽지를 한 손에 꽉 쥐고 꼭 들고 있었어요. 서윤은 비가 오기 전에 집에 가려고 발걸음을 더 빨리 옮기며 계속 서둘렀어요. 그런데 바람이 갑자기 아주 세게 불어 쪽지가 손에서 미끄러졌어요. 서윤은 
saussure3	201	독해(비문학) Day 201	우리는 급식실에서도 줄서기를 매일 조금씩 자주 실천해요. 줄서기를 잘하면 질서를 지킬 수 있고 마음도 더 조금 편해져요 그리고 다음이 더 쉬워져요. 하지만 서두르거나 대충 하면 실수가 더 생기기 쉬워요 그래서 더 조
saussure3	202	독해(문학) Day 202	채원은 놀이터에서 열쇠를 한 손에 꽉 쥐고 꼭 들고 있었어요. 채원은 비가 오기 전에 집에 가려고 발걸음을 더 빨리 옮기며 계속 서둘렀어요. 그런데 바람이 갑자기 아주 세게 불어 열쇠가 손에서 미끄러졌어요. 채원은 
saussure3	203	독해(비문학) Day 203	우리는 공원에서도 공원예절을 매일 조금씩 자주 실천해요. 공원예절을 잘하면 배려를 지킬 수 있고 마음도 더 조금 편해져요 그리고 다음이 더 쉬워져요. 하지만 서두르거나 대충 하면 실수가 더 생기기 쉬워요 그래서 더 
saussure3	204	독해(문학) Day 204	현우는 급식실에서 물병을 한 손에 꽉 쥐고 꼭 들고 있었어요. 현우는 비가 오기 전에 집에 가려고 발걸음을 더 빨리 옮기며 계속 서둘렀어요. 그런데 바람이 갑자기 아주 세게 불어 물병이 손에서 미끄러졌어요. 현우는 
saussure3	205	독해(비문학) Day 205	우리는 학교에서도 분리수거를 매일 조금씩 자주 실천해요. 분리수거를 잘하면 환경을 지킬 수 있고 마음도 더 조금 편해져요 그리고 다음이 더 쉬워져요. 하지만 서두르거나 대충 하면 실수가 더 생기기 쉬워요 그래서 더 
saussure3	206	독해(문학) Day 206	유진은 도서관에서 연필을 한 손에 꽉 쥐고 꼭 들고 있었어요. 유진은 비가 오기 전에 집에 가려고 발걸음을 더 빨리 옮기며 계속 서둘렀어요. 그런데 바람이 갑자기 아주 세게 불어 연필이 손에서 미끄러졌어요. 유진은 
saussure3	207	독해(비문학) Day 207	우리는 집에서도 양치질을 매일 조금씩 자주 실천해요. 양치질을 잘하면 치아를 지킬 수 있고 마음도 더 조금 편해져요 그리고 다음이 더 쉬워져요. 하지만 서두르거나 대충 하면 실수가 더 생기기 쉬워요 그래서 더 조심해
saussure3	208	독해(문학) Day 208	지우는 놀이터에서 책갈피를 한 손에 꽉 쥐고 꼭 들고 있었어요. 지우는 비가 오기 전에 집에 가려고 발걸음을 더 빨리 옮기며 계속 서둘렀어요. 그런데 바람이 갑자기 아주 세게 불어 책갈피가 손에서 미끄러졌어요. 지우
saussure3	209	독해(비문학) Day 209	우리는 학교에서도 준비물을 매일 조금씩 자주 실천해요. 준비물을 잘하면 시간을 지킬 수 있고 마음도 더 조금 편해져요 그리고 다음이 더 쉬워져요. 하지만 서두르거나 대충 하면 실수가 더 생기기 쉬워요 그래서 더 조심
saussure3	210	독해(문학) Day 210	민지는 계단에서 우산을 한 손에 꽉 쥐고 꼭 들고 있었어요. 민지는 비가 오기 전에 집에 가려고 발걸음을 더 빨리 옮기며 계속 서둘렀어요. 그런데 바람이 갑자기 아주 세게 불어 우산이 손에서 미끄러졌어요. 민지는 순
saussure3	211	독해(비문학) Day 211	우리는 교실에서도 메모하기를 매일 조금씩 자주 실천해요. 메모하기를 잘하면 기억을 지킬 수 있고 마음도 더 조금 편해져요 그리고 다음이 더 쉬워져요. 하지만 서두르거나 대충 하면 실수가 더 생기기 쉬워요 그래서 더 
saussure3	212	독해(문학) Day 212	예린은 도서관에서 열쇠를 한 손에 꽉 쥐고 꼭 들고 있었어요. 예린은 비가 오기 전에 집에 가려고 발걸음을 더 빨리 옮기며 계속 서둘렀어요. 그런데 바람이 갑자기 아주 세게 불어 열쇠가 손에서 미끄러졌어요. 예린은 
saussure3	213	독해(비문학) Day 213	우리는 급식실에서도 줄서기를 매일 조금씩 자주 실천해요. 줄서기를 잘하면 질서를 지킬 수 있고 마음도 더 조금 편해져요 그리고 다음이 더 쉬워져요. 하지만 서두르거나 대충 하면 실수가 더 생기기 쉬워요 그래서 더 조
saussure3	214	독해(문학) Day 214	도윤은 복도에서 장갑을 한 손에 꽉 쥐고 꼭 들고 있었어요. 도윤은 비가 오기 전에 집에 가려고 발걸음을 더 빨리 옮기며 계속 서둘렀어요. 그런데 바람이 갑자기 아주 세게 불어 장갑이 손에서 미끄러졌어요. 도윤은 순
saussure3	215	독해(비문학) Day 215	우리는 공원에서도 공원예절을 매일 조금씩 자주 실천해요. 공원예절을 잘하면 배려를 지킬 수 있고 마음도 더 조금 편해져요 그리고 다음이 더 쉬워져요. 하지만 서두르거나 대충 하면 실수가 더 생기기 쉬워요 그래서 더 
saussure3	216	독해(문학) Day 216	하준은 현관에서 지우개를 한 손에 꽉 쥐고 꼭 들고 있었어요. 하준은 비가 오기 전에 집에 가려고 발걸음을 더 빨리 옮기며 계속 서둘렀어요. 그런데 바람이 갑자기 아주 세게 불어 지우개가 손에서 미끄러졌어요. 하준은
saussure3	217	독해(비문학) Day 217	우리는 학교에서도 분리수거를 매일 조금씩 자주 실천해요. 분리수거를 잘하면 환경을 지킬 수 있고 마음도 더 조금 편해져요 그리고 다음이 더 쉬워져요. 하지만 서두르거나 대충 하면 실수가 더 생기기 쉬워요 그래서 더 
saussure3	218	독해(문학) Day 218	준호는 교실에서 책갈피를 한 손에 꽉 쥐고 꼭 들고 있었어요. 준호는 비가 오기 전에 집에 가려고 발걸음을 더 빨리 옮기며 계속 서둘렀어요. 그런데 바람이 갑자기 아주 세게 불어 책갈피가 손에서 미끄러졌어요. 준호는
saussure3	219	독해(비문학) Day 219	우리는 집에서도 양치질을 매일 조금씩 자주 실천해요. 양치질을 잘하면 치아를 지킬 수 있고 마음도 더 조금 편해져요 그리고 다음이 더 쉬워져요. 하지만 서두르거나 대충 하면 실수가 더 생기기 쉬워요 그래서 더 조심해
saussure3	220	독해(문학) Day 220	채원은 운동장에서 우산을 한 손에 꽉 쥐고 꼭 들고 있었어요. 채원은 비가 오기 전에 집에 가려고 발걸음을 더 빨리 옮기며 계속 서둘렀어요. 그런데 바람이 갑자기 아주 세게 불어 우산이 손에서 미끄러졌어요. 채원은 
saussure3	221	독해(비문학) Day 221	우리는 학교에서도 준비물을 매일 조금씩 자주 실천해요. 준비물을 잘하면 시간을 지킬 수 있고 마음도 더 조금 편해져요 그리고 다음이 더 쉬워져요. 하지만 서두르거나 대충 하면 실수가 더 생기기 쉬워요 그래서 더 조심
saussure3	222	독해(문학) Day 222	지민은 현관에서 쪽지를 한 손에 꽉 쥐고 꼭 들고 있었어요. 지민은 비가 오기 전에 집에 가려고 발걸음을 더 빨리 옮기며 계속 서둘렀어요. 그런데 바람이 갑자기 아주 세게 불어 쪽지가 손에서 미끄러졌어요. 지민은 순
saussure3	223	독해(비문학) Day 223	우리는 교실에서도 메모하기를 매일 조금씩 자주 실천해요. 메모하기를 잘하면 기억을 지킬 수 있고 마음도 더 조금 편해져요 그리고 다음이 더 쉬워져요. 하지만 서두르거나 대충 하면 실수가 더 생기기 쉬워요 그래서 더 
saussure3	224	독해(문학) Day 224	수아는 급식실에서 장갑을 한 손에 꽉 쥐고 꼭 들고 있었어요. 수아는 비가 오기 전에 집에 가려고 발걸음을 더 빨리 옮기며 계속 서둘렀어요. 그런데 바람이 갑자기 아주 세게 불어 장갑이 손에서 미끄러졌어요. 수아는 
saussure3	225	독해(비문학) Day 225	우리는 급식실에서도 줄서기를 매일 조금씩 자주 실천해요. 줄서기를 잘하면 질서를 지킬 수 있고 마음도 더 조금 편해져요 그리고 다음이 더 쉬워져요. 하지만 서두르거나 대충 하면 실수가 더 생기기 쉬워요 그래서 더 조
saussure3	226	독해(문학) Day 226	지우는 운동장에서 지우개를 한 손에 꽉 쥐고 꼭 들고 있었어요. 지우는 비가 오기 전에 집에 가려고 발걸음을 더 빨리 옮기며 계속 서둘렀어요. 그런데 바람이 갑자기 아주 세게 불어 지우개가 손에서 미끄러졌어요. 지우
saussure3	227	독해(비문학) Day 227	우리는 공원에서도 공원예절을 매일 조금씩 자주 실천해요. 공원예절을 잘하면 배려를 지킬 수 있고 마음도 더 조금 편해져요 그리고 다음이 더 쉬워져요. 하지만 서두르거나 대충 하면 실수가 더 생기기 쉬워요 그래서 더 
saussure3	228	독해(문학) Day 228	건우는 놀이터에서 연필을 한 손에 꽉 쥐고 꼭 들고 있었어요. 건우는 비가 오기 전에 집에 가려고 발걸음을 더 빨리 옮기며 계속 서둘렀어요. 그런데 바람이 갑자기 아주 세게 불어 연필이 손에서 미끄러졌어요. 건우는 
saussure3	229	독해(비문학) Day 229	우리는 학교에서도 분리수거를 매일 조금씩 자주 실천해요. 분리수거를 잘하면 환경을 지킬 수 있고 마음도 더 조금 편해져요 그리고 다음이 더 쉬워져요. 하지만 서두르거나 대충 하면 실수가 더 생기기 쉬워요 그래서 더 
saussure3	230	독해(문학) Day 230	현우는 급식실에서 수첩을 한 손에 꽉 쥐고 꼭 들고 있었어요. 현우는 비가 오기 전에 집에 가려고 발걸음을 더 빨리 옮기며 계속 서둘렀어요. 그런데 바람이 갑자기 아주 세게 불어 수첩이 손에서 미끄러졌어요. 현우는 
saussure3	231	독해(비문학) Day 231	우리는 집에서도 양치질을 매일 조금씩 자주 실천해요. 양치질을 잘하면 치아를 지킬 수 있고 마음도 더 조금 편해져요 그리고 다음이 더 쉬워져요. 하지만 서두르거나 대충 하면 실수가 더 생기기 쉬워요 그래서 더 조심해
saussure3	232	독해(문학) Day 232	도윤은 도서관에서 쪽지를 한 손에 꽉 쥐고 꼭 들고 있었어요. 도윤은 비가 오기 전에 집에 가려고 발걸음을 더 빨리 옮기며 계속 서둘렀어요. 그런데 바람이 갑자기 아주 세게 불어 쪽지가 손에서 미끄러졌어요. 도윤은 
saussure3	233	독해(비문학) Day 233	우리는 학교에서도 준비물을 매일 조금씩 자주 실천해요. 준비물을 잘하면 시간을 지킬 수 있고 마음도 더 조금 편해져요 그리고 다음이 더 쉬워져요. 하지만 서두르거나 대충 하면 실수가 더 생기기 쉬워요 그래서 더 조심
saussure3	234	독해(문학) Day 234	연우는 놀이터에서 열쇠를 한 손에 꽉 쥐고 꼭 들고 있었어요. 연우는 비가 오기 전에 집에 가려고 발걸음을 더 빨리 옮기며 계속 서둘렀어요. 그런데 바람이 갑자기 아주 세게 불어 열쇠가 손에서 미끄러졌어요. 연우는 
saussure3	235	독해(비문학) Day 235	우리는 교실에서도 메모하기를 매일 조금씩 자주 실천해요. 메모하기를 잘하면 기억을 지킬 수 있고 마음도 더 조금 편해져요 그리고 다음이 더 쉬워져요. 하지만 서두르거나 대충 하면 실수가 더 생기기 쉬워요 그래서 더 
saussure3	236	독해(문학) Day 236	민지는 계단에서 물병을 한 손에 꽉 쥐고 꼭 들고 있었어요. 민지는 비가 오기 전에 집에 가려고 발걸음을 더 빨리 옮기며 계속 서둘렀어요. 그런데 바람이 갑자기 아주 세게 불어 물병이 손에서 미끄러졌어요. 민지는 순
saussure3	237	독해(비문학) Day 237	우리는 급식실에서도 줄서기를 매일 조금씩 자주 실천해요. 줄서기를 잘하면 질서를 지킬 수 있고 마음도 더 조금 편해져요 그리고 다음이 더 쉬워져요. 하지만 서두르거나 대충 하면 실수가 더 생기기 쉬워요 그래서 더 조
saussure3	238	독해(문학) Day 238	정우는 도서관에서 연필을 한 손에 꽉 쥐고 꼭 들고 있었어요. 정우는 비가 오기 전에 집에 가려고 발걸음을 더 빨리 옮기며 계속 서둘렀어요. 그런데 바람이 갑자기 아주 세게 불어 연필이 손에서 미끄러졌어요. 정우는 
saussure3	239	독해(비문학) Day 239	우리는 공원에서도 공원예절을 매일 조금씩 자주 실천해요. 공원예절을 잘하면 배려를 지킬 수 있고 마음도 더 조금 편해져요 그리고 다음이 더 쉬워져요. 하지만 서두르거나 대충 하면 실수가 더 생기기 쉬워요 그래서 더 
saussure3	240	독해(문학) Day 240	나윤은 복도에서 수첩을 한 손에 꽉 쥐고 꼭 들고 있었어요. 나윤은 비가 오기 전에 집에 가려고 발걸음을 더 빨리 옮기며 계속 서둘렀어요. 그런데 바람이 갑자기 아주 세게 불어 수첩이 손에서 미끄러졌어요. 나윤은 순
saussure3	241	독해(비문학) Day 241	우리는 학교에서도 분리수거를 매일 조금씩 자주 실천해요. 분리수거를 잘하면 환경을 지킬 수 있고 마음도 더 조금 편해져요 그리고 다음이 더 쉬워져요. 하지만 서두르거나 대충 하면 실수가 더 생기기 쉬워요 그래서 더 
saussure3	242	독해(문학) Day 242	수아는 계단에서 우산을 한 손에 꽉 쥐고 꼭 들고 있었어요. 수아는 비가 오기 전에 집에 가려고 발걸음을 더 빨리 옮기며 계속 서둘렀어요. 그런데 바람이 갑자기 아주 세게 불어 우산이 손에서 미끄러졌어요. 수아는 순
saussure3	243	독해(비문학) Day 243	우리는 집에서도 양치질을 매일 조금씩 자주 실천해요. 양치질을 잘하면 치아를 지킬 수 있고 마음도 더 조금 편해져요 그리고 다음이 더 쉬워져요. 하지만 서두르거나 대충 하면 실수가 더 생기기 쉬워요 그래서 더 조심해
saussure3	244	독해(문학) Day 244	서윤은 교실에서 열쇠를 한 손에 꽉 쥐고 꼭 들고 있었어요. 서윤은 비가 오기 전에 집에 가려고 발걸음을 더 빨리 옮기며 계속 서둘렀어요. 그런데 바람이 갑자기 아주 세게 불어 열쇠가 손에서 미끄러졌어요. 서윤은 순
saussure3	245	독해(비문학) Day 245	우리는 학교에서도 준비물을 매일 조금씩 자주 실천해요. 준비물을 잘하면 시간을 지킬 수 있고 마음도 더 조금 편해져요 그리고 다음이 더 쉬워져요. 하지만 서두르거나 대충 하면 실수가 더 생기기 쉬워요 그래서 더 조심
saussure3	246	독해(문학) Day 246	채원은 운동장에서 물병을 한 손에 꽉 쥐고 꼭 들고 있었어요. 채원은 비가 오기 전에 집에 가려고 발걸음을 더 빨리 옮기며 계속 서둘렀어요. 그런데 바람이 갑자기 아주 세게 불어 물병이 손에서 미끄러졌어요. 채원은 
saussure3	247	독해(비문학) Day 247	우리는 교실에서도 메모하기를 매일 조금씩 자주 실천해요. 메모하기를 잘하면 기억을 지킬 수 있고 마음도 더 조금 편해져요 그리고 다음이 더 쉬워져요. 하지만 서두르거나 대충 하면 실수가 더 생기기 쉬워요 그래서 더 
saussure3	248	독해(문학) Day 248	현우는 현관에서 지우개를 한 손에 꽉 쥐고 꼭 들고 있었어요. 현우는 비가 오기 전에 집에 가려고 발걸음을 더 빨리 옮기며 계속 서둘렀어요. 그런데 바람이 갑자기 아주 세게 불어 지우개가 손에서 미끄러졌어요. 현우는
saussure3	249	독해(비문학) Day 249	우리는 급식실에서도 줄서기를 매일 조금씩 자주 실천해요. 줄서기를 잘하면 질서를 지킬 수 있고 마음도 더 조금 편해져요 그리고 다음이 더 쉬워져요. 하지만 서두르거나 대충 하면 실수가 더 생기기 쉬워요 그래서 더 조
saussure3	250	독해(문학) Day 250	유진은 급식실에서 책갈피를 한 손에 꽉 쥐고 꼭 들고 있었어요. 유진은 비가 오기 전에 집에 가려고 발걸음을 더 빨리 옮기며 계속 서둘렀어요. 그런데 바람이 갑자기 아주 세게 불어 책갈피가 손에서 미끄러졌어요. 유진
saussure3	251	독해(비문학) Day 251	우리는 공원에서도 공원예절을 매일 조금씩 자주 실천해요. 공원예절을 잘하면 배려를 지킬 수 있고 마음도 더 조금 편해져요 그리고 다음이 더 쉬워져요. 하지만 서두르거나 대충 하면 실수가 더 생기기 쉬워요 그래서 더 
saussure3	252	독해(문학) Day 252	지우는 운동장에서 우산을 한 손에 꽉 쥐고 꼭 들고 있었어요. 지우는 비가 오기 전에 집에 가려고 발걸음을 더 빨리 옮기며 계속 서둘렀어요. 그런데 바람이 갑자기 아주 세게 불어 우산이 손에서 미끄러졌어요. 지우는 
saussure3	253	독해(비문학) Day 253	우리는 학교에서도 분리수거를 매일 조금씩 자주 실천해요. 분리수거를 잘하면 환경을 지킬 수 있고 마음도 더 조금 편해져요 그리고 다음이 더 쉬워져요. 하지만 서두르거나 대충 하면 실수가 더 생기기 쉬워요 그래서 더 
saussure3	254	독해(문학) Day 254	민지는 놀이터에서 열쇠를 한 손에 꽉 쥐고 꼭 들고 있었어요. 민지는 비가 오기 전에 집에 가려고 발걸음을 더 빨리 옮기며 계속 서둘렀어요. 그런데 바람이 갑자기 아주 세게 불어 열쇠가 손에서 미끄러졌어요. 민지는 
saussure3	255	독해(비문학) Day 255	우리는 집에서도 양치질을 매일 조금씩 자주 실천해요. 양치질을 잘하면 치아를 지킬 수 있고 마음도 더 조금 편해져요 그리고 다음이 더 쉬워져요. 하지만 서두르거나 대충 하면 실수가 더 생기기 쉬워요 그래서 더 조심해
saussure3	256	독해(문학) Day 256	예린은 급식실에서 장갑을 한 손에 꽉 쥐고 꼭 들고 있었어요. 예린은 비가 오기 전에 집에 가려고 발걸음을 더 빨리 옮기며 계속 서둘렀어요. 그런데 바람이 갑자기 아주 세게 불어 장갑이 손에서 미끄러졌어요. 예린은 
saussure3	257	독해(비문학) Day 257	우리는 학교에서도 준비물을 매일 조금씩 자주 실천해요. 준비물을 잘하면 시간을 지킬 수 있고 마음도 더 조금 편해져요 그리고 다음이 더 쉬워져요. 하지만 서두르거나 대충 하면 실수가 더 생기기 쉬워요 그래서 더 조심
saussure3	258	독해(문학) Day 258	도윤은 도서관에서 지우개를 한 손에 꽉 쥐고 꼭 들고 있었어요. 도윤은 비가 오기 전에 집에 가려고 발걸음을 더 빨리 옮기며 계속 서둘렀어요. 그런데 바람이 갑자기 아주 세게 불어 지우개가 손에서 미끄러졌어요. 도윤
saussure3	259	독해(비문학) Day 259	우리는 교실에서도 메모하기를 매일 조금씩 자주 실천해요. 메모하기를 잘하면 기억을 지킬 수 있고 마음도 더 조금 편해져요 그리고 다음이 더 쉬워져요. 하지만 서두르거나 대충 하면 실수가 더 생기기 쉬워요 그래서 더 
saussure3	260	독해(문학) Day 260	하준은 놀이터에서 책갈피를 한 손에 꽉 쥐고 꼭 들고 있었어요. 하준은 비가 오기 전에 집에 가려고 발걸음을 더 빨리 옮기며 계속 서둘렀어요. 그런데 바람이 갑자기 아주 세게 불어 책갈피가 손에서 미끄러졌어요. 하준
saussure3	261	독해(비문학) Day 261	우리는 급식실에서도 줄서기를 매일 조금씩 자주 실천해요. 줄서기를 잘하면 질서를 지킬 수 있고 마음도 더 조금 편해져요 그리고 다음이 더 쉬워져요. 하지만 서두르거나 대충 하면 실수가 더 생기기 쉬워요 그래서 더 조
saussure3	262	독해(문학) Day 262	준호는 계단에서 수첩을 한 손에 꽉 쥐고 꼭 들고 있었어요. 준호는 비가 오기 전에 집에 가려고 발걸음을 더 빨리 옮기며 계속 서둘렀어요. 그런데 바람이 갑자기 아주 세게 불어 수첩이 손에서 미끄러졌어요. 준호는 순
saussure3	263	독해(비문학) Day 263	우리는 공원에서도 공원예절을 매일 조금씩 자주 실천해요. 공원예절을 잘하면 배려를 지킬 수 있고 마음도 더 조금 편해져요 그리고 다음이 더 쉬워져요. 하지만 서두르거나 대충 하면 실수가 더 생기기 쉬워요 그래서 더 
saussure3	264	독해(문학) Day 264	채원은 도서관에서 쪽지를 한 손에 꽉 쥐고 꼭 들고 있었어요. 채원은 비가 오기 전에 집에 가려고 발걸음을 더 빨리 옮기며 계속 서둘렀어요. 그런데 바람이 갑자기 아주 세게 불어 쪽지가 손에서 미끄러졌어요. 채원은 
saussure3	265	독해(비문학) Day 265	우리는 학교에서도 분리수거를 매일 조금씩 자주 실천해요. 분리수거를 잘하면 환경을 지킬 수 있고 마음도 더 조금 편해져요 그리고 다음이 더 쉬워져요. 하지만 서두르거나 대충 하면 실수가 더 생기기 쉬워요 그래서 더 
saussure3	266	독해(문학) Day 266	지민은 복도에서 장갑을 한 손에 꽉 쥐고 꼭 들고 있었어요. 지민은 비가 오기 전에 집에 가려고 발걸음을 더 빨리 옮기며 계속 서둘렀어요. 그런데 바람이 갑자기 아주 세게 불어 장갑이 손에서 미끄러졌어요. 지민은 순
saussure3	267	독해(비문학) Day 267	우리는 집에서도 양치질을 매일 조금씩 자주 실천해요. 양치질을 잘하면 치아를 지킬 수 있고 마음도 더 조금 편해져요 그리고 다음이 더 쉬워져요. 하지만 서두르거나 대충 하면 실수가 더 생기기 쉬워요 그래서 더 조심해
saussure3	268	독해(문학) Day 268	수아는 계단에서 물병을 한 손에 꽉 쥐고 꼭 들고 있었어요. 수아는 비가 오기 전에 집에 가려고 발걸음을 더 빨리 옮기며 계속 서둘렀어요. 그런데 바람이 갑자기 아주 세게 불어 물병이 손에서 미끄러졌어요. 수아는 순
saussure3	269	독해(비문학) Day 269	우리는 학교에서도 준비물을 매일 조금씩 자주 실천해요. 준비물을 잘하면 시간을 지킬 수 있고 마음도 더 조금 편해져요 그리고 다음이 더 쉬워져요. 하지만 서두르거나 대충 하면 실수가 더 생기기 쉬워요 그래서 더 조심
saussure3	270	독해(문학) Day 270	지우는 교실에서 연필을 한 손에 꽉 쥐고 꼭 들고 있었어요. 지우는 비가 오기 전에 집에 가려고 발걸음을 더 빨리 옮기며 계속 서둘렀어요. 그런데 바람이 갑자기 아주 세게 불어 연필이 손에서 미끄러졌어요. 지우는 순
saussure3	271	독해(비문학) Day 271	우리는 교실에서도 메모하기를 매일 조금씩 자주 실천해요. 메모하기를 잘하면 기억을 지킬 수 있고 마음도 더 조금 편해져요 그리고 다음이 더 쉬워져요. 하지만 서두르거나 대충 하면 실수가 더 생기기 쉬워요 그래서 더 
saussure3	272	독해(문학) Day 272	건우는 운동장에서 수첩을 한 손에 꽉 쥐고 꼭 들고 있었어요. 건우는 비가 오기 전에 집에 가려고 발걸음을 더 빨리 옮기며 계속 서둘렀어요. 그런데 바람이 갑자기 아주 세게 불어 수첩이 손에서 미끄러졌어요. 건우는 
saussure3	273	독해(비문학) Day 273	우리는 급식실에서도 줄서기를 매일 조금씩 자주 실천해요. 줄서기를 잘하면 질서를 지킬 수 있고 마음도 더 조금 편해져요 그리고 다음이 더 쉬워져요. 하지만 서두르거나 대충 하면 실수가 더 생기기 쉬워요 그래서 더 조
saussure3	274	독해(문학) Day 274	현우는 현관에서 쪽지를 한 손에 꽉 쥐고 꼭 들고 있었어요. 현우는 비가 오기 전에 집에 가려고 발걸음을 더 빨리 옮기며 계속 서둘렀어요. 그런데 바람이 갑자기 아주 세게 불어 쪽지가 손에서 미끄러졌어요. 현우는 순
saussure3	275	독해(비문학) Day 275	우리는 공원에서도 공원예절을 매일 조금씩 자주 실천해요. 공원예절을 잘하면 배려를 지킬 수 있고 마음도 더 조금 편해져요 그리고 다음이 더 쉬워져요. 하지만 서두르거나 대충 하면 실수가 더 생기기 쉬워요 그래서 더 
saussure3	276	독해(문학) Day 276	도윤은 급식실에서 열쇠를 한 손에 꽉 쥐고 꼭 들고 있었어요. 도윤은 비가 오기 전에 집에 가려고 발걸음을 더 빨리 옮기며 계속 서둘렀어요. 그런데 바람이 갑자기 아주 세게 불어 열쇠가 손에서 미끄러졌어요. 도윤은 
saussure3	277	독해(비문학) Day 277	우리는 학교에서도 분리수거를 매일 조금씩 자주 실천해요. 분리수거를 잘하면 환경을 지킬 수 있고 마음도 더 조금 편해져요 그리고 다음이 더 쉬워져요. 하지만 서두르거나 대충 하면 실수가 더 생기기 쉬워요 그래서 더 
saussure3	278	독해(문학) Day 278	연우는 운동장에서 물병을 한 손에 꽉 쥐고 꼭 들고 있었어요. 연우는 비가 오기 전에 집에 가려고 발걸음을 더 빨리 옮기며 계속 서둘렀어요. 그런데 바람이 갑자기 아주 세게 불어 물병이 손에서 미끄러졌어요. 연우는 
saussure3	279	독해(비문학) Day 279	우리는 집에서도 양치질을 매일 조금씩 자주 실천해요. 양치질을 잘하면 치아를 지킬 수 있고 마음도 더 조금 편해져요 그리고 다음이 더 쉬워져요. 하지만 서두르거나 대충 하면 실수가 더 생기기 쉬워요 그래서 더 조심해
saussure3	280	독해(문학) Day 280	민지는 놀이터에서 연필을 한 손에 꽉 쥐고 꼭 들고 있었어요. 민지는 비가 오기 전에 집에 가려고 발걸음을 더 빨리 옮기며 계속 서둘렀어요. 그런데 바람이 갑자기 아주 세게 불어 연필이 손에서 미끄러졌어요. 민지는 
saussure3	281	독해(비문학) Day 281	우리는 학교에서도 준비물을 매일 조금씩 자주 실천해요. 준비물을 잘하면 시간을 지킬 수 있고 마음도 더 조금 편해져요 그리고 다음이 더 쉬워져요. 하지만 서두르거나 대충 하면 실수가 더 생기기 쉬워요 그래서 더 조심
saussure3	282	독해(문학) Day 282	정우는 급식실에서 책갈피를 한 손에 꽉 쥐고 꼭 들고 있었어요. 정우는 비가 오기 전에 집에 가려고 발걸음을 더 빨리 옮기며 계속 서둘렀어요. 그런데 바람이 갑자기 아주 세게 불어 책갈피가 손에서 미끄러졌어요. 정우
saussure3	283	독해(비문학) Day 283	우리는 교실에서도 메모하기를 매일 조금씩 자주 실천해요. 메모하기를 잘하면 기억을 지킬 수 있고 마음도 더 조금 편해져요 그리고 다음이 더 쉬워져요. 하지만 서두르거나 대충 하면 실수가 더 생기기 쉬워요 그래서 더 
saussure3	284	독해(문학) Day 284	나윤은 도서관에서 우산을 한 손에 꽉 쥐고 꼭 들고 있었어요. 나윤은 비가 오기 전에 집에 가려고 발걸음을 더 빨리 옮기며 계속 서둘렀어요. 그런데 바람이 갑자기 아주 세게 불어 우산이 손에서 미끄러졌어요. 나윤은 
saussure3	285	독해(비문학) Day 285	우리는 급식실에서도 줄서기를 매일 조금씩 자주 실천해요. 줄서기를 잘하면 질서를 지킬 수 있고 마음도 더 조금 편해져요 그리고 다음이 더 쉬워져요. 하지만 서두르거나 대충 하면 실수가 더 생기기 쉬워요 그래서 더 조
saussure3	286	독해(문학) Day 286	수아는 놀이터에서 열쇠를 한 손에 꽉 쥐고 꼭 들고 있었어요. 수아는 비가 오기 전에 집에 가려고 발걸음을 더 빨리 옮기며 계속 서둘렀어요. 그런데 바람이 갑자기 아주 세게 불어 열쇠가 손에서 미끄러졌어요. 수아는 
saussure3	287	독해(비문학) Day 287	우리는 공원에서도 공원예절을 매일 조금씩 자주 실천해요. 공원예절을 잘하면 배려를 지킬 수 있고 마음도 더 조금 편해져요 그리고 다음이 더 쉬워져요. 하지만 서두르거나 대충 하면 실수가 더 생기기 쉬워요 그래서 더 
saussure3	288	독해(문학) Day 288	서윤은 계단에서 장갑을 한 손에 꽉 쥐고 꼭 들고 있었어요. 서윤은 비가 오기 전에 집에 가려고 발걸음을 더 빨리 옮기며 계속 서둘렀어요. 그런데 바람이 갑자기 아주 세게 불어 장갑이 손에서 미끄러졌어요. 서윤은 순
saussure3	289	독해(비문학) Day 289	우리는 학교에서도 분리수거를 매일 조금씩 자주 실천해요. 분리수거를 잘하면 환경을 지킬 수 있고 마음도 더 조금 편해져요 그리고 다음이 더 쉬워져요. 하지만 서두르거나 대충 하면 실수가 더 생기기 쉬워요 그래서 더 
saussure3	290	독해(문학) Day 290	채원은 도서관에서 지우개를 한 손에 꽉 쥐고 꼭 들고 있었어요. 채원은 비가 오기 전에 집에 가려고 발걸음을 더 빨리 옮기며 계속 서둘렀어요. 그런데 바람이 갑자기 아주 세게 불어 지우개가 손에서 미끄러졌어요. 채원
saussure3	291	독해(비문학) Day 291	우리는 집에서도 양치질을 매일 조금씩 자주 실천해요. 양치질을 잘하면 치아를 지킬 수 있고 마음도 더 조금 편해져요 그리고 다음이 더 쉬워져요. 하지만 서두르거나 대충 하면 실수가 더 생기기 쉬워요 그래서 더 조심해
saussure3	292	독해(문학) Day 292	현우는 복도에서 책갈피를 한 손에 꽉 쥐고 꼭 들고 있었어요. 현우는 비가 오기 전에 집에 가려고 발걸음을 더 빨리 옮기며 계속 서둘렀어요. 그런데 바람이 갑자기 아주 세게 불어 책갈피가 손에서 미끄러졌어요. 현우는
saussure3	293	독해(비문학) Day 293	우리는 학교에서도 준비물을 매일 조금씩 자주 실천해요. 준비물을 잘하면 시간을 지킬 수 있고 마음도 더 조금 편해져요 그리고 다음이 더 쉬워져요. 하지만 서두르거나 대충 하면 실수가 더 생기기 쉬워요 그래서 더 조심
saussure3	294	독해(문학) Day 294	유진은 계단에서 우산을 한 손에 꽉 쥐고 꼭 들고 있었어요. 유진은 비가 오기 전에 집에 가려고 발걸음을 더 빨리 옮기며 계속 서둘렀어요. 그런데 바람이 갑자기 아주 세게 불어 우산이 손에서 미끄러졌어요. 유진은 순
saussure3	295	독해(비문학) Day 295	우리는 교실에서도 메모하기를 매일 조금씩 자주 실천해요. 메모하기를 잘하면 기억을 지킬 수 있고 마음도 더 조금 편해져요 그리고 다음이 더 쉬워져요. 하지만 서두르거나 대충 하면 실수가 더 생기기 쉬워요 그래서 더 
saussure3	296	독해(문학) Day 296	지우는 교실에서 쪽지를 한 손에 꽉 쥐고 꼭 들고 있었어요. 지우는 비가 오기 전에 집에 가려고 발걸음을 더 빨리 옮기며 계속 서둘렀어요. 그런데 바람이 갑자기 아주 세게 불어 쪽지가 손에서 미끄러졌어요. 지우는 순
saussure3	297	독해(비문학) Day 297	우리는 급식실에서도 줄서기를 매일 조금씩 자주 실천해요. 줄서기를 잘하면 질서를 지킬 수 있고 마음도 더 조금 편해져요 그리고 다음이 더 쉬워져요. 하지만 서두르거나 대충 하면 실수가 더 생기기 쉬워요 그래서 더 조
saussure3	298	독해(문학) Day 298	민지는 복도에서 장갑을 한 손에 꽉 쥐고 꼭 들고 있었어요. 민지는 비가 오기 전에 집에 가려고 발걸음을 더 빨리 옮기며 계속 서둘렀어요. 그런데 바람이 갑자기 아주 세게 불어 장갑이 손에서 미끄러졌어요. 민지는 순
saussure3	299	독해(비문학) Day 299	우리는 공원에서도 공원예절을 매일 조금씩 자주 실천해요. 공원예절을 잘하면 배려를 지킬 수 있고 마음도 더 조금 편해져요 그리고 다음이 더 쉬워져요. 하지만 서두르거나 대충 하면 실수가 더 생기기 쉬워요 그래서 더 
saussure3	300	독해(문학) Day 300	예린은 현관에서 지우개를 한 손에 꽉 쥐고 꼭 들고 있었어요. 예린은 비가 오기 전에 집에 가려고 발걸음을 더 빨리 옮기며 계속 서둘렀어요. 그런데 바람이 갑자기 아주 세게 불어 지우개가 손에서 미끄러졌어요. 예린은
saussure3	301	독해(비문학) Day 301	우리는 학교에서도 분리수거를 매일 조금씩 자주 실천해요. 분리수거를 잘하면 환경을 지킬 수 있고 마음도 더 조금 편해져요 그리고 다음이 더 쉬워져요. 하지만 서두르거나 대충 하면 실수가 더 생기기 쉬워요 그래서 더 
saussure3	302	독해(문학) Day 302	도윤은 급식실에서 연필을 한 손에 꽉 쥐고 꼭 들고 있었어요. 도윤은 비가 오기 전에 집에 가려고 발걸음을 더 빨리 옮기며 계속 서둘렀어요. 그런데 바람이 갑자기 아주 세게 불어 연필이 손에서 미끄러졌어요. 도윤은 
saussure3	303	독해(비문학) Day 303	우리는 집에서도 양치질을 매일 조금씩 자주 실천해요. 양치질을 잘하면 치아를 지킬 수 있고 마음도 더 조금 편해져요 그리고 다음이 더 쉬워져요. 하지만 서두르거나 대충 하면 실수가 더 생기기 쉬워요 그래서 더 조심해
saussure3	304	독해(문학) Day 304	하준은 운동장에서 수첩을 한 손에 꽉 쥐고 꼭 들고 있었어요. 하준은 비가 오기 전에 집에 가려고 발걸음을 더 빨리 옮기며 계속 서둘렀어요. 그런데 바람이 갑자기 아주 세게 불어 수첩이 손에서 미끄러졌어요. 하준은 
saussure3	305	독해(비문학) Day 305	우리는 학교에서도 준비물을 매일 조금씩 자주 실천해요. 준비물을 잘하면 시간을 지킬 수 있고 마음도 더 조금 편해져요 그리고 다음이 더 쉬워져요. 하지만 서두르거나 대충 하면 실수가 더 생기기 쉬워요 그래서 더 조심
saussure3	306	독해(문학) Day 306	준호는 놀이터에서 쪽지를 한 손에 꽉 쥐고 꼭 들고 있었어요. 준호는 비가 오기 전에 집에 가려고 발걸음을 더 빨리 옮기며 계속 서둘렀어요. 그런데 바람이 갑자기 아주 세게 불어 쪽지가 손에서 미끄러졌어요. 준호는 
saussure3	307	독해(비문학) Day 307	우리는 교실에서도 메모하기를 매일 조금씩 자주 실천해요. 메모하기를 잘하면 기억을 지킬 수 있고 마음도 더 조금 편해져요 그리고 다음이 더 쉬워져요. 하지만 서두르거나 대충 하면 실수가 더 생기기 쉬워요 그래서 더 
saussure3	308	독해(문학) Day 308	채원은 급식실에서 장갑을 한 손에 꽉 쥐고 꼭 들고 있었어요. 채원은 비가 오기 전에 집에 가려고 발걸음을 더 빨리 옮기며 계속 서둘렀어요. 그런데 바람이 갑자기 아주 세게 불어 장갑이 손에서 미끄러졌어요. 채원은 
saussure3	309	독해(비문학) Day 309	우리는 급식실에서도 줄서기를 매일 조금씩 자주 실천해요. 줄서기를 잘하면 질서를 지킬 수 있고 마음도 더 조금 편해져요 그리고 다음이 더 쉬워져요. 하지만 서두르거나 대충 하면 실수가 더 생기기 쉬워요 그래서 더 조
saussure3	310	독해(문학) Day 310	지민은 도서관에서 물병을 한 손에 꽉 쥐고 꼭 들고 있었어요. 지민은 비가 오기 전에 집에 가려고 발걸음을 더 빨리 옮기며 계속 서둘렀어요. 그런데 바람이 갑자기 아주 세게 불어 물병이 손에서 미끄러졌어요. 지민은 
saussure3	311	독해(비문학) Day 311	우리는 공원에서도 공원예절을 매일 조금씩 자주 실천해요. 공원예절을 잘하면 배려를 지킬 수 있고 마음도 더 조금 편해져요 그리고 다음이 더 쉬워져요. 하지만 서두르거나 대충 하면 실수가 더 생기기 쉬워요 그래서 더 
saussure3	312	독해(문학) Day 312	수아는 놀이터에서 연필을 한 손에 꽉 쥐고 꼭 들고 있었어요. 수아는 비가 오기 전에 집에 가려고 발걸음을 더 빨리 옮기며 계속 서둘렀어요. 그런데 바람이 갑자기 아주 세게 불어 연필이 손에서 미끄러졌어요. 수아는 
saussure3	313	독해(비문학) Day 313	우리는 학교에서도 분리수거를 매일 조금씩 자주 실천해요. 분리수거를 잘하면 환경을 지킬 수 있고 마음도 더 조금 편해져요 그리고 다음이 더 쉬워져요. 하지만 서두르거나 대충 하면 실수가 더 생기기 쉬워요 그래서 더 
saussure3	314	독해(문학) Day 314	지우는 계단에서 수첩을 한 손에 꽉 쥐고 꼭 들고 있었어요. 지우는 비가 오기 전에 집에 가려고 발걸음을 더 빨리 옮기며 계속 서둘렀어요. 그런데 바람이 갑자기 아주 세게 불어 수첩이 손에서 미끄러졌어요. 지우는 순
saussure3	315	독해(비문학) Day 315	우리는 집에서도 양치질을 매일 조금씩 자주 실천해요. 양치질을 잘하면 치아를 지킬 수 있고 마음도 더 조금 편해져요 그리고 다음이 더 쉬워져요. 하지만 서두르거나 대충 하면 실수가 더 생기기 쉬워요 그래서 더 조심해
saussure3	316	독해(문학) Day 316	건우는 도서관에서 우산을 한 손에 꽉 쥐고 꼭 들고 있었어요. 건우는 비가 오기 전에 집에 가려고 발걸음을 더 빨리 옮기며 계속 서둘렀어요. 그런데 바람이 갑자기 아주 세게 불어 우산이 손에서 미끄러졌어요. 건우는 
saussure3	317	독해(비문학) Day 317	우리는 학교에서도 준비물을 매일 조금씩 자주 실천해요. 준비물을 잘하면 시간을 지킬 수 있고 마음도 더 조금 편해져요 그리고 다음이 더 쉬워져요. 하지만 서두르거나 대충 하면 실수가 더 생기기 쉬워요 그래서 더 조심
saussure3	318	독해(문학) Day 318	현우는 복도에서 열쇠를 한 손에 꽉 쥐고 꼭 들고 있었어요. 현우는 비가 오기 전에 집에 가려고 발걸음을 더 빨리 옮기며 계속 서둘렀어요. 그런데 바람이 갑자기 아주 세게 불어 열쇠가 손에서 미끄러졌어요. 현우는 순
saussure3	319	독해(비문학) Day 319	우리는 교실에서도 메모하기를 매일 조금씩 자주 실천해요. 메모하기를 잘하면 기억을 지킬 수 있고 마음도 더 조금 편해져요 그리고 다음이 더 쉬워져요. 하지만 서두르거나 대충 하면 실수가 더 생기기 쉬워요 그래서 더 
saussure3	320	독해(문학) Day 320	도윤은 계단에서 물병을 한 손에 꽉 쥐고 꼭 들고 있었어요. 도윤은 비가 오기 전에 집에 가려고 발걸음을 더 빨리 옮기며 계속 서둘렀어요. 그런데 바람이 갑자기 아주 세게 불어 물병이 손에서 미끄러졌어요. 도윤은 순
saussure3	321	독해(비문학) Day 321	우리는 급식실에서도 줄서기를 매일 조금씩 자주 실천해요. 줄서기를 잘하면 질서를 지킬 수 있고 마음도 더 조금 편해져요 그리고 다음이 더 쉬워져요. 하지만 서두르거나 대충 하면 실수가 더 생기기 쉬워요 그래서 더 조
saussure3	322	독해(문학) Day 322	연우는 교실에서 지우개를 한 손에 꽉 쥐고 꼭 들고 있었어요. 연우는 비가 오기 전에 집에 가려고 발걸음을 더 빨리 옮기며 계속 서둘렀어요. 그런데 바람이 갑자기 아주 세게 불어 지우개가 손에서 미끄러졌어요. 연우는
saussure3	323	독해(비문학) Day 323	우리는 공원에서도 공원예절을 매일 조금씩 자주 실천해요. 공원예절을 잘하면 배려를 지킬 수 있고 마음도 더 조금 편해져요 그리고 다음이 더 쉬워져요. 하지만 서두르거나 대충 하면 실수가 더 생기기 쉬워요 그래서 더 
saussure3	324	독해(문학) Day 324	민지는 복도에서 책갈피를 한 손에 꽉 쥐고 꼭 들고 있었어요. 민지는 비가 오기 전에 집에 가려고 발걸음을 더 빨리 옮기며 계속 서둘렀어요. 그런데 바람이 갑자기 아주 세게 불어 책갈피가 손에서 미끄러졌어요. 민지는
saussure3	325	독해(비문학) Day 325	우리는 학교에서도 분리수거를 매일 조금씩 자주 실천해요. 분리수거를 잘하면 환경을 지킬 수 있고 마음도 더 조금 편해져요 그리고 다음이 더 쉬워져요. 하지만 서두르거나 대충 하면 실수가 더 생기기 쉬워요 그래서 더 
saussure3	326	독해(문학) Day 326	정우는 현관에서 우산을 한 손에 꽉 쥐고 꼭 들고 있었어요. 정우는 비가 오기 전에 집에 가려고 발걸음을 더 빨리 옮기며 계속 서둘렀어요. 그런데 바람이 갑자기 아주 세게 불어 우산이 손에서 미끄러졌어요. 정우는 순
saussure3	327	독해(비문학) Day 327	우리는 집에서도 양치질을 매일 조금씩 자주 실천해요. 양치질을 잘하면 치아를 지킬 수 있고 마음도 더 조금 편해져요 그리고 다음이 더 쉬워져요. 하지만 서두르거나 대충 하면 실수가 더 생기기 쉬워요 그래서 더 조심해
saussure3	328	독해(문학) Day 328	나윤은 교실에서 열쇠를 한 손에 꽉 쥐고 꼭 들고 있었어요. 나윤은 비가 오기 전에 집에 가려고 발걸음을 더 빨리 옮기며 계속 서둘렀어요. 그런데 바람이 갑자기 아주 세게 불어 열쇠가 손에서 미끄러졌어요. 나윤은 순
saussure3	329	독해(비문학) Day 329	우리는 학교에서도 준비물을 매일 조금씩 자주 실천해요. 준비물을 잘하면 시간을 지킬 수 있고 마음도 더 조금 편해져요 그리고 다음이 더 쉬워져요. 하지만 서두르거나 대충 하면 실수가 더 생기기 쉬워요 그래서 더 조심
saussure3	330	독해(문학) Day 330	수아는 운동장에서 장갑을 한 손에 꽉 쥐고 꼭 들고 있었어요. 수아는 비가 오기 전에 집에 가려고 발걸음을 더 빨리 옮기며 계속 서둘렀어요. 그런데 바람이 갑자기 아주 세게 불어 장갑이 손에서 미끄러졌어요. 수아는 
saussure3	331	독해(비문학) Day 331	우리는 교실에서도 메모하기를 매일 조금씩 자주 실천해요. 메모하기를 잘하면 기억을 지킬 수 있고 마음도 더 조금 편해져요 그리고 다음이 더 쉬워져요. 하지만 서두르거나 대충 하면 실수가 더 생기기 쉬워요 그래서 더 
saussure3	332	독해(문학) Day 332	서윤은 놀이터에서 지우개를 한 손에 꽉 쥐고 꼭 들고 있었어요. 서윤은 비가 오기 전에 집에 가려고 발걸음을 더 빨리 옮기며 계속 서둘렀어요. 그런데 바람이 갑자기 아주 세게 불어 지우개가 손에서 미끄러졌어요. 서윤
saussure3	333	독해(비문학) Day 333	우리는 급식실에서도 줄서기를 매일 조금씩 자주 실천해요. 줄서기를 잘하면 질서를 지킬 수 있고 마음도 더 조금 편해져요 그리고 다음이 더 쉬워져요. 하지만 서두르거나 대충 하면 실수가 더 생기기 쉬워요 그래서 더 조
saussure3	334	독해(문학) Day 334	채원은 급식실에서 책갈피를 한 손에 꽉 쥐고 꼭 들고 있었어요. 채원은 비가 오기 전에 집에 가려고 발걸음을 더 빨리 옮기며 계속 서둘렀어요. 그런데 바람이 갑자기 아주 세게 불어 책갈피가 손에서 미끄러졌어요. 채원
saussure3	335	독해(비문학) Day 335	우리는 공원에서도 공원예절을 매일 조금씩 자주 실천해요. 공원예절을 잘하면 배려를 지킬 수 있고 마음도 더 조금 편해져요 그리고 다음이 더 쉬워져요. 하지만 서두르거나 대충 하면 실수가 더 생기기 쉬워요 그래서 더 
saussure3	336	독해(문학) Day 336	현우는 도서관에서 수첩을 한 손에 꽉 쥐고 꼭 들고 있었어요. 현우는 비가 오기 전에 집에 가려고 발걸음을 더 빨리 옮기며 계속 서둘렀어요. 그런데 바람이 갑자기 아주 세게 불어 수첩이 손에서 미끄러졌어요. 현우는 
saussure3	337	독해(비문학) Day 337	우리는 학교에서도 분리수거를 매일 조금씩 자주 실천해요. 분리수거를 잘하면 환경을 지킬 수 있고 마음도 더 조금 편해져요 그리고 다음이 더 쉬워져요. 하지만 서두르거나 대충 하면 실수가 더 생기기 쉬워요 그래서 더 
saussure3	338	독해(문학) Day 338	유진은 놀이터에서 쪽지를 한 손에 꽉 쥐고 꼭 들고 있었어요. 유진은 비가 오기 전에 집에 가려고 발걸음을 더 빨리 옮기며 계속 서둘렀어요. 그런데 바람이 갑자기 아주 세게 불어 쪽지가 손에서 미끄러졌어요. 유진은 
saussure3	339	독해(비문학) Day 339	우리는 집에서도 양치질을 매일 조금씩 자주 실천해요. 양치질을 잘하면 치아를 지킬 수 있고 마음도 더 조금 편해져요 그리고 다음이 더 쉬워져요. 하지만 서두르거나 대충 하면 실수가 더 생기기 쉬워요 그래서 더 조심해
saussure3	340	독해(문학) Day 340	지우는 계단에서 장갑을 한 손에 꽉 쥐고 꼭 들고 있었어요. 지우는 비가 오기 전에 집에 가려고 발걸음을 더 빨리 옮기며 계속 서둘렀어요. 그런데 바람이 갑자기 아주 세게 불어 장갑이 손에서 미끄러졌어요. 지우는 순
saussure3	341	독해(비문학) Day 341	우리는 학교에서도 준비물을 매일 조금씩 자주 실천해요. 준비물을 잘하면 시간을 지킬 수 있고 마음도 더 조금 편해져요 그리고 다음이 더 쉬워져요. 하지만 서두르거나 대충 하면 실수가 더 생기기 쉬워요 그래서 더 조심
saussure3	342	독해(문학) Day 342	민지는 도서관에서 지우개를 한 손에 꽉 쥐고 꼭 들고 있었어요. 민지는 비가 오기 전에 집에 가려고 발걸음을 더 빨리 옮기며 계속 서둘렀어요. 그런데 바람이 갑자기 아주 세게 불어 지우개가 손에서 미끄러졌어요. 민지
saussure3	343	독해(비문학) Day 343	우리는 교실에서도 메모하기를 매일 조금씩 자주 실천해요. 메모하기를 잘하면 기억을 지킬 수 있고 마음도 더 조금 편해져요 그리고 다음이 더 쉬워져요. 하지만 서두르거나 대충 하면 실수가 더 생기기 쉬워요 그래서 더 
saussure3	344	독해(문학) Day 344	예린은 복도에서 연필을 한 손에 꽉 쥐고 꼭 들고 있었어요. 예린은 비가 오기 전에 집에 가려고 발걸음을 더 빨리 옮기며 계속 서둘렀어요. 그런데 바람이 갑자기 아주 세게 불어 연필이 손에서 미끄러졌어요. 예린은 순
saussure3	345	독해(비문학) Day 345	우리는 급식실에서도 줄서기를 매일 조금씩 자주 실천해요. 줄서기를 잘하면 질서를 지킬 수 있고 마음도 더 조금 편해져요 그리고 다음이 더 쉬워져요. 하지만 서두르거나 대충 하면 실수가 더 생기기 쉬워요 그래서 더 조
saussure3	346	독해(문학) Day 346	도윤은 계단에서 수첩을 한 손에 꽉 쥐고 꼭 들고 있었어요. 도윤은 비가 오기 전에 집에 가려고 발걸음을 더 빨리 옮기며 계속 서둘렀어요. 그런데 바람이 갑자기 아주 세게 불어 수첩이 손에서 미끄러졌어요. 도윤은 순
saussure3	347	독해(비문학) Day 347	우리는 공원에서도 공원예절을 매일 조금씩 자주 실천해요. 공원예절을 잘하면 배려를 지킬 수 있고 마음도 더 조금 편해져요 그리고 다음이 더 쉬워져요. 하지만 서두르거나 대충 하면 실수가 더 생기기 쉬워요 그래서 더 
saussure3	348	독해(문학) Day 348	하준은 교실에서 쪽지를 한 손에 꽉 쥐고 꼭 들고 있었어요. 하준은 비가 오기 전에 집에 가려고 발걸음을 더 빨리 옮기며 계속 서둘렀어요. 그런데 바람이 갑자기 아주 세게 불어 쪽지가 손에서 미끄러졌어요. 하준은 순
saussure3	349	독해(비문학) Day 349	우리는 학교에서도 분리수거를 매일 조금씩 자주 실천해요. 분리수거를 잘하면 환경을 지킬 수 있고 마음도 더 조금 편해져요 그리고 다음이 더 쉬워져요. 하지만 서두르거나 대충 하면 실수가 더 생기기 쉬워요 그래서 더 
saussure3	350	독해(문학) Day 350	준호는 복도에서 열쇠를 한 손에 꽉 쥐고 꼭 들고 있었어요. 준호는 비가 오기 전에 집에 가려고 발걸음을 더 빨리 옮기며 계속 서둘렀어요. 그런데 바람이 갑자기 아주 세게 불어 열쇠가 손에서 미끄러졌어요. 준호는 순
saussure3	351	독해(비문학) Day 351	우리는 집에서도 양치질을 매일 조금씩 자주 실천해요. 양치질을 잘하면 치아를 지킬 수 있고 마음도 더 조금 편해져요 그리고 다음이 더 쉬워져요. 하지만 서두르거나 대충 하면 실수가 더 생기기 쉬워요 그래서 더 조심해
saussure3	352	독해(문학) Day 352	채원은 현관에서 물병을 한 손에 꽉 쥐고 꼭 들고 있었어요. 채원은 비가 오기 전에 집에 가려고 발걸음을 더 빨리 옮기며 계속 서둘렀어요. 그런데 바람이 갑자기 아주 세게 불어 물병이 손에서 미끄러졌어요. 채원은 순
saussure3	353	독해(비문학) Day 353	우리는 학교에서도 준비물을 매일 조금씩 자주 실천해요. 준비물을 잘하면 시간을 지킬 수 있고 마음도 더 조금 편해져요 그리고 다음이 더 쉬워져요. 하지만 서두르거나 대충 하면 실수가 더 생기기 쉬워요 그래서 더 조심
saussure3	354	독해(문학) Day 354	지민은 교실에서 연필을 한 손에 꽉 쥐고 꼭 들고 있었어요. 지민은 비가 오기 전에 집에 가려고 발걸음을 더 빨리 옮기며 계속 서둘렀어요. 그런데 바람이 갑자기 아주 세게 불어 연필이 손에서 미끄러졌어요. 지민은 순
saussure3	355	독해(비문학) Day 355	우리는 교실에서도 메모하기를 매일 조금씩 자주 실천해요. 메모하기를 잘하면 기억을 지킬 수 있고 마음도 더 조금 편해져요 그리고 다음이 더 쉬워져요. 하지만 서두르거나 대충 하면 실수가 더 생기기 쉬워요 그래서 더 
saussure3	356	독해(문학) Day 356	수아는 운동장에서 책갈피를 한 손에 꽉 쥐고 꼭 들고 있었어요. 수아는 비가 오기 전에 집에 가려고 발걸음을 더 빨리 옮기며 계속 서둘렀어요. 그런데 바람이 갑자기 아주 세게 불어 책갈피가 손에서 미끄러졌어요. 수아
saussure3	357	독해(비문학) Day 357	우리는 급식실에서도 줄서기를 매일 조금씩 자주 실천해요. 줄서기를 잘하면 질서를 지킬 수 있고 마음도 더 조금 편해져요 그리고 다음이 더 쉬워져요. 하지만 서두르거나 대충 하면 실수가 더 생기기 쉬워요 그래서 더 조
saussure3	358	독해(문학) Day 358	지우는 현관에서 우산을 한 손에 꽉 쥐고 꼭 들고 있었어요. 지우는 비가 오기 전에 집에 가려고 발걸음을 더 빨리 옮기며 계속 서둘렀어요. 그런데 바람이 갑자기 아주 세게 불어 우산이 손에서 미끄러졌어요. 지우는 순
saussure3	359	독해(비문학) Day 359	우리는 공원에서도 공원예절을 매일 조금씩 자주 실천해요. 공원예절을 잘하면 배려를 지킬 수 있고 마음도 더 조금 편해져요 그리고 다음이 더 쉬워져요. 하지만 서두르거나 대충 하면 실수가 더 생기기 쉬워요 그래서 더 
saussure3	360	독해(문학) Day 360	건우는 급식실에서 열쇠를 한 손에 꽉 쥐고 꼭 들고 있었어요. 건우는 비가 오기 전에 집에 가려고 발걸음을 더 빨리 옮기며 계속 서둘렀어요. 그런데 바람이 갑자기 아주 세게 불어 열쇠가 손에서 미끄러졌어요. 건우는 
saussure3	361	독해(비문학) Day 361	우리는 학교에서도 분리수거를 매일 조금씩 자주 실천해요. 분리수거를 잘하면 환경을 지킬 수 있고 마음도 더 조금 편해져요 그리고 다음이 더 쉬워져요. 하지만 서두르거나 대충 하면 실수가 더 생기기 쉬워요 그래서 더 
saussure3	362	독해(문학) Day 362	현우는 도서관에서 물병을 한 손에 꽉 쥐고 꼭 들고 있었어요. 현우는 비가 오기 전에 집에 가려고 발걸음을 더 빨리 옮기며 계속 서둘렀어요. 그런데 바람이 갑자기 아주 세게 불어 물병이 손에서 미끄러졌어요. 현우는 
saussure3	363	독해(비문학) Day 363	우리는 집에서도 양치질을 매일 조금씩 자주 실천해요. 양치질을 잘하면 치아를 지킬 수 있고 마음도 더 조금 편해져요 그리고 다음이 더 쉬워져요. 하지만 서두르거나 대충 하면 실수가 더 생기기 쉬워요 그래서 더 조심해
saussure3	364	독해(문학) Day 364	도윤은 놀이터에서 지우개를 한 손에 꽉 쥐고 꼭 들고 있었어요. 도윤은 비가 오기 전에 집에 가려고 발걸음을 더 빨리 옮기며 계속 서둘렀어요. 그런데 바람이 갑자기 아주 세게 불어 지우개가 손에서 미끄러졌어요. 도윤
saussure3	365	독해(비문학) Day 365	우리는 학교에서도 준비물을 매일 조금씩 자주 실천해요. 준비물을 잘하면 시간을 지킬 수 있고 마음도 더 조금 편해져요 그리고 다음이 더 쉬워져요. 하지만 서두르거나 대충 하면 실수가 더 생기기 쉬워요 그래서 더 조심
frege1	1	일일 독해(프레게) Day 001	처음 보는 종이 지도를 펼치면 많은 사람은 길 이름부터 찾으려 하지만, 실제로는 범례를 먼저 읽는 편이 더 안전하다.지도는 실제 모습을 그대로 옮긴 그림이 아니라 필요한 정보를 약속된 기호와 색으로 줄여 보여 주기 
frege1	2	일일 독해(프레게) Day 002	미술 시간이 끝난 뒤 소연은 작품 제목을 적은 초록 메모지가 보이지 않는다는 것을 알았다.메모지는 완성한 모형집 앞에 꽂아 두어야 해서 없으면 전시 준비를 이어 가기 어려웠다.소연은 아까 설명표를 쓰느라 미술 공책과
frege1	3	일일 독해(프레게) Day 003	수아는 알림장에 왠 숙제가 이렇게 많지라고 적었다가 선생님의 표시를 보고 문장을 다시 읽었다.많은 사람이 '왠 숙제'라고 쓰기 쉽지만, 명사 앞에서 이유를 묻지 않고 놀람을 나타낼 때는 '웬'이 맞다.이 말은 '어찌
frege1	4	일일 독해(프레게) Day 004	합창 연습이 끝난 뒤 하린은 발표 순서를 적어 둔 은색 쪽지가 보이지 않는다는 것을 알아차렸다.그 쪽지는 무대 옆에서 다음 차례를 알려 줄 때 꼭 필요해서 없으면 연습을 매끄럽게 이어 가기 어려웠다.하린은 아까 마이
frege1	5	일일 독해(프레게) Day 005	구름은 하늘에서 갑자기 그려지는 솜덩이처럼 보이지만, 실제로는 수증기를 품은 공기가 식으면서 만들어진다.땅과 물에서 올라간 공기가 위로 오르면 주변 압력이 낮아져 조금씩 차가워진다.공기가 충분히 식으면 보이지 않던 
frege1	6	일일 독해(프레게) Day 006	방과 후 교실에서 만들기 발표를 마친 지유는 자기 자리로 돌아오다 창문 그림 옆에 걸어 둔 분홍 이름표가 보이지 않는다는 것을 알았다.이름표는 작품 주인을 알려 주는 표식이라 없으면 친구들이 누구 작품인지 헷갈릴 수
frege1	7	일일 독해(프레게) Day 007	비가 그친 뒤 운동장 가장자리의 작은 웅덩이는 하루가 지나면 눈에 띄게 얕아지거나 아예 사라지기도 한다.많은 사람은 햇볕이 물을 그냥 없앤다고 여기지만, 실제로는 물이 여러 길로 흩어지기 때문이다.웅덩이의 물은 공기
frege1	8	일일 독해(프레게) Day 008	동아리 전시를 앞둔 민규는 복도 게시판 앞에서 작품 설명 옆에 붙여 둔 주황 표찰이 보이지 않는다는 것을 알아차렸다.그 표찰은 작품 이름과 만든 사람을 함께 알려 주는 종이라 없으면 친구들이 전시 순서를 헷갈릴 수 
frege1	9	일일 독해(프레게) Day 009	비가 막 그친 하늘에서 무지개가 나타나면 많은 사람은 공중에 색 띠가 걸린다고 생각하지만, 실제로는 햇빛과 빗방울이 함께 만든 빛의 모습이다.햇빛이 빗방울 안으로 들어갈 때에는 방향이 꺾이는데, 이런 변화를 굴절이라
frege1	10	일일 독해(프레게) Day 010	학급 신문을 꾸미던 연우는 게시판 오른쪽 아래에 붙여 둔 파란 화살표 종이가 보이지 않자 손을 멈추었다.그 종이는 새 기사 순서를 알려 주는 작은 표시여서, 없으면 친구들이 제목을 어디에 놓아야 할지 헷갈릴 수 있었
frege1	11	일일 독해(프레게) Day 011	바람은 보이지 않지만, 실제로는 공기가 한쪽에서 다른 쪽으로 움직이는 모습이다.지표면이 햇빛을 똑같이 받지 않으면 어떤 곳의 공기는 더 따뜻해지고 어떤 곳은 더 차가워진다.따뜻해진 공기는 가벼워져 위로 오르기 쉽고,
frege1	12	일일 독해(프레게) Day 012	운동회 응원판을 만들던 도윤은 파란 글씨가 자꾸 아래로 기울어지자 붓을 멈추었다.조금만 더 쓰면 끝났지만, 마지막 줄이 삐뚤어지면 앞에서 맞춰 적은 말들도 함께 어수선해 보일 것 같았다.옆자리의 가은은 도윤이 자를 
frege1	13	일일 독해(프레게) Day 013	달은 스스로 빛나는 물체처럼 보이지만, 실제로는 태양빛을 받아 반사해 밝아진다.그래서 우리가 밤하늘에서 보는 달빛은 달이 만들어 낸 빛이 아니라 햇빛이 비친 모습이다.달의 모양이 매일 조금씩 달라 보이는 까닭도 달 
frege1	14	일일 독해(프레게) Day 014	학교 축제 무대 꾸미기를 하던 소라는 장면 끝에 흔들어야 할 은색 리본 막대가 보이지 않자 손을 멈추었다.그 막대는 마지막 동작의 방향을 맞춰 주는 소품이어서, 없으면 친구들이 어느 쪽으로 돌아서야 할지 잠시 헷갈릴
frege1	15	일일 독해(프레게) Day 015	그림자는 빛이 곧게 나아가다가 물체에 막힌 자리 뒤쪽에 생긴 어두운 부분이다.그래서 그림자가 생기려면 빛을 가리는 물체와 그 뒤에 빛이 닿는 바탕이 함께 있어야 한다.손전등을 켜서 벽 앞에 손을 대면 손 모양 그림자
frege1	16	일일 독해(프레게) Day 016	학교 축제 무대 꾸미기를 하던 소라는 장면 끝에 흔들어야 할 은색 리본 막대가 보이지 않자 손을 멈추었다.그 막대는 마지막 동작의 방향을 맞춰 주는 소품이어서, 없으면 친구들이 어느 쪽으로 돌아서야 할지 잠시 헷갈릴
frege1	17	일일 독해(프레게) Day 017	번개를 보면 거의 바로 번쩍인다고 느끼지만, 천둥 소리는 조금 뒤에 들릴 때가 많다.이 차이는 번개가 느리게 움직여서가 아니라 빛과 소리가 우리에게 오는 속도가 서로 다르기 때문에 생긴다.빛은 아주 빠르게 움직여 멀
frege1	18	일일 독해(프레게) Day 018	미술 작품 설명표를 붙이던 예나는 파란 글씨 끝이 번져 있는 것을 보고 손을 멈추었다.작품 제목 아래에 적은 짧은 소개글까지 번지면, 보는 친구들이 어떤 뜻인지 한눈에 읽기 어려울 것 같았다.예나는 조금 전 물통을 
frege1	19	일일 독해(프레게) Day 019	안개는 하늘에만 있는 특별한 구름이 아니라, 아주 낮은 곳에 생겨 땅 가까이에 머무는 작은 물방울 무리이다.그래서 멀리 떠 있는 구름과 안개는 재료가 크게 다르지 않고, 생기는 자리와 높이가 다를 뿐이다.공기 속 수
frege1	20	일일 독해(프레게) Day 020	방송 동아리에서 인터뷰 영상을 찍던 연서는 첫 문장을 말해 보자마자 목소리가 텅 빈 통처럼 울리는 것을 느끼고 카메라를 멈추었다.그 소리가 그대로 들어가면 인터뷰 내용보다 울림이 더 크게 들려 보는 사람이 말을 따라
frege1	21	일일 독해(프레게) Day 021	이슬은 풀잎이 밤새 물을 스스로 뿜어내서 맺힌 것이 아니라, 공기 속 수증기가 차가워진 표면에 물방울로 바뀌어 붙은 것이다.낮 동안 데워졌던 땅과 풀잎은 해가 지고 나면 열을 잃으며 점점 식는다.그러면 그 가까이에 
frege1	22	일일 독해(프레게) Day 022	발표회를 앞두고 소라는 합창 조끼에 다는 이름표를 정리하다가 자기 것 한 장이 보이지 않자 손을 멈추었다.이름표가 없으면 줄을 설 때마다 선생님이 아이들을 다시 확인해야 해서 연습 흐름이 끊길 수 있었다.소라는 조금
frege1	23	일일 독해(프레게) Day 023	비는 하늘에서 물이 갑자기 쏟아지는 것이 아니라, 구름 속의 아주 작은 물방울이 점점 커져 더는 떠 있기 어려워질 때 내린다.처음에 공기 속 수증기는 식으면서 아주 작은 먼지나 소금 같은 알갱이 둘레에 달라붙어 구름
frege1	24	일일 독해(프레게) Day 024	체육 시간 뒤 운동장 가장자리에서 지우는 친구들과 바람개비를 걷다가 자기 것만 날개 한 장이 축 처진 것을 보았다.그대로 돌려 보아도 한쪽 날개가 자꾸 느리게 따라와서 바람이 불어도 빙글빙글 잘 돌지 않았다.지우는 
frege1	25	일일 독해(프레게) Day 025	바람은 공기가 스스로 아무렇게나 떠도는 것이 아니라, 기압이 높은 곳에서 낮은 곳으로 움직이면서 생긴다.기압은 공기가 누르는 힘을 뜻하는데, 어느 곳의 공기가 더 많이 모이면 그곳의 기압은 높아질 수 있다.반대로 공
frege1	26	일일 독해(프레게) Day 026	도서관 정리 봉사를 마치려던 수아는 반납 책 더미 위에 올려 두었던 반납표 한 장이 보이지 않자 손을 멈추었다.그 표가 없으면 어느 반 책인지 헷갈려 책을 다시 나누는 데 시간이 더 걸릴 수 있었다.수아는 조금 전 
frege1	27	일일 독해(프레게) Day 027	낮하늘이 파랗게 보이는 까닭은 하늘 자체가 파란 색을 가지고 있어서가 아니라, 햇빛이 공기 속 작은 입자에 부딪혀 퍼질 때 짧은 빛이 더 잘 흩어지기 때문이다.햇빛은 여러 색의 빛이 함께 섞인 것인데, 눈에 보이는 
frege1	28	일일 독해(프레게) Day 028	민서는 비가 그친 뒤 운동장 가장자리에서 젖은 스케치북 하나를 보았다. 겉표지에는 이름이 없었지만, 첫 장 모서리에 파란 별 스티커가 반쯤 붙어 있었다. 민서는 오전에 미술실 앞에서 같은 스티커가 붙은 필통을 들고 
frege1	29	일일 독해(프레게) Day 029	어떤 별자리는 봄밤에는 잘 보이지만 가을밤에는 찾기 어렵다. 별자리가 스스로 이리저리 움직여서가 아니라, 지구가 해 둘레를 돌며 밤하늘을 보는 방향이 조금씩 달라지기 때문이다. 우리는 밤이 된 쪽 하늘만 볼 수 있는
frege1	30	일일 독해(프레게) Day 030	서윤은 학예회 연습을 앞두고 교실 뒤편에서 대본을 다시 읽고 있었다. 줄 수는 많지 않았지만, 장면이 바뀔 때마다 목소리 높낮이를 어떻게 달리해야 할지 자꾸 헷갈렸다. 옆자리의 나빈은 서윤이 같은 줄에서 자꾸 멈추는
frege1	31	일일 독해(프레게) Day 031	밤하늘에 달 둘레로 희미한 고리가 생기면 아이들은 달이 안경을 쓴 것 같다고 말하곤 한다. 이 빛의 고리는 달무리라고 부르며, 아주 높은 곳에 있는 얇은 구름 속 얼음 결정 때문에 생긴다. 달빛이 그 작은 얼음 조각
frege1	32	일일 독해(프레게) Day 032	세은은 과학 전시회 전날 교실 뒤편에서 조별 안내판을 다시 살펴보고 있었다. 안내판 글씨는 다 적었지만, 화분 사진 밑 설명칸이 자꾸 들떠 보여 마음이 놓이지 않았다. 민재는 설명칸 모서리에 얇은 종이띠를 한 번 더
frege1	33	일일 독해(프레게) Day 033	바다를 처음 그리는 아이들은 물을 늘 파란색으로 칠하곤 한다. 실제로 멀리서 본 바다가 파랗게 보이는 경우가 많지만, 단순히 하늘색만 비춰서 그런 것은 아니다. NOAA는 바닷물이 햇빛을 받을 때 다른 빛보다 푸른빛
frege1	34	일일 독해(프레게) Day 034	다연은 아침 방송 당번이 된 날을 앞두고 빈 교실 뒤에서 안내문을 조용히 읽고 있었다. 문장은 짧았지만, 학교 소식과 시간 안내가 이어지는 순서를 자꾸 뒤섞어 읽게 되었다. 옆에서 듣던 준호는 문장마다 멈춰야 할 곳
frege1	35	일일 독해(프레게) Day 035	맑은 날 하늘을 보면 구름은 흰 솜처럼 보여서 누구나 하얗다고 생각하기 쉽다. 구름이 하얗게 보이는 까닭은 물방울과 얼음 조각이 햇빛의 여러 색을 함께 흩뜨리기 때문이다. 여러 색이 비슷하게 섞여 우리 눈에 들어오면
frege1	36	일일 독해(프레게) Day 036	세아는 점심시간마다 축제 전시판에 붙일 짧은 만화 원고를 들고 교실 창가에 앉았다. 주인공이 하는 말을 재미있게 넣고 싶었지만, 말칸이 작아질수록 글씨가 자꾸 빽빽해 보였다. 세아는 지우개로 말을 줄였다가 다시 늘리
frege1	37	일일 독해(프레게) Day 037	투명한 컵에 물을 담고 연필을 넣어 보면, 물에 잠긴 부분이 꺾인 것처럼 보일 때가 있다. 연필이 정말 휘어진 것이 아니라, 빛이 물과 공기 사이를 지날 때 방향이 바뀌기 때문이다. 빛은 한 가지 곳을 늘 같은 빠르
frege1	38	일일 독해(프레게) Day 038	민서는 학급 책꽂이 옆에 붙일 작은 추천 카드를 맡았다. 좋아하는 책을 고르는 일은 쉬웠지만, 짧은 칸 안에 줄거리를 넣으려니 하고 싶은 말이 자꾸 넘쳤다. 민서는 처음에 재미있는 장면을 이것저것 적었다. 그런데 글
frege1	39	일일 독해(프레게) Day 039	사람들은 봄, 여름, 가을, 겨울 밤하늘에서 보이는 별자리가 조금씩 다르다고 말한다. 별자리가 스스로 계절마다 자리를 바꾸며 돌아다니기 때문은 아니다. 우리는 지구 위에서 하늘을 보지만, 지구는 해 둘레를 한 해 동
frege1	40	일일 독해(프레게) Day 040	세아는 하굣길 버스정류장 벤치에 앉아 비를 피하며 가방을 무릎에 올려 두고 있었다. 그때 벤치 아래에서 반쯤 젖은 파란 장갑 한 짝이 눈에 들어왔다. 세아는 주위를 둘러보았지만 급히 떠나는 사람들뿐이라 누구의 것인지
frege1	41	일일 독해(프레게) Day 041	산이나 긴 터널 앞에서 큰 소리로 부르면, 조금 뒤 같은 말이 돌아오는 것처럼 들릴 때가 있다. 이것을 메아리라고 한다. 메아리는 새 소리가 생기는 일이 아니라, 우리가 낸 소리가 멀리 있는 벽이나 절벽에 부딪혀 다
frege1	42	일일 독해(프레게) Day 042	민재는 학교 축제 연습을 앞두고 체육관 뒤쪽에 서서 사회 대본 카드를 들고 있었다. 첫 순서를 맡은 친구가 박자를 놓치자 민재도 다음 말을 어디에서 꺼내야 할지 순간 헷갈렸다. 카드에는 대사만 길게 적혀 있었고, 손
frege1	43	일일 독해(프레게) Day 043	추운 날 밖에 나가 말을 하면, 입김이 하얗게 보이는 때가 있다. 입에서 나오는 공기 자체가 원래 흰색이어서 그런 것은 아니다. 우리가 내쉬는 숨에는 따뜻한 열기와 함께 보이지 않는 수증기가 많이 섞여 있다. 이 수
frege1	44	일일 독해(프레게) Day 044	다은은 학교 뒤뜰에서 열릴 그림책 읽기 행사 순서판을 맡고 교실 바닥에 큰 종이를 펼쳐 놓았다. 처음에는 활동 이름만 줄줄이 적었지만, 친구들은 어느 때 자리를 옮기고 무엇을 준비해야 하는지 한눈에 알아보기 어려워했
frege1	45	일일 독해(프레게) Day 045	바닷가에서 보는 파도는 물이 한 덩이로 앞으로 달려오는 것처럼 보일 때가 많다. 하지만 넓은 바다에서 생긴 파도는 대개 바람이 물 표면을 오래 밀면서 에너지를 전해 줄 때 시작된다. 바람이 약하면 작은 물결만 일지만
frege1	46	일일 독해(프레게) Day 046	현우는 점심시간이 끝나기 전까지 교실 뒤 분실물 책상에 놓일 안내 메모를 정리하고 있었다. 처음 메모에는 옷 이름과 주머니 모양, 단추 색이 길게 이어져 있어 친구들은 자기 물건을 금방 가려내지 못했다. 파란 조끼와
frege1	47	일일 독해(프레게) Day 047	많은 사람은 빙산을 떠올리면 먼저 하얀 덩어리를 생각한다. 실제로 빙산의 겉은 눌린 눈이 많이 쌓여 있어 대개 희게 보인다. 겉부분의 눈과 얼음에는 아주 작은 공기방울과 날카로운 얼음 모서리가 많다. 이것들은 들어온
frege1	48	일일 독해(프레게) Day 048	윤서는 봄맞이 화단 바꾸기 날을 앞두고 교실 창가에 놓인 꽃모종 이름 막대를 정리하고 있었다. 처음 적어 둔 막대에는 꽃 이름과 키우는 법이 한 줄로 길게 이어져 있어, 친구들은 어느 화분이 햇볕을 좋아하는지 금방 
frege1	49	일일 독해(프레게) Day 049	멀리서 보면 안개와 구름은 둘 다 희뿌옇게 떠 있는 덩어리처럼 보일 때가 많다. 두 현상 모두 공기 속 수증기가 아주 작은 물방울이나 얼음 알갱이로 바뀌어 생긴다는 점도 같다. 그래서 안개를 낮게 내려온 구름이라고 
frege1	50	일일 독해(프레게) Day 050	가을 체험 주간을 앞두고 세아는 과학실 앞 선반에 놓일 씨앗 봉투 설명표를 정리하고 있었다. 처음 설명표에는 씨앗 이름, 심는 깊이, 햇볕 양, 물 주는 때가 한 줄로 이어져 있어 친구들은 어느 봉투를 먼저 집어야 
frege1	51	일일 독해(프레게) Day 051	체육대회 연습을 마친 날, 하늬는 방송실 앞 벤치에서 접힌 응원 문구 종이를 펼쳐 보고 있었다. 아침에 급히 적은 문구는 색은 화려했지만, 누구 차례에 어떤 구호를 외칠지 한눈에 들어오지 않았다. 같은 응원봉을 든 
frege1	52	일일 독해(프레게) Day 052	눈이 내린 운동장을 보면 멀리서도 하얗게 빛나 보인다. 많은 사람은 눈송이 하나하나가 원래 하얀색이라서 그렇게 보인다고 생각한다. 하지만 눈은 맑은 얼음 알갱이와 공기 틈이 아주 많이 모인 모습에 가깝다. 눈송이 한
frege1	53	일일 독해(프레게) Day 053	방과 후 교실 뒤편에서 다온은 축제에 쓸 그림자극 인형 상자를 다시 살펴보고 있었다. 상자 겉면에는 인형 이름과 등장 순서, 움직이는 손 위치가 한 줄로 이어져 있어 친구들이 필요한 인형을 금방 찾지 못했다. 특히 
frege1	54	일일 독해(프레게) Day 054	여름이 되면 해가 늦게 지고 겨울이 되면 해가 일찍 진다. 많은 사람은 지구가 여름에 해 쪽으로 더 가까워져서 낮이 길어진다고 생각한다. 그러나 낮 길이 변화의 큰 까닭은 지구와 해 사이 거리보다 지구의 기울기에 있
frege1	55	일일 독해(프레게) Day 055	도서관 축제 준비 날, 가람은 책갈피 꾸러미를 담아 둘 상자를 다시 정리하고 있었다. 상자 바깥에는 책갈피 이름, 묶음 수, 놓을 자리 설명이 길게 이어져 있어 친구들이 어느 칸부터 꺼내야 할지 자주 멈칫했다. 특히
frege1	56	일일 독해(프레게) Day 056	차가운 물이 담긴 컵을 책상 위에 두면 조금 뒤 겉면에 작은 물방울이 맺힌다. 어떤 사람은 컵 안의 물이 컵벽을 뚫고 밖으로 새어 나왔다고 생각한다. 하지만 그 물방울은 컵 속 물이 아니라 공기 속 수증기가 식으며 
frege1	57	일일 독해(프레게) Day 057	운동회 전날, 유진은 창고 앞에서 응원 깃발 묶음을 담은 상자를 다시 들여다보고 있었다. 상자 옆에는 깃발 이름과 줄 순서, 나갈 때의 동작이 길게 이어져 있어 친구들이 어느 묶음부터 꺼내야 할지 자꾸 멈춰 섰다. 
frege1	58	일일 독해(프레게) Day 058	찬 새벽에 풀잎이나 자동차 유리 위에 하얗게 앉는 서리를 보면 많은 사람은 아주 찬 공기가 작은 얼음 가루를 내려 보냈다고 생각한다. 하지만 서리는 하늘에서 떨어지는 얼음이 아니라, 공기 속 수증기가 차가운 표면에서
frege1	59	일일 독해(프레게) Day 059	학급 전시를 하루 앞두고 소라는 복도 끝 책상 위에 놓일 엽서 꾸러미 바구니를 다시 살펴보고 있었다. 바구니 옆 설명표에는 엽서 이름, 놓을 순서, 건네는 자리가 길게 이어져 있어 친구들은 어느 묶음부터 들고 가야 
frege1	60	일일 독해(프레게) Day 060	보름달이 막 떠오를 때 많은 사람은 달이 평소보다 훨씬 커졌다고 느낀다. 산등성이, 건물, 나무와 가까이 보이기 때문에 손을 뻗으면 닿을 것처럼 느껴지기도 한다. 하지만 같은 날 밤에 높은 하늘의 달과 사진을 비교해
frege1	61	일일 독해(프레게) Day 061	체육관 청소를 마치고 나오던 민아는 출입문 옆 긴 의자 아래에서 한 짝짜리 빨간 장갑을 발견했다. 장갑 끝에는 연습 때 자주 보던 은색 별 단추가 달려 있어 민아는 그것이 지호 것일지도 모른다고 생각했다. 아침에 지
frege1	62	일일 독해(프레게) Day 062	도서관에서는 다음 주부터 점심시간 북카트 정리 봉사에 참여할 학생을 받는다. 이 활동은 반납대에 쌓인 책을 임시 북카트에 옮기고, 분류 스티커에 따라 해당 서가 앞 바구니까지 가져다 놓는 일이다. 신청하려면 도서관 
frege1	63	일일 독해(프레게) Day 063	교실 뒤 게시판을 꾸미던 서윤은 색종이 별을 붙일 자리를 바라보다가, 맨 위에 남겨 둔 빈칸이 자꾸 마음에 걸렸다. 축제 안내문 제목 아래에 무엇을 더 붙여야 할지 떠오르지 않자, 친구들은 반짝이 종이를 더 붙이면 
frege1	64	일일 독해(프레게) Day 064	맑은 날에도 먼 산을 보면 회색이 아니라 푸른빛이 얇게 덮인 것처럼 보일 때가 있다. 그래서 처음 보는 사람은 산 위에 안개가 오래 걸려 있다고 생각하기 쉽다. 하지만 국립공원 안내에서는 이 빛깔이 단지 구름 그림자
frege1	65	일일 독해(프레게) Day 065	미술 시간에 전시할 그림 제목표를 자르던 하린은 책상 한쪽에 놓인 흰 종이들 사이에서 혼자 방향이 다른 한 장을 발견했다. 다른 표들은 모두 글씨가 위를 향하고 있었지만, 그 종이만은 이름 칸과 설명 칸이 옆으로 돌
frege1	66	일일 독해(프레게) Day 066	호수 물은 늘 같은 파란색으로만 보일 것 같지만, 실제로는 파랑·초록·갈색처럼 다르게 보일 때가 많다. USGS는 물빛이 물속에 무엇이 떠 있느냐와 물이 얼마나 깊으냐에 따라 달라질 수 있다고 설명한다. 아주 맑고 
frege1	67	일일 독해(프레게) Day 067	체육관 뒤편 전시대 앞에서 나는 작품 설명표를 한참 들여다보고 있었다. 아침에 붙여 둔 내 별자리 그림 아래에 갑자기 파란 점 스티커가 붙어 있었기 때문이다. 나는 심사 순서가 바뀌어 내 차례가 뒤로 밀린 줄 알고 
frege1	68	일일 독해(프레게) Day 068	미술실 창가 자리로 들어서자 나는 세라의 의자만 비어 있는 것을 보고 발걸음을 멈췄다. 어제 내가 붓통을 늦게 돌려줘서 세라가 단단히 화가 났다는 생각이 다시 떠올랐기 때문이다. 책상 위에는 접힌 쪽지 하나와 파란 
frege1	69	일일 독해(프레게) Day 069	밤하늘의 별은 모두 하얗게만 보일 것 같지만, 자세히 보면 푸른빛을 띠는 별도 있고 붉거나 노랗게 보이는 별도 있다. NASA는 별의 색이 그 별의 겉보기 온도와 깊이 이어져 있다고 설명한다. 아주 뜨거운 별은 푸르
frege1	70	일일 독해(프레게) Day 070	도서관 창가 자리에 앉자마자 나는 책갈피 하나가 책장 틈에 끼워져 있는 것을 발견했다. 어제 분명 내가 마지막으로 정리했는데도 책갈피가 남아 있는 걸 보고, 민서가 내가 맡은 일을 일부러 다시 건드린 줄 알았다. 연
frege1	71	일일 독해(프레게) Day 071	국립국어원은 '웬'을 보통 어떠한, 어찌 된이라는 뜻으로 쓰는 말로 본다. 그래서 '웬일', '웬 떡', '웬 소문', '웬 비'처럼 명사 앞에서 뜻을 보탤 때에는 '웬'을 쓰는 경우가 많다. 이때 '웬'은 뒤에 오
frege1	72	일일 독해(프레게) Day 072	운동장 조회가 끝난 뒤 나는 급식실 앞 게시판에 붙은 초록 메모지를 보고 발걸음을 늦췄다. 어제 내가 당번표를 정리한 뒤에 없던 종이라서, 지우가 내 이름 옆에 다른 표시를 남겨 둔 줄 먼저 여겼기 때문이다. 메모지
frege1	73	일일 독해(프레게) Day 073	달을 보면 밝은 부분 사이로 유난히 어두운 넓은 자리가 눈에 띈다. NASA는 이런 어두운 평평한 지형을 마리아, 곧 라틴말로 바다라고 부른다고 설명한다. 옛사람들은 그곳을 정말 바다로 여겼지만, 지금은 물이 아니라
frege1	74	일일 독해(프레게) Day 074	과학실 앞 복도에 서자 나는 유리문 손잡이에 매달린 빨간 파일을 보고 걸음을 멈췄다. 어제 발표 순서를 적은 종이를 내가 마지막으로 정리했는데도 파일이 밖에 나와 있어, 수아가 내 순서를 따로 바꿔 둔 줄 먼저 여겼
frege1	75	일일 독해(프레게) Day 075	점심 뒤 도서실 문을 열자 나는 반납대 위에 놓인 파란 쪽지 한 장을 보고 발을 멈추었다. 아침에 내가 읽기 기록장을 창가 자리에 두고 갔는데, 쪽지에 '오늘은 안쪽 책장'이라고 적혀 있어 민서가 내 자리를 다른 곳
frege1	76	일일 독해(프레게) Day 076	다음 주 화요일부터 학교 도서관에서는 점심시간 책표지 정리 도우미를 모집한다. 이 활동은 반납대에 남은 손상 책을 모아 '수리 바구니'에 넣고, 표지 상태를 간단히 적어 두는 일이다. 신청하려면 도서관 문 옆 게시판
frege1	77	일일 독해(프레게) Day 077	이번 주 금요일부터 과학실 앞 복도에서는 점심시간 식물 관찰 카드 정리 도우미를 모집한다. 이 활동은 화분 옆에 꽂힌 관찰 카드를 날짜별로 모으고, 젖은 카드를 따로 골라 말림판에 올려 두는 일이다. 신청하려면 과학
frege1	78	일일 독해(프레게) Day 078	나침반 바늘은 그냥 북쪽을 외우는 것이 아니라, 지구의 자기장에 맞추어 한쪽 방향을 가리킨다. 지구는 큰 자석처럼 남북 방향의 자기장을 만들고 있어, 가볍게 매달린 바늘이 그 흐름을 따라 돌아간다. 그래서 나침반을 
frege1	79	일일 독해(프레게) Day 079	빗줄기가 굵어지던 저녁, 서준은 골목 모퉁이 우편함 앞에서 파란 우산 하나를 보고 멈춰 섰다. 우산 손잡이에는 젖은 종이끈이 묶여 있었고, 그 끝에는 누군가 급히 찢어 낸 전단 조각이 매달려 있었다. 서준은 그 전단
frege1	80	일일 독해(프레게) Day 080	학교에서는 다음 주부터 아침 독서 도우미로 활동할 학생을 모집한다. 이 활동은 등교 직후 일 학년 교실에 들러 책장을 바로 세우고, 읽기 기록 카드를 나누어 주는 일이다. 신청하려면 교무실 앞 안내판 아래에 놓인 신
frege1	81	일일 독해(프레게) Day 081	글을 쓸 때 자주 헷갈리는 말 가운데 하나가 '안'과 '않'이다. '안'은 어떤 동작이나 상태를 바로 부정할 때 주로 쓴다. 그래서 '밥을 안 먹었다'처럼 용언 앞에 놓여 짧게 뜻을 뒤집는다. 이때 '안'은 한 덩어
frege1	82	일일 독해(프레게) Day 082	나이테는 나무가 자라는 동안 해마다 남기는 층이 드러난 것이다. 계절 차가 뚜렷한 곳의 많은 나무는 자라는 때마다 줄기 안쪽에 새로운 결을 더해 간다. 그래서 잘린 단면을 보면 둥근 고리들이 차례로 이어진 모습을 볼
frege1	83	일일 독해(프레게) Day 083	비가 그친 아침, 다온은 미술실 앞 복도를 천천히 걸었다. 전날까지 서윤과 함께 꾸미던 전시판 한쪽이 비어 있는 것처럼 보여서였다. 복도 끝 창가 의자에는 둘이 쉬는 시간마다 접어 두던 종이학 하나가 아직도 놓여 있
frege1	84	일일 독해(프레게) Day 084	학교에서는 다음 주 전시 준비를 도울 학생을 모집한다. 참여를 원하는 학생은 복도 게시판 아래 붙은 신청 표에 이름과 반을 적어야 한다. 신청을 마친 뒤에는 준비 모임에 올 수 있는 날짜도 함께 표시한다. 신청 표를
frege1	85	일일 독해(프레게) Day 085	글을 쓸 때 많은 학생이 '되'와 '돼'를 자주 헷갈린다. 두 말은 모두 '되다'에서 나오지만 뒤에 어떤 어미가 붙는지에 따라 모양이 달라진다. '돼'는 '되어'가 줄어든 꼴이어서 '-어'가 이어진 자리에 들어간다.
frege1	86	일일 독해(프레게) Day 086	달은 스스로 빛을 내는 것처럼 보이지만, 실제로는 태양빛을 반사해 보인다. 그래서 달이 환하게 보일 때도 언제나 달 절반만 햇빛을 받고 있다. 우리가 보는 달의 모양은 그 밝은 절반 가운데 어느 쪽이 지구에서 보이느
frege1	87	일일 독해(프레게) Day 087	민지는 비가 그친 운동장 모서리에서 젖지 않은 종이배 하나를 보았다. 종이배 안에는 '도착하면 뒤집어 보라'는 짧은 쪽지가 접혀 있었다. 민지는 누가 이런 장난을 했는지 궁금했지만 종이배를 바로 펴지 않았다. 대신 
frege1	88	일일 독해(프레게) Day 088	이번 주 과학 행사에서는 운동장 옆 빗물 화단을 정리할 도우미를 모집한다. 도우미를 하려면 교실 뒤 게시판에 붙은 신청표에 이름과 반을 먼저 적어야 한다. 이름을 적은 뒤에는 준비 모임에 올 수 있는 날짜 옆 칸에도
frege1	89	일일 독해(프레게) Day 089	글을 쓰다 보면 '한 번'과 '한번'을 비슷하게 보고 아무 쪽이나 쓰기 쉽다. 하지만 두 표현은 쓰임이 같지 않아서 문장 속 자리부터 살펴야 한다. '한 번'은 수를 세는 말이라서 한 차례, 두 차례처럼 횟수를 떠올
frege1	90	일일 독해(프레게) Day 090	높은 하늘에 비행기가 지나간 뒤 길게 남는 흰 줄을 비행운이라고 부른다. 많은 사람은 그것이 그냥 연기라고 여기지만 실제로는 차가운 하늘에서 만들어진 작은 얼음 알갱이 모임에 가깝다. 비행기 엔진에서는 뜨겁고 습한 
frege1	91	일일 독해(프레게) Day 091	수업이 끝난 뒤 윤서는 교실 맨 뒤 창가에서 작은 유리병 하나를 발견했다. 병 안에는 파란 종이별 두 개와 '먼저 본 사람이 끝까지 읽기'라는 쪽지가 들어 있었다. 윤서는 누가 이런 병을 두었는지 궁금했지만 바로 뚜
frege1	92	일일 독해(프레게) Day 092	이번 주 도서관에서는 읽기 기록 전시를 도울 학생을 모집한다. 참여하려는 학생은 도서관 입구 오른쪽 게시판 아래 놓인 신청판에 이름과 반을 먼저 적어야 한다. 이름을 적은 뒤에는 준비 모임에 올 수 있는 날짜 칸에도
frege1	93	일일 독해(프레게) Day 093	민재는 퀴즈 시간마다 '몇 개나 맞혔어?'라는 말을 자주 들었다. 그런데 쉬는 시간에 친구와 답을 비교하면서도 같은 말을 써서 가끔 헷갈렸다. 국어 시간에 선생님은 정답을 틀리지 않게 알아내는 일에는 '맞히다'를 쓴
frege1	94	일일 독해(프레게) Day 094	밤하늘을 보면 별은 반짝반짝 흔들리는 듯 보이지만, 실제로 별빛이 스스로 켜졌다 꺼지는 것은 아니다. 별빛은 지구로 오는 동안 온도와 밀도가 서로 다른 공기층을 지난다. 공기 상태가 조금만 달라져도 빛이 꺾이는 방향
frege1	95	일일 독해(프레게) Day 095	지우는 학급 발표가 끝난 뒤에도 교실 복도 끝에 한동안 서 있었다. 친구들 앞에서 읽은 마지막 문장이 자꾸 목에 걸린 듯해, 공책을 덮고도 발걸음이 떨어지지 않았고 빈 복도가 더 크게 느껴졌다. 그때 게시판 아래에 
frege1	96	일일 독해(프레게) Day 096	다음 주 수요일 점심시간에는 도서관에서 조용한 낭독 짝 활동이 차분하게 열린다. 도우미를 하려는 학생은 도서관 입구 오른쪽 신청판 옆 칸에 이름과 학년을 또렷한 글씨로 먼저 적어야 한다. 이름만 쓰고 맡을 시간 칸을
frege1	97	일일 독해(프레게) Day 097	‘반드시’와 ‘반듯이’는 소리가 비슷해 학교 글쓰기에서도 자주 헷갈리는 낱말이다. 하지만 뜻은 꽤 달라서 문장 속에서 맡는 역할도 또렷이 다르다. ‘반드시’는 틀림없이 그렇게 된다는 뜻이나 꼭 해야 한다는 뜻을 나타
frege1	98	일일 독해(프레게) Day 098	가을이 오면 나뭇잎은 초록색에서 노랑, 주황, 빨강으로 차례차례 달라진다. 많은 사람은 새로운 물감이 잎에 갑자기 생긴다고 생각하지만, 잎 속에는 원래 노랑과 주황, 빨강처럼 여러 빛깔을 내는 물질이 함께 들어 있다
frege1	99	일일 독해(프레게) Day 099	점심시간이 끝날 무렵, 다은은 교실 뒤 책꽂이 아래에서 반쯤 접힌 안내문 한 장을 주웠다. 안내문 겉에는 내일 전시를 맡은 사람은 파란 끈을 준비해 달라는 문장이 적혀 있었다. 다은은 아침에 자기가 미술실에서 빌려 
frege1	100	일일 독해(프레게) Day 100	토요일 아침 학교 화단 돌보기 활동에 오는 학생은 먼저 운동장 옆 작은 창고 앞으로 모여 출석을 차례대로 확인한다. 도착하면 이름표를 받고, 물조리개와 장갑이 적힌 번호표가 자기 손에 맞는지 함께 확인해야 한다. 장
frege1	101	일일 독해(프레게) Day 101	글을 쓸 때나 받아쓰기할 때 '되'와 '돼'는 소리가 비슷해 자주 헷갈린다. 하지만 두 말은 겉모양이 비슷해 보여도 아무 자리에나 서로 바꿔 쓸 수 있는 같은 꼴이 아니다. '돼'는 '되어'가 줄어든 말이어서, 문장
frege1	102	일일 독해(프레게) Day 102	비가 그친 뒤 해가 비치면 하늘 한쪽에 무지개가 나타나기도 한다. 많은 사람은 무지개가 구름 위에 따로 걸려 있다고 생각하지만, 실제로는 공기 중 물방울에서 햇빛이 꺾이고 되돌아 나오며 생기는 빛의 모습이다. 햇빛이
frege1	103	일일 독해(프레게) Day 103	민서는 체육관 문을 닫다가 의자 밑에 접힌 종이띠 하나를 발견했다. 띠 끝에는 파란 매직으로 마지막 줄만 다시 붙여 주세요라는 말이 적혀 있었다. 내일 합창 발표에서 맨 앞줄을 맡은 준호가 아침부터 말수가 적었던 일
frege1	104	일일 독해(프레게) Day 104	학교에서는 발표회가 끝난 뒤 소품을 제자리에 돌려놓기 위해 무대 정리 도움표를 운영한다. 도움표를 맡은 학생은 먼저 강당 뒤쪽 파란 상자에서 기록판과 이름 스티커를 꺼낸다. 그리고 반별 바구니마다 소품 종류와 개수를
frege1	105	일일 독해(프레게) Day 105	글을 읽다 보면 '그다음'을 띄어 쓰는지 붙여 쓰는지 헷갈릴 때가 많다. 국립국어원은 '그것에 뒤이어 오는 때나 자리'를 뜻할 때 '그다음'을 한 단어로 본다고 설명한다. 그래서 '그다음 차례', '그다음 장면', 
frege1	106	일일 독해(프레게) Day 106	바닷물이 짠 까닭을 처음 들으면 바다 밑에 굵은 소금이 가득 놓여 있다고 생각하기 쉽다. 하지만 NOAA와 USGS는 바닷물 속 소금이 주로 땅의 바위에서 왔다고 설명한다. 비는 공기 중 이산화탄소를 조금 녹여 약하
frege1	107	일일 독해(프레게) Day 107	수아는 방과 후 교실 창가에 매달린 종이배 하나를 다시 바라보았다.종이배 옆 꼬리표에는 파란 펜으로 아직 물결 한 줄이 비었어라는 말이 적혀 있었다.그 말을 보자 수아는 전날 미술 시간 끝무렵에 유진이 말을 아끼던 
frege1	108	일일 독해(프레게) Day 108	다음 주 목요일에 과학실에서는 '잎맥 찾기 기록 활동'을 연다.참가 학생은 오후 3시 20분까지 과학실 앞 초록 상자에서 관찰 카드와 이름표를 받아야 한다.이름표를 받은 뒤에는 학교 숲 지도에서 자신이 맡을 구역과 
frege1	109	일일 독해(프레게) Day 109	글을 쓰다 보면 '되어'와 '돼'를 아무 자리에서나 바꾸어도 되는지 헷갈릴 때가 있다.국립국어원 온라인가나다에서는 '돼'를 '되어'가 줄어든 꼴로 본다고 설명한다.그래서 '되어'가 자연스러운 자리에서는 뜻을 바꾸지 
frege1	110	일일 독해(프레게) Day 110	우리는 밤하늘에서 달을 볼 때 늘 비슷한 무늬가 있는 앞면을 본다.NASA는 달도 스스로 자전하지만 지구 둘레를 도는 동안 그 자전 속도가 함께 맞추어졌다고 설명한다.달은 지구 둘레를 한 바퀴 도는 동안 자기 몸도 
frege1	111	일일 독해(프레게) Day 111	다은은 방과 후 복도 끝 전시판 앞에서 자꾸만 같은 자리로 눈이 돌아갔다.전시판 아래쪽에는 하얀 실로 묶인 작은 표찰 하나가 비스듬히 매달려 있었다.표찰에는 내일 다시 붙이자라는 짧은 말이 적혀 있었지만 끝 글자는 
frege1	112	일일 독해(프레게) Day 112	다음 주 월요일에 학교 복도 전시판 점검 도우미 활동이 열린다.참가 학생은 오후 3시 10분까지 미술실 앞 파란 상자에서 점검표와 이름 띠를 받아야 한다.이름 띠를 받은 뒤에는 층별 전시판 지도에서 자신이 맡은 구역
frege1	113	일일 독해(프레게) Day 113	글을 쓰다 보면 '가리키다'와 '가르치다'를 비슷하게 들었다는 이유로 바꾸어 쓰는 경우가 있다.표준국어대사전에서는 '가리키다'를 방향이나 대상을 짚어 보이거나 뜻을 나타내는 말로 설명한다.그래서 손으로 게시판을 가리
frege1	114	일일 독해(프레게) Day 114	달 표면 사진을 보면 오래전에 남은 발자국과 바퀴 자국이 지금도 또렷하게 보인다.NASA는 달에 지구 같은 비와 바람이 거의 없고, 지면을 흔들 만큼 두꺼운 공기층도 없다고 설명한다.지구에서는 비가 내리고 바람이 불
frege1	115	일일 독해(프레게) Day 115	운동회 준비가 끝난 뒤, 민호는 비어 있는 교실 창가에서 맑지 않고 조금 쉰 소리를 들었다.소리의 주인은 창틀 못에 걸린 낡은 풍경종이었는데, 바람이 약해도 조용히 흔들렸다.유리 대신 얇은 조개 조각이 달린 종이라 
frege1	116	일일 독해(프레게) Day 116	다음 주에 열리는 '우리 반 추억 전시'에 참여하려면 먼저 집에서 가져올 물건을 한 가지 정해야 한다.전시 물건은 깨지기 쉽지 않고 이름표를 붙일 수 있는 것만 낼 수 있다.사진이나 상장처럼 종이 자료를 내는 경우에
frege1	117	일일 독해(프레게) Day 117	말을 적다 보면 '할게'를 소리 나는 대로 적어 '할께'라고 쓰는 경우가 있다.국립국어원 설명에 따르면 약속이나 의지를 나타내는 어미는 '-ㄹ게'처럼 적는다.그래서 '내가 정리할게', '조금만 기다릴게'처럼 쓰는 것
frege1	118	일일 독해(프레게) Day 118	밤하늘에서 북쪽을 찾고 싶을 때 많은 사람이 먼저 북극성을 떠올린다.NASA는 북극성이 지구 북쪽 자전축이 가리키는 하늘 가까이에 보여 늘 비슷한 자리에 있는 것처럼 보인다고 설명한다.이 때문에 북극성은 밤이 깊어져
frege1	119	일일 독해(프레게) Day 119	방과 후 도서관 정리를 돕던 서연은 반납함 맨 아래에서 표지가 닳은 동화책 한 권을 집어 들었다.책을 펴자 가운데 쪽에 납작하게 눌린 은행잎 한 장이 끼워져 있었다.잎맥 사이에는 연필로 쓴 짧은 쪽지가 반쯤 가려져 
frege1	120	일일 독해(프레게) Day 120	금요일에 열리는 우리 반 기억 상자 전시에 참여하려면 먼저 집에서 가져올 작은 물건 한 가지를 정해야 한다.전시 물건은 손바닥 안에 들어오는 크기여야 하고, 쉽게 새거나 부서지는 것은 낼 수 없다.사진이나 편지처럼 
frege1	121	일일 독해(프레게) Day 121	아침 조회에서 담임 선생님은 설문지를 나누어 주며 예와 아니오 중 하나에 동그라미를 하라고 말했다.민수는 옆자리 친구가 아니요라고 적는 것을 보고 둘이 같은 말 아닌가 하고 고개를 갸웃했다.선생님은 둘이 비슷해 보여
frege1	122	일일 독해(프레게) Day 122	겨울이 오면 연못 겉은 얼어도 그 아래 물은 곧바로 모두 얼지 않는다.민재는 그래서 물고기가 차가운 계절에도 어디에 숨어 지내는지 궁금해했다.선생님은 물이 가장 무거워지는 때가 아주 차갑기만 할 때가 아니라 약 4도
frege1	123	일일 독해(프레게) Day 123	방과 후 교실 청소를 맡은 지후는 창가 책장 옆에서 반쯤 접힌 연두색 메모지를 발견했다.메모지 앞면에는 지우개 가루를 털고 나면 꼭 뒤를 보라는 짧은 글이 적혀 있었다.지후는 누가 이런 말을 남겼는지 몰라 잠깐 웃다
frege1	124	일일 독해(프레게) Day 124	다음 주 목요일에 열리는 우리 반 책갈피 전시에 참여하려면 먼저 집이나 학교에서 쓸 책갈피 한 개를 골라 와야 한다.책갈피는 공책보다 작아야 하고, 반짝이 가루나 젖은 풀이 묻어 있는 것은 낼 수 없다.종이 책갈피라
frege1	125	일일독해(프레게) Day 125	글을 쓰다 보면 '붙이다'와 '부치다'를 어느 자리에 넣어야 할지 자주 망설이게 된다.먼저 '붙이다'는 두 물건을 닿게 하거나 한쪽에 달라붙게 하는 뜻으로 많이 쓰인다.메모를 벽에 붙이다, 이름표를 공책에 붙이다처럼
frege1	126	일일독해(프레게) Day 126	새벽 운동장이나 자동차 지붕에 하얗게 앉은 서리를 보면 밤새 눈이 내린 것처럼 보일 때가 있다.하지만 서리는 하늘에서 떨어진 얼음이 아니라 공기 속 수증기가 아주 차가운 물체 표면에 바로 얼어붙은 것이다.미국 기상청
frege1	127	일일독해(프레게) Day 127	민서는 교실 뒤 창가 선반에서 반쯤 눌린 종이배 하나를 발견했다.배 옆면에는 작년 봄 소풍 날짜와 파란 연필로 쓴 작은 동그라미가 남아 있었다.민서는 그 표시를 보는 순간 전학 간 수아와 운동장 연못을 돌며 배를 띄
frege1	128	일일독해(프레게) Day 128	토요일 아침에 열리는 '학교 마당 소리 지도 만들기' 활동에 참여하는 학생은 9시 40분까지 과학실 앞에 모여야 한다.출석을 확인한 뒤 활동지와 클립판을 받고, 두 사람씩 짝을 지어 이동한다.개인 준비물은 연필, 지
frege1	129	일일독해(프레게) Day 129	글을 쓰다 보면 '잃다'와 '잊다'를 자주 헷갈리게 된다.먼저 '잃다'는 손에 있던 물건이나 지니고 있던 상태, 관계를 더는 가지지 못하게 될 때 많이 쓰인다.지갑을 잃다, 길을 잃다처럼 있던 것을 놓치거나 제자리를
frege1	130	일일독해(프레게) Day 130	여름 소나기 뒤 땅에 작은 얼음덩이가 튀어 있는 모습을 보면 우박이 어떻게 생겼는지 궁금해진다.우박은 구름 위에서 완성된 얼음이 바로 떨어진 것이 아니라, 강한 상승기류 속에서 물방울이 얼고 다시 젖는 과정을 여러 
frege1	131	일일독해(프레게) Day 131	민서는 운동장 창고 벽에 남은 희미한 분필 화살표를 보고 걸음을 멈췄다.지난달 그림자 놀이 때 서윤과 함께 그려 둔 표시가 바로 떠올랐다.그날 둘은 그림자가 가장 긴 쪽을 찾겠다며 화살표를 여럿 그렸지만, 마지막에는
frege1	132	일일독해(프레게) Day 132	이번 주 과학 시간 그림자 기록 활동에 참여하는 학생은 오후 1시 10분까지 본관 뒤 운동장 시계탑 아래에 모인다.모이면 기록지와 줄자, 분필을 받고 조별 번호와 시작 시각을 먼저 확인한다.개인 준비물은 모자와 물병
frege1	133	일일독해(프레게) Day 133	글을 쓰다 보면 바라다와 바래다를 소리만 듣고 비슷하게 적는 일이 많다.먼저 바라다는 마음속에서 어떤 일이 이루어지기를 원할 때 쓰는 말이다.가족이 건강하기를 바라다, 비가 그치기를 바라다처럼 아직 일어나지 않은 일
frege1	134	일일독해(프레게) Day 134	바닷가에 가 보면 바닷물이 하루에도 여러 번 높아졌다가 다시 낮아진다.이런 오르내림을 밀물과 썰물, 또는 조수라고 부른다.NOAA는 조수가 달의 끌어당김을 가장 크게 받고 태양도 조금 힘을 보탠다고 설명한다.달을 향
frege1	135	일일독해(프레게) Day 135	윤지는 미술실 창문 아래에 놓인 작은 나무 의자를 보자 지난달 전시 준비 날이 떠올랐다.그날 윤지는 지우와 함께 복도 게시판에 붙일 그림 제목표를 손글씨로 적고 있었다.지우는 줄이 비뚤어지면 다시 쓰자고 했지만 윤지
frege1	136	일일독해(프레게) Day 136	이번 주 읽기 전시판 정리 도우미로 참여하는 학생은 수요일 오후 1시 20분까지 본관 2층 도서마루 앞에 모인다.모이면 이름표와 정리표, 종이 자, 테이프를 받은 뒤 맡은 게시판 번호를 먼저 확인한다.개인 준비물은 
frege1	137	일일독해(프레게) Day 137	문장을 읽다 보면 가르치다와 가리키다를 소리가 비슷하다는 이유로 헷갈리기 쉽다.먼저 가르치다는 지식이나 방법을 알려 주어 다른 사람이 배우게 할 때 쓰는 말이다.선생님이 풀이 순서를 설명하거나 형이 자전거 타는 법을
frege1	138	일일독해(프레게) Day 138	바람은 공기가 높은 기압에서 낮은 기압 쪽으로 움직일 때 느껴지는 흐름이다.이런 차이는 햇빛이 땅과 바다, 숲과 길을 똑같이 데우지 않기 때문에 생긴다.어느 곳의 공기가 더 따뜻해지면 가벼워져 위로 올라가고 그 자리
frege1	139	일일독해(프레게) Day 139	지우는 과학 발표를 앞두고 운동장 화단 끝에 꽂힌 종이 바람개비를 한참 바라보고 있었다.발표문을 외우다가 자꾸 앞문장이 꼬이자 지우는 입안이 바싹 마르는 것 같았다.그때 쉬는 시간마다 화단을 돌보던 수아가 바람개비를
frege1	140	일일독해(프레게) Day 140	이번 주 금요일 창의 활동 시간에는 운동장 화단 옆에서 바람개비 관찰 활동을 한다.모이는 시각은 오후 한 시 십 분이며, 시작 전에 활동지와 연필을 받아 이름을 먼저 적는다.개인 준비물은 모자, 물병, 줄이 긴 이름
frege1	141	일일독해(프레게) Day 141	가을 체험학습 안내문을 읽던 서윤은 '왠 가방이 이렇게 무겁지?'라고 적은 메모에서 잠깐 멈추었다.선생님은 비슷하게 들리는 웬과 왠이 뜻과 쓰임이 달라서 글에서 자주 헷갈린다고 설명했다.웬은 '어찌 된'이나 '어떤'
frege1	142	일일독해(프레게) Day 142	이슬은 공기 속에 섞여 있던 수증기가 풀잎이나 난간처럼 차가워진 표면에 작은 물방울로 맺힌 것이다.낮 동안 햇빛을 받은 땅과 물건은 해가 진 뒤 열을 조금씩 잃으며 천천히 식는다.이때 표면의 온도가 내려가면 그 둘레
frege1	143	일일독해(프레게) Day 143	아침 조회가 끝난 뒤 민서는 운동장 가장자리 벤치에 앉아 파란 공책을 무릎에 올려 두었다.오늘 반 순서 연습에서 해윤이 약속한 시간보다 늦게 와서 민서가 혼자 시작했기 때문이다.민서는 해윤이 또 대충 넘길 거라고 생
frege1	144	일일독해(프레게) Day 144	이번 토요일 과학 동아리는 운동장 가장자리와 화단 옆에서 이슬 관찰 활동을 진행한다.참가 학생은 오전 6시 40분까지 정문 안 게시판 앞에 모여 이름을 확인하고 기록판을 받는다.준비물은 연필, 얇은 수건, 기록판이며
frege1	145	일일독해(프레게) Day 145	준호는 안내문을 베껴 쓰다가 '반드시'와 '반듯이'를 자꾸 헷갈렸다. 담임 선생님은 '반드시'가 틀림없이 꼭이라는 뜻이라고 먼저 차근차근 짚어 주었다. 그래서 '약속은 반드시 지켜라'처럼 다짐이나 당부를 말할 때는 
frege1	146	일일독해(프레게) Day 146	겨울 아침 연못을 보면 물 위에 얇은 얼음이 먼저 떠 있는 모습을 볼 수 있다. 많은 사람은 얼음이 돌처럼 단단한데 왜 바닥으로 가라앉지 않는지 궁금해한다. 물은 차가워질수록 가까워지다가 얼기 직전에는 분자들이 서로
frege1	147	일일독해(프레게) Day 147	비 온 뒤 아침 복도에 먼저 나온 나린은 젖은 창가를 따라 천천히 걸었다. 창틀 아래로 흐른 물방울이 운동화 끝에 닿자 발끝까지 차가운 기운이 번졌다. 어제 나린은 반 게시판을 꾸미다가 친구 시우의 메모를 제멋대로 
frege1	148	일일독해(프레게) Day 148	오늘 점심 뒤에는 복도 게시판 정리 활동이 있다. 모임 장소는 3층 창가 게시판 앞이며 시작 10분 전까지 이름표를 받아 줄을 선다. 준비물은 연필, 작은 지우개, 색연필 한 통, 손수건, 그리고 풀 자국이 묻어도 
frege1	149	일일독해(프레게) Day 149	민서는 발표 연습을 하다가 '선생님이 지도를 가리켰다'와 '선생님이 지도를 가르쳤다'를 번갈아 적어 놓고 멈춰 섰다. 두 말은 소리가 비슷하지만 뜻이 이어지는 방식이 달라 문장 흐름을 잘 살펴야 한다. 가르치다는 지
frege1	150	일일독해(프레게) Day 150	여름밤 멀리 하늘이 잠깐씩 번쩍이는데도 곧바로 천둥이 들리지 않을 때가 있다. 많은 사람은 이런 빛을 보고 특별한 '열 번개'가 따로 있다고 생각하기 쉽다. 하지만 기상 설명에 따르면 열 번개는 새로운 종류의 번개가
frege1	151	일일독해(프레게) Day 151	해질 무렵 교실 뒤 창고 앞에서 서연은 작은 손전등 하나를 두 손으로 감싸 쥐고 서 있었다. 내일 반 전시회에 놓을 그림 설명표를 아직 쓰지 못했는데, 어둑해진 복도 불빛만으로는 글씨가 흔들려 보였다. 조금 전까지 
frege1	152	일일독해(프레게) Day 152	내일 학급 전시회를 앞두고 오늘 방과 후에는 설명표와 작품 배치 점검 활동을 한다. 모이는 곳은 4층 복도 전시판 앞이며 시작 10분 전까지 이름표를 받고 조별 위치를 확인한다. 준비물은 연필, 지우개, 검은 사인펜
frege1	153	일일독해(프레게) Day 153	지우는 교내 소식문을 고치다가 '낡은 상자를 들어내고 새 화분을 놓았다'라는 문장에서 잠깐 연필을 멈추었다. 비슷하게 들리는 드러내다와 들어내다는 뜻이 가까워 보여도 쓰이는 자리가 다르기 때문이다. 드러내다는 가려진
frege1	154	일일독해(프레게) Day 154	맑은 낮하늘을 올려다보면 하늘 전체가 옅은 파란빛으로 펼쳐져 보인다. 많은 사람은 하늘이 원래 파란 막처럼 씌워져 있어서 그렇게 보인다고 생각하기 쉽다. 하지만 실제로 하늘의 빛깔은 태양빛이 공기를 지나며 작은 입자
frege1	155	일일독해(프레게) Day 155	비가 그친 뒤 운동장 옆 작은 온실 앞에서 민아는 젖은 우산을 접지 못한 채 한참 서 있었다. 내일 과학 동아리 전시에서 맡은 식물 관찰 기록판은 완성됐지만, 아까 친구 준호에게 던진 말이 계속 귀에 남았다. 준호가
frege1	156	일일독해(프레게) Day 156	오늘 방과 후에는 온실 전시판 마무리 활동이 있다. 참가 학생은 3층 과학실 앞에서 이름표를 받고 온실 조별 자리를 확인한 뒤 함께 이동한다. 준비물은 연필, 지우개, 검은 사인펜, 손수건, 작은 클립 두 개, 그리
frege1	157	일일 독해(프레게) Day 157	국어 시간에 지우는 달력에 적힌 '몇일'을 보고 잠깐 손을 멈추었다. 친구는 날짜를 셀 때 '몇'을 쓰니 그렇게 적어도 되지 않느냐고 물었다. 그러나 선생님은 이 말이 날짜를 묻는 굳어진 말이라 표준어는 '며칠'이라
frege1	158	일일 독해(프레게) Day 158	여름 소나기가 쏟아질 때 창문에 얼음 알갱이처럼 딱딱한 우박이 튀는 일이 있다. 우박은 비가 내리는 길에서 갑자기 얼어 생기는 것이 아니라 매우 강한 적란운 안에서 자란다. 구름 속에는 영하의 온도에서도 얼지 않은 
frege1	159	일일 독해(프레게) Day 159	발표회를 하루 앞두고 소연은 체육관 뒤 창고에서 구겨진 파란 현수막을 펼쳤다. 아침에 내린 비 때문에 끈 한쪽이 젖어 글씨 아래가 축 늘어져 있었다. 소연은 반 친구들이 애써 적은 문구가 접힌 자국에 가려진 것을 보
frege1	160	일일 독해(프레게) Day 160	내일 발표회를 앞두고 4학년 2반은 오늘 방과 후에 현수막과 좌석 표지를 정리하는 활동을 한다. 참가 학생은 체육관 뒤 준비실 앞에서 이름표를 받고, 마른 수건과 작은 집게 두 개를 챙긴다. 현수막을 만질 때는 젖은
frege1	161	일일 독해(프레게) Day 161	수업이 끝난 뒤 다은은 친구 메시지에 적힌 '운동장이 넓대'를 보고 잠시 멈추었다. 어제 체험 학습을 다녀온 친구가 직접 본 이야기를 적는 것 같은데 끝말이 낯설었기 때문이다. 선생님은 남에게서 들은 말을 옮길 때는
frege1	162	일일 독해(프레게) Day 162	겨울 밤 북쪽 하늘에 커튼처럼 흔들리는 빛이 보이면 많은 사람이 오로라를 떠올린다. 오로라는 태양에서 날아온 전기를 띤 입자들이 지구 근처까지 와서 만들어 내는 빛 현상이다. 지구 둘레에는 자기장이 있어 이 입자들이
frege1	163	일일 독해(프레게) Day 163	발표회가 끝난 뒤 예린은 운동장 스탠드 맨 끝에 놓인 작은 손전등을 발견했다. 불은 꺼져 있었지만 투명한 덮개 안쪽에 금빛 별 스티커가 붙어 있었다. 예린은 그 스티커가 지난주 밤하늘 관찰 모임에서 하람이 공책 앞장
frege1	164	일일 독해(프레게) Day 164	내일 저녁 학교 운동장에서는 겨울 별자리 기록 활동을 한다. 참가 학생은 도서관 앞 안내 책상에서 이름표와 기록판을 먼저 받는다. 준비물은 연필, 지우개, 얇은 돗자리, 손전등 하나이며 두꺼운 가방은 관찰 구역 밖에
frege1	165	일일 독해(프레게) Day 165	교실 뒤 게시판에는 '궁금하든지 손을 들고 묻자'라고 적힌 안내문이 붙어 있었다.지우는 그 문장을 읽다가 '궁금하던지'라고 써도 되는지 잠깐 헷갈렸다.선생님은 둘이 비슷하게 들리지만 쓰임은 분명히 다르다고 설명했다.
frege1	166	일일 독해(프레게) Day 166	맑은 밤에 하늘을 보면 별이 모두 하얗게 보이는 듯하지만 자세히 보면 붉거나 푸르게 보이는 별도 있다.이 차이는 별의 겉면 온도와 깊은 관련이 있다.NASA 자료에 따르면 더 뜨거운 별은 푸르거나 희게 보이고, 더 
frege1	167	일일 독해(프레게) Day 167	교실 불이 거의 꺼진 뒤에도 소윤은 창가에 남아 관찰 노트를 넘기고 있었다.점심때 친구 민호와 다투고 나서 별 색을 적어 둔 칸마다 자꾸 눈이 멈췄기 때문이다.민호는 소윤이 적은 '푸른빛'을 보고 너무 어려운 말만 
frege1	168	일일 독해(프레게) Day 168	내일 과학 시간에는 운동장에서 '별빛 비교 기록 활동'을 진행한다.참가 학생은 얇은 돗자리, 연필, 기록판을 챙겨 6시 40분까지 과학실 앞에 모인다.두꺼운 점퍼와 목도리는 준비해도 되지만, 손전등은 붉은 셀로판지를
frege1	169	일일 독해(프레게) Day 169	학교 방송부에서는 아침마다 '대표로서 책임을 다하자'라는 문장을 연습실 문 앞에 붙여 둔다.다온은 그 문장을 읽다가 '대표로써'라고 써도 되는지 잠깐 멈춰 섰다.선생님은 둘이 비슷해 보여도 뜻이 다르니 문장 속 역할
frege1	170	일일 독해(프레게) Day 170	사람들은 달을 밤하늘에서만 본다고 생각하기 쉽지만 낮에도 달을 볼 수 있다.NASA에 따르면 달은 밤에만 떠 있는 것이 아니라 낮 하늘에도 자주 올라와 있다.우리가 낮에 달을 잘 못 보는 까닭은 태양빛이 워낙 강해 
frege1	171	일일 독해(프레게) Day 171	미술실 창문에 저녁빛이 비칠 때까지 세나는 혼자 남아 색연필 상자를 정리하고 있었다.낮에 모둠 포스터를 만들다가 도윤과 다툰 뒤라, 파란 그림자 옆에 적어 둔 메모가 자꾸 눈에 들어왔기 때문이다.도윤은 세나가 '해 
frege1	172	일일 독해(프레게) Day 172	내일 과학 동아리에서는 운동장 서쪽에서 '낮달 관찰 기록 활동'을 진행한다.참가 학생은 기록 카드, 연필, 받침판을 챙겨 4시 20분까지 과학실 앞 그늘에 모인다.활동 전에는 태양 가까운 쪽을 바로 보지 말고, 교사
frege1	173	일일 독해(프레게) Day 173	국어 시간에 민서는 학급 방송 원고를 고치다가 '시간을 늘이다'라고 적은 문장을 보고 손을 멈췄다. 선생님은 두 낱말이 모두 길게 만든다는 느낌을 주어 자주 헷갈린다고 말했다. 하지만 무엇이 바뀌는지를 보면 쓰임이 
frege1	174	일일 독해(프레게) Day 174	해안 마을에서는 낮이 되면 바다에서 육지 쪽으로 바람이 부는 일이 자주 나타난다. 낮에는 같은 햇빛을 받아도 육지가 바다보다 더 빨리 데워진다. 육지 위 공기는 따뜻해지면서 가벼워져 위로 올라가고, 그 자리를 메울 
frege1	175	일일 독해(프레게) Day 175	체육관 뒤 계단을 올라가면 옥상 난간 끝에 작은 풍향 리본이 달려 있었다. 윤서는 과학 축제 안내판 옆에 서서 그 리본이 바람 따라 눕는 쪽을 공책에 그리고 있었다. 민재는 늦게 올라와 리본 끝이 계속 서쪽을 가리킨
frege1	176	일일 독해(프레게) Day 176	이번 주 과학 시간에는 '운동장 바람 방향 기록 활동'을 진행한다. 참가 학생은 기록판, 연필, 색 테이프가 붙은 손막대를 받아 운동장 가장자리 그늘 쪽에 선다. 손막대의 테이프가 흔들린다고 해서 바로 방향을 적지 
frege1	177	일일 독해(프레게) Day 177	학급 환경 게시판을 꾸미던 다온은 '복도를 깨끗히 쓰자'라고 적힌 문구 앞에서 펜을 멈췄다. 옆에 있던 서윤은 그 말이 익숙해 보여도 적는 모양은 다시 확인해야 한다고 말했다. 국어 시간에 배운 내용으로는 '깨끗하다
frege1	178	일일 독해(프레게) Day 178	산에 오르면 같은 날인데도 학교 운동장보다 공기가 더 차갑게 느껴질 때가 많다. 많은 사람은 해가 하늘에서 더 가깝게 보이니 높은 곳이 더 따뜻할 것이라고 짐작한다. 하지만 햇빛은 땅을 먼저 데우고, 데워진 땅 가까
frege1	179	일일 독해(프레게) Day 179	봄 체험 학습 날, 준호는 들머리 쉼터에서 얇은 바람막이만 입고도 괜찮다며 웃었다. 하린은 산 아래와 달리 전망대 쪽은 바람이 세질 수 있다며 가방 속 여분 겉옷을 꺼내 보여 주었다. 준호는 햇빛이 비치는데도 그렇게
frege1	180	일일 독해(프레게) Day 180	다음 주 과학 체험에서는 낮은 들머리와 높은 전망터의 바람과 기온 느낌을 비교해 기록한다. 출발 전에는 학교에서 나누어 준 기록 카드와 얇은 옷 위에 덧입을 겉옷을 반드시 챙긴다. 산길 날씨는 짧은 시간에도 바람이 
frege1	181	일일 독해(프레게) Day 181	소희는 학급 알림장을 쓰다가 "네 소원이 꼭 이루어지길 바래."라고 적어 놓고 잠깐 멈췄다. 옆에서 보던 선생님은 뜻이 비슷해 보여도 여기서는 "바라"가 맞는다고 알려 주었다. 무엇이 이루어지기를 생각할 때 쓰는 기
frege1	182	일일 독해(프레게) Day 182	같은 기온인데도 어떤 날은 끈적하고 어떤 날은 훨씬 가볍게 느껴진다. 이 차이를 살필 때 기상에서는 공기 속 수증기 양을 함께 본다. 습도는 공기 안에 들어 있는 수증기와 관련된 값이다. 그중 상대 습도는 지금 공기
frege1	183	일일 독해(프레게) Day 183	지민은 오후 자습이 끝나자 창문에 붙은 빗방울부터 살폈다. 운동장 가장자리가 뿌옇게 젖어 있었고, 우산꽂이 앞에는 벌써 아이들이 길게 서 있었다. 지민의 검은 우산은 아침에 분명 맨 왼쪽 칸에 꽂혀 있었다. 그런데 
frege1	184	일일 독해(프레게) Day 184	학생회는 비 오는 날마다 중앙 현관 앞이 미끄러워지는 문제를 줄이기 위해 '우산 정리 구역'을 운영한다. 오늘 안내는 등교 직후 우산을 보관하고 하교할 때 다시 찾아가는 방법을 설명한다. 먼저 현관 안쪽 노란 선 앞
frege1	185	일일 독해(프레게) Day 185	우리는 친구와 생각이 맞지 않을 때 '네 답은 틀려'라고 쉽게 말하곤 한다. 하지만 모든 차이를 틀림으로 부르면 서로의 의견을 살피는 마음이 먼저 닫힐 수 있다. '다르다'는 서로 같지 않다는 뜻으로, 여러 가능성 
frege1	186	일일 독해(프레게) Day 186	바닷가에 가 보면 같은 자리의 물높이가 몇 시간 사이에도 달라지는 것을 볼 수 있다. 이처럼 바닷물이 주기적으로 오르고 내리는 현상을 조석, 흔히 밀물과 썰물이라고 한다. 조석을 만드는 가장 큰 힘은 달의 인력이다.
frege1	187	일일 독해(프레게) Day 187	동아리 발표가 끝난 뒤 소은은 빈 강당 뒤편 의자에 앉아 숨을 고르고 있었다. 무대 조명을 끄자 창문마다 비가 번진 듯한 저녁빛이 얇게 남았다. 소은은 방금까지 목에 감고 있던 회색 머플러가 보이지 않자 의자 밑과 
frege1	188	일일 독해(프레게) Day 188	학생회는 학예 발표회가 끝난 날 강당 소품이 뒤섞이지 않도록 '무대 정리 구역'을 운영한다. 오늘 안내는 퇴장 직후 의자와 소품을 정리하고 각 반 물품을 되찾는 순서를 설명한다. 먼저 무대 앞 흰 선 뒤에서 장식 막
frege1	189	일일 독해(프레게) Day 189	글을 쓰다 보면 '오랜만'을 '오랫만'으로 적는 경우를 종종 본다. 겉으로 들리는 소리가 비슷해 보여도 표준어는 '오랜만' 하나뿐이다. '오랜만'은 '오래간만'이 줄어든 말이라서 가운데의 '간'이 줄어든 자리에 바로
frege1	190	일일 독해(프레게) Day 190	추운 아침에 나뭇가지나 난간이 하얗게 덮인 모습을 보고 눈이 밤새 내렸다고 생각하기 쉽다. 하지만 안개가 짙고 기온이 영하로 내려간 날에 생긴 흰 얼음은 상고대일 때가 많다. 상고대는 공기 중의 아주 작은 물방울이 
frege1	191	일일 독해(프레게) Day 191	독서 모임이 끝난 뒤 유나는 창가 자리에서 남색 기록장을 가방에 넣으려다가 손을 멈추었다. 조금 전까지 무릎 위에 올려 두었던 기록장이 보이지 않았기 때문이다. 유나는 출입문 쪽을 보다가 민호가 자기 기록장과 비슷한
frege1	192	일일 독해(프레게) Day 192	도서관은 방과 후에 읽기 기록장이 섞이지 않도록 '기록장 반납 구역'을 운영한다. 오늘 안내문은 모임이 끝난 뒤 기록장과 도서 카드를 정리해 두는 순서를 설명한다. 먼저 창가 책상 위에서 기록장과 빌린 책을 따로 나
frege1	193	일일 독해(프레게) Day 193	‘늘이다’와 ‘늘리다’는 소리가 비슷해 글을 쓸 때 자주 헷갈린다. 그러나 두 말은 바꾸려는 대상이 무엇인지에 따라 쓰임이 갈린다. 뜻을 판별할 때에는 늘어난 뒤의 모습보다 어떤 종류의 대상을 다루는지를 먼저 보는 
frege1	194	일일 독해(프레게) Day 194	달 표면에는 크고 작은 구덩이가 매우 많다. 이 구덩이들은 소행성이나 작은 우주 암석이 빠르게 부딪혀 생긴 충돌구다. 달에는 공기가 거의 없어서 우주에서 날아오는 물질이 속도를 크게 잃지 않고 표면에 닿는다. 대기가
frege1	195	일일 독해(프레게) Day 195	종례 뒤 서연은 복도 끝 문예 게시판 앞에서 걸음을 멈추었다. 어제 분명히 가운데 칸에 꽂아 둔 시화 원고가 보이지 않았기 때문이다. 대신 낡은 압정 하나와 파란 실 조각만 바람 따라 흔들리고 있었다. 서연은 그 실
frege1	196	일일 독해(프레게) Day 196	문예 게시판 전시는 오늘 방과 후 복도 세 번째 창가 구역에서 진행된다. 참가 학생은 종례가 끝나면 먼저 준비표를 확인하고 배정된 칸 번호 앞에 모인다. 시화 원고는 제목이 위로 오도록 펼쳐 두고, 젖은 자국이 없는
frege1	197	일일 독해(프레게) Day 197	‘웬’과 ‘왠’은 소리가 비슷해 자주 헷갈리는 말이다.하지만 두 말은 쓰이는 자리가 달라 문장 속 역할을 먼저 살피면 구별할 수 있다.‘웬’은 뒤에 오는 명사를 꾸미는 말로, 뜻은 ‘어찌 된’이나 ‘뜻밖의’에 가깝다
frege1	198	일일 독해(프레게) Day 198	땅이 흔들리면 우리는 발밑이 통째로 움직인다고 느낀다.이 흔들림을 눈으로 읽기 쉽게 남기기 위해 쓰는 장치가 지진계다.지진계에는 바닥에 단단히 고정된 틀과, 한곳에 오래 머무르려는 무거운 추나 질량이 함께 들어 있다
frege1	199	일일 독해(프레게) Day 199	방과 후 과학실 문을 연 지후는 창가 실험대 앞에서 걸음을 멈추었다.아침에 세워 둔 모형 지진계의 기록 종이가 보이지 않았기 때문이다.판 위에는 연필 끝이 남긴 검은 물결선 대신 구부러진 집게와 얇은 실 한 가닥만 
frege1	200	일일 독해(프레게) Day 200	내일 과학 시간에는 모형 지진계를 만들어 흔들림을 기록하는 활동을 한다.참여 학생은 시작 10분 전까지 과학실 뒤 준비대에서 이름표와 기록 종이를 받아야 한다.준비물은 연필, 자, 테이프 한 조각을 담을 작은 봉투이
frege1	201	일일 독해(프레게) Day 201	‘이따가’와 ‘있다가’는 소리가 비슷해 말할 때 자주 뒤섞인다.하지만 두 표현은 문장에서 맡는 뜻이 달라, 앞뒤 말을 함께 보아야 알맞게 고를 수 있다.‘이따가’는 ‘조금 지난 뒤에’라는 뜻을 가진 말이다.그래서 시
frege1	202	일일 독해(프레게) Day 202	밤하늘을 가로지르는 밝은 줄을 보면 많은 사람이 별이 떨어진다고 말한다.하지만 과학에서는 이 현상을 같은 물체가 어디에 있느냐에 따라 다른 이름으로 부른다.우주 공간에 있을 때의 작은 돌덩이나 금속 조각은 ‘유성체’
frege1	203	일일 독해(프레게) Day 203	수업이 끝난 뒤 하린은 천문 동아리실 옆 옥상 문을 조심히 열었다.오늘 밤 유성우를 기다리며 적어 둘 관측 노트를 난간 옆 의자 위에 미리 두었기 때문이다.그런데 의자 위에는 접어 둔 담요 대신 붉은 셀로판 조각과 
frege1	204	일일 독해(프레게) Day 204	내일 밤 과학 동아리에서는 학교 운동장 옆 잔디밭에서 유성 관측 기록 활동을 한다.참가 학생은 시작 10분 전까지 후문 옆 안내판 앞에 모여 이름표와 기록지를 받아야 한다.준비물은 돗자리나 접이의자, 긴 겉옷, 연필
frege1	205	일일 독해(프레게) Day 205	‘미안하다’와 ‘죄송하다’는 둘 다 상대에게 마음이 편하지 않음을 전할 때 쓰는 말이다.하지만 두 표현은 완전히 같은 자리에 아무 때나 바꾸어 쓰는 말은 아니다.국어사전에서는 ‘미안하다’를 남에게 대하여 마음이 편치
frege1	206	일일 독해(프레게) Day 206	혜성은 얼음과 먼지가 뭉친 천체로, 태양 둘레를 길게 도는 길을 따라 움직인다.평소 멀리 있을 때는 꽁꽁 얼어 있어 작고 어둡게 보이지만, 태양 가까이 가면 모습이 달라진다.태양빛과 열을 받으면 얼음이 기체로 바뀌고
frege1	207	일일 독해(프레게) Day 207	수아는 과학실 창가에 붙은 꼬리별 그림 앞에서 한참 발을 떼지 못했다.어제까지 반짝이던 은색 종이가 오늘은 한쪽 끝이 접혀 축 늘어져 있었기 때문이다.그 그림은 지난달 별자리 발표회를 마친 뒤 민재가 가장 먼저 벽에
frege1	208	일일 독해(프레게) Day 208	내일 과학 동아리에서는 운동장 옆 잔디 구역에서 꼬리별 관찰 노트 활동을 한다.참가 학생은 시작 10분 전까지 후문 게시판 앞에서 이름표와 기록지를 받아야 한다.준비물은 연필, 집게판, 긴 겉옷, 물병이며 망원경은 
frege1	209	일일 독해(프레게) Day 209	‘역할’은 어떤 일에서 맡은 몫이나 구실을 뜻하는 말이다.말할 때는 [여칼]처럼 들리기 쉬워서 글로 적을 때 ‘역활’로 잘못 쓰는 경우가 있다.하지만 바른 표기는 ‘역할’이며, 끝소리가 세게 들린다고 해서 받침이나 
frege1	210	일일 독해(프레게) Day 210	밤하늘을 보면 별은 반짝거리는데, 행성은 비교적 차분하게 빛나는 것처럼 보일 때가 많다.많은 사람은 별과 행성이 스스로 내는 빛의 세기가 달라서 그렇게 보인다고 짐작한다.하지만 눈에 보이는 차이를 만드는 데 더 큰 
frege1	211	일일 독해(프레게) Day 211	지후는 강당 무대 옆에 세워 둔 종이달을 보는 순간 걸음을 늦추었다.점심시간에 다시 오니, 달 한쪽에 길게 접힌 선이 생겨 밤하늘이 찢어진 것처럼 보였기 때문이다.그 종이달은 다음 주 연극에서 주인공이 집으로 돌아가
frege1	212	일일 독해(프레게) Day 212	내일 과학 동아리에서는 운동장 옆 관찰 구역에서 별과 행성의 반짝임을 비교하는 기록 활동을 한다.참가 학생은 시작 10분 전까지 후문 안내판 앞에서 이름표와 비교표를 받아야 한다.준비물은 연필, 집게판, 긴 겉옷, 
frege1	213	일일 독해(프레게) Day 213	수민은 받아쓰기 시간에 '금새 끝날 거야'라고 적었다가 선생님과 함께 다시 읽어 보았다.선생님은 소문이 금세 퍼졌다, 비가 금세 그쳤다처럼 아주 짧은 시간을 나타낼 때는 '금세'를 쓴다고 설명했다.수민은 '금세'가 
frege1	214	일일 독해(프레게) Day 214	저녁마다 같은 시간에 하늘을 보면 달이 늘 같은 자리에 있을 것 같지만 실제로는 조금씩 다르게 보인다.어떤 날은 해가 막 질 무렵 동쪽에서 달이 떠오르고, 어떤 날은 밤이 더 깊어진 뒤에야 달을 만나게 된다.이 차이
frege1	215	일일 독해(프레게) Day 215	나래는 과학관 앞 게시판에 붙은 달 관찰표를 보다가 자기 이름 옆에 빈칸이 많은 것을 발견했다.지난주마다 구름이 끼었다는 핑계를 적었지만, 사실은 혼자 운동장에 나갈 용기가 잘 나지 않았기 때문이다.모두가 관찰 노트
frege1	216	일일 독해(프레게) Day 216	내일 과학 시간에는 운동장 서쪽 관찰 구역에서 달 관찰 기록 활동을 한다.참가 학생은 시작 10분 전까지 과학실 앞 안내판에서 기록지와 집게판을 받아야 한다.준비물은 연필, 긴 겉옷, 작은 손전등이며 손전등은 필요한
frege1	217	일일 독해(프레게) Day 217	지원은 학급 게시판에 붙일 후기 문장을 쓰다가 "어의없다"라고 적었다.국어 시간에 선생님은 이런 말을 볼 때는 먼저 사전 표제어를 확인하라고 했다.표준국어대사전에는 "어이없다"만 실려 있고, 뜻밖이어서 기가 막히다는
frege1	218	일일 독해(프레게) Day 218	숲길에서 방향을 잃지 않으려면 나침반이 왜 움직이는지부터 이해하는 게 좋다.나침반 바늘은 지구 주위의 자기장에 맞추어 돌아가며, 그래서 어느 쪽이 북쪽인지 짐작하게 도와준다.하지만 나침반이 가리키는 곳은 지도에서 말
frege1	219	일일 독해(프레게) Day 219	현우는 숲 체험 수업에서 받은 나침반을 손바닥 위에 올려 두고도 자꾸 발걸음을 멈추었다.체육관 뒤 숲길로 들어서는 갈림길마다 화살표 표지판이 있었지만, 현우는 괜히 바늘 끝을 몇 번이고 다시 들여다보았다.어제 연습 
frege1	220	일일 독해(프레게) Day 220	학교 숲길 방향 찾기 활동은 운동장 옆 숲 입구에서 두 사람씩 짝을 지어 시작한다.출발 전에 활동지와 나침반을 받고, 오늘 걸을 구간이 표시된 지도를 먼저 펼쳐 둔다.나침반을 손에 든 채 바로 걷지 말고, 몸을 멈춘
frege1	221	일일 독해(프레게) Day 221	지민은 독서 발표 안내문을 쓰다가 마지막 줄에 "이 책은 한 시간 안에 읽을수있다"라고 적었다.같은 모둠 친구는 뜻은 통하지만 띄어쓰기가 막힌 듯 보여 다시 살펴보자고 말했다.국어 시간에 선생님은 이 표현의 "수"는
frege1	222	일일 독해(프레게) Day 222	겨울에 호수가 얼기 시작할 때 바닥부터 단단히 얼어붙는다고 생각하는 사람이 많다.하지만 민물은 아주 특별한 성질 때문에 보통 위쪽부터 얼기 시작한다.물은 섭씨 4도 안팎에서 가장 조밀해지므로, 표면의 물이 그 정도로
frege1	223	일일 독해(프레게) Day 223	민서는 학교 뒤 숲길을 걷다가 자꾸 멈춰 서서 쌍안경 목줄을 손끝으로 만졌다.가지 사이로 다람쥐가 한번 스치고 지나간 뒤로는 작은 움직임만 보여도 가슴이 먼저 뛰었다.민서는 방금 본 것을 놓칠까 봐 걸음을 재촉했지만
frege1	224	일일 독해(프레게) Day 224	학교 숲길 생물 관찰 활동은 입구 안내판 앞에서 짝과 함께 출발 준비를 하며 시작한다.활동지와 쌍안경을 받은 뒤에는 오늘 이동할 구간 표지와 관찰 약속을 먼저 읽는다.관찰 중에는 동물을 더 가까이 보려고 갑자기 달려
frege1	225	일일 독해(프레게) Day 225	다은은 모둠 발표 준비를 하다가 친구가 적어 둔 쪽지를 보고 잠깐 멈췄다.쪽지에는 '이걸 어떻게 해?'라고 적혀 있었는데, 바로 아래 메모에는 '이건 어떡해?'가 더 입에 붙는다고 적혀 있었다.국어 시간에 선생님은 
frege1	226	일일 독해(프레게) Day 226	지진 소식이 들리면 사람들은 흔히 규모와 진도를 같은 뜻으로 받아들이기 쉽다.하지만 규모는 지진이 내놓은 에너지의 크기를 수치로 나타낸 값이고, 진도는 한 지역에서 사람이 얼마나 흔들림을 느끼고 물건이 얼마나 영향을
frege1	227	일일 독해(프레게) Day 227	세아는 과학실 뒤편 전시대 앞에서 손바닥만 한 종이탑을 한참 바라보았다.점심시간 안전 체험 수업에서 올려 둔 탑 한쪽이 살짝 기울어 있었기 때문이다.아침에 모형판을 옮기던 자기 팔꿈치가 책상 모서리에 닿았던 순간이 
frege1	228	일일 독해(프레게) Day 228	학교 과학실에서는 모형 진동 실험 기록 활동을 시작하기 전에 짝과 함께 전시대 앞 안전선을 먼저 확인한다.활동지와 자, 연필을 받은 뒤에는 오늘 관찰할 탑 모형의 번호와 기록 순서를 읽는다.실험 중에는 모형을 손으로
frege1	229	일일 독해(프레게) Day 229	다은은 아침 자습 시간에 친구가 공책 귀퉁이에 적은 "웬지 떨린다"는 말을 보고 눈을 멈췄다.국어 시간에 선생님이 "왠지"는 "왜인지"가 줄어든 말이라서 까닭을 또렷이 모르지만 그런 느낌이 든다는 뜻에서 쓴다고 설명
frege1	230	일일 독해(프레게) Day 230	보름달이 막 떠오를 때면 하늘 높이 오른 달보다 훨씬 커 보인다고 느끼는 사람이 많다.하지만 사진으로 비교해 보면 지평선 근처의 달과 높이 뜬 달의 가로 너비는 거의 같다.NASA는 이런 차이가 달 자체가 커져서가 
frege1	231	일일 독해(프레게) Day 231	윤서는 방과 후 스케치북을 들고 마을 끝 둑길로 걸어갔다.낮 내내 덥던 길가에는 저녁 바람이 살짝 깔려 있었고, 논물은 주황빛 하늘을 조용히 뒤집어 놓은 듯했다.윤서는 오늘은 큰 나무만 그리고 돌아오려 했지만 둑 아
frege1	232	일일 독해(프레게) Day 232	학교 생태 화단 관찰 활동은 시작 10분 전까지 과학실 앞에서 모여 준비를 확인하는 것으로 시작한다.참가 학생은 이름표, 짧은 연필, 접을 수 있는 관찰판을 먼저 챙겨야 한다.준비물이 빠지면 모둠 기록이 끊기므로 출
frege1	233	일일 독해(프레게) Day 233	지민은 모둠 발표가 끝난 뒤 친구가 적어 둔 "왠만하면 오늘 끝내자"라는 문장을 보고 잠깐 멈추었다.국어 시간에 선생님이 "웬만하다"는 정도가 보통보다 만만하거나 무난하다는 뜻을 가진 낱말이라며, 여기서 만든 말은 
frege1	234	일일 독해(프레게) Day 234	민서는 아침 운동장에 나가면 해가 이미 떴는데도 공기가 아직 차갑다고 느꼈다.선생님은 햇빛이 비치기 시작했다고 해서 땅과 공기가 바로 따뜻해지는 것은 아니라고 설명했다.밤새 식은 땅은 해가 뜬 뒤에도 한동안 열을 잃
frege1	235	일일 독해(프레게) Day 235	서연은 방과 후 복도 전시판 앞에서 반별 소원 쪽지를 떼어 정리하다가, 맨 아래에 접힌 파란 쪽지 하나를 발견했다.다른 쪽지들은 새 핀으로 단단히 고정되어 있었지만 그 쪽지는 모서리만 겨우 붙어 있어 금방이라도 떨어
frege1	236	일일 독해(프레게) Day 236	학생자치회에서는 이번 주부터 복도 전시판 한쪽에 '응원 쪽지 보관함'을 운영합니다.이 보관함은 전시가 끝난 뒤에도 오래 남기고 싶은 쪽지를 구겨지지 않게 모아 두기 위한 자리입니다.쪽지를 넣고 싶은 학생은 점심시간이
frege1	237	일일 독해(프레게) Day 237	하람은 글짓기 공책을 넘기다가 친구가 쓴 "밖에 없대"와 "밖에 안 왔대"라는 문장을 보고 같은 "밖에"인데 왜 느낌이 다를까 생각했다.국어 시간에 선생님은 "밖에"가 뒤의 말과 어울려 한정하는 뜻을 드러낼 때, 보
frege1	238	일일 독해(프레게) Day 238	겨울 아침에 풀잎 끝에 하얗게 맺힌 서리를 보고 어떤 사람은 눈이 내린 것과 같다고 생각하지만, 둘은 만들어지는 과정이 다르다.눈은 구름 속의 아주 찬 물방울이나 얼음 알갱이가 자라다가 무게를 이기지 못하고 떨어진 
frege1	239	일일 독해(프레게) Day 239	지후는 방과 후 방송실 옆 창고에서 축제 소품 상자를 정리하다가 손잡이에 파란 실이 묶인 작은 종이 봉투를 발견했다.다른 봉투들은 행사 이름표가 붙어 있었지만 그 봉투에는 '내일 아침, 무대 뒤'라는 짧은 메모만 적
frege1	240	일일 독해(프레게) Day 240	학생회는 비가 오는 날 중앙 현관 옆에 '우산 말림대 기록판'을 함께 운영한다고 알렸다.젖은 우산을 그냥 복도에 펼쳐 두면 미끄럼이 생기기 쉬워서, 우산을 꽂기 전에 손잡이에 번호표를 먼저 달아야 한다.번호표는 등교
frege1	241	일일 독해(프레게) Day 241	수민은 교실 뒷문을 닫으며 친구가 쓴 '문을 잠궈 줘'라는 메모를 보고, 평소 자신도 비슷하게 적었다는 사실이 떠올랐다.국어 시간에 선생님은 기본형이 '잠그다'인 말은 활용할 때 줄기가 함부로 바뀌지 않는다고 설명했
frege1	242	일일 독해(프레게) Day 242	보름달이 뜬 밤에 달 일부가 먼저 어두워지다가 천천히 둥근 그림자 속으로 들어가는 모습을 월식이라고 한다.월식은 태양, 지구, 달이 거의 한 줄로 놓일 때 지구의 그림자가 달에 닿으면서 일어난다.그래서 달이 스스로 
frege1	243	일일 독해(프레게) Day 243	예린은 방과 후 음악실 문을 닫으려다가 피아노 의자 아래에 반쯤 접힌 연습표 한 장이 끼어 있는 것을 보았다.연습표 맨 위에는 작은 별표와 함께 '두 번째 박자에서 꼭 기다리기'라는 문장이 적혀 있었고, 글씨는 지난
frege1	244	일일 독해(프레게) Day 244	학생회는 운동장 출입문 안쪽에 '공용 우비 걸이 기록표'를 이번 주부터 함께 둔다고 알렸다.갑자기 비가 쏟아질 때 공용 우비를 빌려 입은 학생이 많아지면서, 누가 어느 우비를 가져갔는지 바로 적지 않으면 찾는 데 오
frege1	245	일일 독해(프레게) Day 245	지민은 학급 게시판에 붙은 안내문에서 '다음날 준비물을 가져오세요'라는 문장을 보고, 띄어쓰기가 맞는지 잠시 멈추었다.국어 시간에 선생님은 '다음날'은 하나의 합성어로 굳어져 사전에 오른 말이어서 붙여 쓴다고 설명했
frege1	246	일일 독해(프레게) Day 246	해가 막 지고 나서도 하늘이 한동안 완전히 어두워지지 않는 시간을 박명이라고 한다.이때는 태양이 이미 지평선 아래로 내려갔지만, 빛이 공기층을 지나며 하늘에 아직 퍼져 있어 주변이 조금 밝게 보인다.공기 속 먼지와 
frege1	247	일일 독해(프레게) Day 247	지우는 방과 후 빈 교실 창가에서 종이로 만든 작은 바람개비 하나를 발견했다.바람개비 손잡이에는 지난주 모둠 시간에 자신과 다투고 먼저 가 버린 민서의 이름표가 끼워져 있었다.지우는 그 이름표를 보는 순간, 민서가 
frege1	248	일일 독해(프레게) Day 248	내일 과학 시간에는 교실 창가와 복도 끝에서 바람의 세기를 비교하는 바람개비 관찰 활동을 진행한다.학생들은 활동 시작 10분 전까지 교실에 들어와 이름표와 기록지를 먼저 받아야 한다.준비물은 색연필, 연필, 지우개이
frege1	249	일일 독해(프레게) Day 249	수아는 반 친구가 늦게 교실 문을 열고 들어오자 놀라서 '왠일이야?'라고 적어 놓은 쪽지를 책상에 올려 두었다.그 모습을 본 담임 선생님은 뜻은 통하지만, 규범 표기는 '웬일이야?'라고 쓰는 것이 맞다고 알려 주었다
frege1	250	일일 독해(프레게) Day 250	초승달이 뜬 저녁이나 해 뜨기 전 가느다란 달을 보면, 밝은 부분 옆의 어두운 부분도 희미하게 비치는 것처럼 보일 때가 있다.이 희미한 빛을 지구빛, 또는 영어로 어스샤인이라고 부른다.달은 스스로 빛을 내지 않으므로
frege1	251	독해(문학) Day 251	학교 현관 우산꽂이 앞에서 민재는 자기 우산 손잡이에 감겨 있던 파란 실이 사라진 것을 보고 멈춰 섰다.그는 어젯밤 집에서 동생이 실을 다시 묶어 주며 이걸 보면 멀리서도 금방 찾을 수 있다고 웃던 장면을 떠올렸다.
frege1	252	독해(생활문) Day 252	내일 4학년은 학교 뒤편 생태 화단에서 봄눈 관찰 활동을 한다.학생들은 아침 조회가 끝나면 교실에 가방을 두고 모둠별 기록판과 연필을 받아 운동장 쪽 출입문 앞으로 모여야 한다.활동은 십오 분 관찰, 십 분 정리, 
frege1	253	독해(어법) Day 253	교실 게시판 문장을 옮겨 적던 하린은 '할수 있다'와 '갈수 없다'가 자꾸 붙어 쓰인다는 걸 알아차렸다.담임은 여기의 '수'가 셈을 하는 수가 아니라 어떤 일을 해낼 방법이나 가능성을 가리키는 말이라고 설명했다.그래
frege1	254	독해(비문학) Day 254	아침 운동장에 희뿌연 안개가 깔리자 민서는 하늘의 구름이 내려온 것 같다고 말했다.실제로 안개와 구름은 둘 다 공기 속 수증기가 식으면서 작은 물방울이나 얼음 알갱이로 바뀌어 생긴다는 점에서 같다.둘 다 스스로 빛을
frege1	255	독해(문학) Day 255	수업이 끝난 뒤 복도 창가에서 서진은 미술반 전시판에 붙일 작은 종이배들을 마지막으로 살펴보고 있었다.바람이 스치자 책갈피로 눌러 두었던 마지막 종이배 한 장이 들려 복도 끝 청소함 쪽으로 미끄러져 갔다.서진은 급히
frege1	256	독해(생활문) Day 256	내일 4학년은 오전 10시에 과학실 앞 복도에서 빗물 기록 활동을 시작한다.학생들은 조회가 끝나면 교실에 큰 가방을 두고 필기도구와 개인 물병만 챙겨 파란 발자국 표시 앞에 줄을 서야 한다.활동은 운동장 모서리, 화
frege1	257	독해(어법) Day 257	국어 시간에 민지는 반 친구가 단체방에 남긴 '왠일이야?'라는 말을 보고 손을 멈추었다.뜻은 바로 알아들었지만, 소리만 믿고 쓴 표현인지 아닌지 확인하고 싶었기 때문이다.사전을 찾아보니 놀라움이나 뜻밖의 일을 물을 
frege1	258	독해(비문학) Day 258	지우는 운동장에서 집에 가다가 해가 낮아질수록 하늘이 노랗다가 붉게 바뀌는 모습을 오래 바라보았다.같은 빛인데 낮과 저녁에 색이 달라 보이는 까닭이 궁금했기 때문이다.햇빛은 겉으로는 하얗게 보이지만 사실 여러 가지 
frege1	259	독해(문학) Day 259	비가 그친 뒤 유진은 교실 뒤 게시판에 붙일 동아리 소개 카드를 한 장씩 정리하고 있었다.막 마른 창틀 쪽에서 바람이 들어오자 맨 끝에 놓인 카드 한 장이 복도 바닥으로 미끄러졌다.유진이 급히 따라 나갔지만 카드들은
frege1	260	독해(생활문) Day 260	내일 4학년은 2교시 시작 전에 운동장 빗물 자국 관찰 활동을 한다.학생들은 조회가 끝나면 큰 가방을 교실 뒤 칸에 두고, 필통과 기록판만 들고 파란 발자국 표시 앞에 모인다.관찰은 운동장 가장자리, 배수로 옆, 햇
frege1	261	독해(어법) Day 261	소연이는 반장 선거 준비를 하다가 안내문에 '3일쨰 연습'이라고 적힌 종이를 보고 멈칫했다. 소리는 같아 보여도 적는 모양이 맞는지 헷갈렸기 때문이다. 담임 선생님은 순서를 세거나 어떤 날이 이어진 횟수를 나타낼 때
frege1	262	독해(비문학) Day 262	운동장 한가운데 놓인 온도계를 햇볕에 두면 숫자가 금방 크게 오를 때가 있다. 하지만 그 값이 곧바로 공기 전체의 온도라고 보기는 어렵다. 햇빛을 직접 받은 온도계는 공기뿐 아니라 햇볕에 데워진 자기 몸의 열도 함께
frege1	263	일일독해(문학) Day 263	민서는 학급 전시회에 놓을 표지판을 꾸미다가, 책상 서랍 속에 넣어 둔 파란 리본 묶음을 떠올렸다. 아침 조회 때 담임 선생님이 전시판 손잡이가 자꾸 비틀린다고 말했기 때문이다. 민서는 리본만 단단히 묶으면 될 것처
frege1	264	일일독해(생활문) Day 264	이번 주 자연 관찰 활동에서는 학교 숲 입구에 놓인 기록판과 스티커 주머니를 함께 사용한다. 활동을 시작하기 전에는 먼저 이름표를 목에 걸고, 기록판 맨 위에 날짜와 조 이름을 또렷하게 적는다. 그다음 관찰할 곳을 
frege1	265	독해(어법) Day 265	지후는 학급 게시판에 붙일 안내문을 읽다가 왠만하면이라는 적기를 보고 잠깐 멈추었다.평소 자주 듣는 말인데도 어느 글자가 맞는지 금세 떠오르지 않았기 때문이다.국어 시간에 선생님은 웬만하다와 웬만하면은 정도가 보통을
frege1	266	독해(비문학) Day 266	수아는 운동장에 누워 솜처럼 큰 구름을 보다가 그렇게 무거워 보이는데 왜 떨어지지 않는지 궁금해했다.선생님은 구름이 멀리서 덩어리처럼 보여도 실제로는 아주 작은 물방울이나 얼음 알갱이가 모인 것이라고 설명했다.이 알
frege1	267	독해(문학) Day 267	민재는 방과 후 교실 뒤편에서 바람에 흔들리는 작은 종소리를 듣고 걸음을 멈추었다.그 소리는 아침에 잃어버린 이름표 고리와 닮아 있어 더 귀를 기울이게 했다.그는 혹시 누군가 주워 창가에 걸어 둔 것이 아닐까 생각하
frege1	268	독해(생활문) Day 268	내일 4교시에는 학교 텃밭에서 잎 모양을 자세히 살피는 관찰 활동을 한다.참가 학생은 시작 10분 전까지 과학실 앞 복도에 모여 이름표를 확인한다.준비물은 연필, 지우개, 관찰 기록지이며 기록지는 현장에서 나누어 주
frege1	269	독해(어법) Day 269	유나는 일기장을 쓰다가 오늘은 피곤해서 숙제를 못했다라고 적으려다 잠깐 멈추었다.평소에는 못하다와 못 하다를 비슷하게 느껴 그냥 넘긴 적이 많았기 때문이다.국어 시간에 선생님은 한 단어 못하다는 실력이나 능력이 모자
frege1	270	독해(비문학) Day 270	지민은 겨울 아침 창문에 붙은 눈송이를 보다가 왜 모양이 저마다 다른지 궁금해졌다.선생님은 눈송이가 처음 생길 때는 아주 작은 얼음 결정으로 시작한다고 설명했다.이 결정은 공기 속 수증기가 차가운 먼지나 작은 입자에
frege1	271	독해(문학) Day 271	서윤은 점심 뒤 도서관 창가에서 파란 종이배 하나를 보고 걸음을 늦추었다.그 종이배는 지난주 할아버지가 접어 준 것과 모양이 닮아 있어 마음이 먼저 움직였다.그녀는 혹시 동생이 자신을 찾다가 창가에 남겨 둔 표시가 
frege1	272	독해(생활문) Day 272	내일 3교시에는 학교 온실 앞 화단에서 새싹 관찰 기록 활동을 한다.참가 학생은 시작 10분 전까지 과학실 앞 복도에 모여 이름표와 모둠 번호를 확인한다.준비물은 연필, 지우개, 개인 물통, 얇은 장갑이며 기록지는 
frege1	273	일일 독해(어법) Day 273	글을 쓸 때 말끝에 "아무튼"과 "아뭏든" 가운데 무엇을 써야 할지 망설이는 일이 있다.표준어는 "아무튼"이며, 앞말을 정리하고 말을 이어 갈 때 쓰는 부사이다.이 말은 여러 사정이 있더라도 뒤의 말을 밀고 나가겠다
frege1	274	일일 독해(비문학) Day 274	해가 지면 땅은 낮 동안 받은 열을 조금씩 다시 밖으로 내보낸다.이때 하늘에 구름이 많으면 그 열의 일부가 구름에 막혀 땅 근처에 더 남는다.반대로 맑은 밤에는 열이 위로 빠져나가기 쉬워 땅과 가까운 공기가 더 빨리
frege1	275	일일 독해(문학) Day 275	민서는 미술실 뒤 복도에서 접힌 초록 우산 하나를 보고 걸음을 늦추었다.손잡이에 감긴 노란 끈이 지난주 동생이 잃어버린 우산과 닮아 있어 눈길이 오래 머물렀다.그녀는 혹시 동생이 찾으러 오기 쉽게 그 자리에 세워 둔
frege1	276	일일 독해(생활문) Day 276	오늘 자연 관찰 활동에 참여하는 모둠은 과학실 앞 안내판에서 먼저 모둠 번호와 기록판을 확인한다.기록판에는 화단 이름과 관찰 순서, 돌아오는 시간이 적혀 있으니 출발 전에 빠진 칸이 없는지 본다.화단으로 나갈 때에는
frege1	277	일일 독해(어법) Day 277	글을 쓰다가 "설레다"와 "설레이다" 가운데 어느 것을 적어야 할지 망설이는 사람이 많다.표준어는 "설레다"이며, 기대하거나 두려워서 마음이 가만있지 않은 상태를 뜻한다.그래서 소풍 전날 마음이 설렌다거나 발표를 앞
frege1	278	일일 독해(비문학) Day 278	높은 산에서 물을 끓이면 평지보다 더 이른 온도에서 보글보글 끓기 시작한다.그 까닭은 산 위로 올라갈수록 공기가 누르는 힘, 곧 기압이 낮아지기 때문이다.물은 물속에서 생기는 수증기의 힘이 바깥 공기의 힘과 맞설 만
frege1	279	일일 독해(문학) Day 279	지후는 운동회가 끝난 뒤 교실 뒤편 창가에 놓인 작은 상자를 한참 바라보았다.상자 뚜껑에는 파란 리본이 묶여 있었는데, 그는 그 리본이 지난주에 잃어버린 책갈피 끈과 닮았다고 생각했다.지후는 누가 그것을 주워 상자에
frege1	280	일일 독해(생활문) Day 280	우리 반은 쉬는 시간마다 서로를 격려하는 응원 쪽지 상자를 운영합니다.상자는 교실 뒤 창가의 파란 천 위에 놓여 있으며, 하루에 한 번씩만 열 수 있습니다.쪽지를 넣고 싶은 학생은 서랍 옆에 있는 작은 카드 묶음에서
frege1	281	일일 독해(어법) Day 281	글을 쓰다 보면 '일부러'를 '일부로'와 헷갈려 적는 사람이 적지 않다.하지만 어떤 일을 생각을 두고 굳이 하는 뜻을 나타낼 때는 '일부러'가 표준어이다.이를테면 동생을 웃기려고 일부러 우스운 표정을 지었다고 말할 
frege1	282	일일 독해(비문학) Day 282	겨울에 길이 얼었을 때 소금을 뿌리면 얼음이 그냥 둘 때보다 더 빨리 녹는 모습을 볼 수 있다.그 까닭은 소금이 물과 섞이면 물이 어는 온도를 더 낮추기 때문이다.순한 물은 보통 0도에서 얼기 쉽지만, 소금물이 되면
frege1	283	일일 독해(문학) Day 283	소희는 비가 그친 뒤 음악실 창가에 놓인 작은 종이배 하나를 오래 바라보았다.종이배 옆에는 파란 연필로 적은 날짜와 별표가 있어, 그는 누가 두고 간 숙제 메모쯤으로 여겼다.소희는 물에 젖지 않게 창문을 닫으려다가 
frege1	284	일일 독해(생활문) Day 284	우리 반은 과학실 창가에서 키운 강낭콩 화분을 돌아가며 관찰 기록합니다.기록장을 쓰는 날은 점심시간 뒤이며, 도우미가 먼저 화분 이름표와 날짜 칸을 확인합니다.기록하려는 학생은 연필 한 자루와 자를 챙긴 뒤 자기 차
frege1	285	일일 독해(어법) Day 285	글을 쓰다 보면 '일부러'를 '일부로'와 헷갈려 적는 사람이 적지 않다.하지만 어떤 일을 생각을 두고 굳이 하는 뜻을 나타낼 때는 '일부러'가 표준어이다.이를테면 동생을 웃기려고 일부러 우스운 표정을 지었다고 말할 
frege1	286	일일 독해(비문학) Day 286	겨울에 길이 얼었을 때 소금을 뿌리면 얼음이 그냥 둘 때보다 더 빨리 녹는 모습을 볼 수 있다.그 까닭은 소금이 물과 섞이면 물이 어는 온도를 더 낮추기 때문이다.순한 물은 보통 0도에서 얼기 쉽지만, 소금물이 되면
frege1	287	일일 독해(문학) Day 287	민서는 비가 그친 뒤 합주실 맨 뒤 의자에 매달린 주황 표찰 하나를 오래 바라보았다.표찰 앞면에는 날짜와 작은 별표가 적혀 있어, 그는 처음에 자리 번호를 고쳐 둔 종이쯤으로 여겼다.민서가 의자를 정리하려고 손을 뻗
frege1	288	일일 독해(생활문) Day 288	내일 하는 과학 전시 준비 도우미는 시작 10분 전에 3층 과학실 앞에 모여 이름표를 먼저 받는다.이름표를 받은 뒤에는 전시판, 집게, 설명 카드가 빠짐없이 들어 있는지 조별 상자를 확인해야 한다.상자 안 물건이 모
frege1	289	일일 독해(어법) Day 289	글을 쓰다 보면 '웬일'을 '왠일'로 잘못 적는 사람이 많다.하지만 놀라움이나 뜻밖의 사정을 묻는 말은 보통 '웬일'이라고 쓰는 것이 알맞다.예를 들어 네가 먼저 전화를 다 하다니 웬일이야처럼 쓰면 뜻이 자연스럽게 
frege1	290	일일 독해(비문학) Day 290	월식이 일어날 때 달이 완전히 사라지지 않고 붉거나 주황빛으로 보이는 까닭을 궁금해하는 사람이 많다.월식은 지구가 태양과 달 사이에 들어가 달로 가는 햇빛을 가릴 때 일어난다.그런데 지구가 빛을 막아도 모든 빛이 한
frege1	291	일일 독해(문학) Day 291	연습이 끝난 뒤 수빈은 강당 맨 뒤 의자 밑에서 납작한 종이 봉투 하나를 발견했다.봉투 겉면에는 아무 이름도 없었지만, 모서리가 여러 번 접혔다 펴진 흔적이 남아 있었다.수빈은 곧바로 선생님께 가져가려다가, 방금까지
frege1	292	일일 독해(생활문) Day 292	내일 열리는 학교 작은 전시회에서는 복도마다 설명 도우미가 서서 관람 순서를 돕는다.도우미는 오전 8시 40분까지 3층 미술실 앞에 모여 이름표와 안내판을 먼저 받아야 한다.모임이 끝나면 담당 구역을 확인하고, 각자
frege1	293	일일 독해(어법) Day 293	글을 쓸 때 '왠지'를 '웬지'로 적는 경우가 생각보다 많다.하지만 막연한 느낌이나 설명하기 어려운 짐작을 나타낼 때는 '왠지'라고 쓰는 것이 표준어에 맞다.'왠지 오늘은 비가 올 것 같다'처럼 쓰면 까닭을 또렷이 
frege1	294	일일 독해(비문학) Day 294	밤하늘의 별을 볼 때 우리는 그 별이 지금 막 낸 빛을 바로 보는 것처럼 느끼기 쉽다.하지만 별빛도 빛이 이동하는 데 시간이 걸리므로, 우리는 별이 조금 전이나 훨씬 오래전에 내보낸 빛을 본다.빛은 아주 빠르게 움직
frege1	295	일일 독해(문학) Day 295	체육관 발표 연습이 끝나자 하린은 맨 앞줄 의자 사이에서 작은 파란 수첩 하나를 발견했다.수첩 겉면에는 별 스티커가 비뚤게 붙어 있었고, 고무줄은 여러 번 당겼던 듯 늘어나 있었다.하린은 바로 교무실에 맡기려다가 조
frege1	296	일일 독해(생활문) Day 296	내일 열리는 학교 책 나눔 행사에서는 복도마다 안내 도우미가 서서 줄과 이동 방향을 알려 준다.도우미는 오전 8시 30분까지 도서실 앞에 모여 이름표와 구역 표지를 먼저 받아야 한다.모임이 끝나면 맡은 자리를 확인하
frege1	297	일일 독해(어법) Day 297	운동회를 앞두고 소연은 반 게시판에 붙일 안내문을 쓰다가 '-든지'와 '-던지' 가운데 무엇을 써야 할지 멈칫했다. 담임 선생님은 둘이 비슷하게 들려도 쓰임은 다르다고 설명했다. 무엇을 고르거나 상관없음을 나타낼 때
frege1	298	일일 독해(비문학) Day 298	해가 산 아래로 내려간 뒤에도 하늘은 곧바로 깜깜해지지 않는다. 햇빛이 대기 속 먼지와 공기 분자에 부딪혀 여러 방향으로 흩어지기 때문이다. 해는 지평선 아래에 있어도 그 빛 일부는 높은 하늘을 돌아 우리 눈에 들어
frege1	299	일일 독해(문학) Day 299	미술실 정리가 끝날 무렵 세나는 창가 아래에 접힌 연두색 돗자리 하나가 남아 있는 것을 보았다. 돗자리 끈 끝에는 이름표 대신 작은 매듭이 묶여 있었고, 한쪽에는 물감이 묻은 자국도 남아 있었다. 세나는 반 친구들이
frege1	300	일일 독해(생활문) Day 300	내일 열리는 교실 책갈피 나눔 활동에서는 각자 만든 책갈피를 친구들과 바꾸기 전에 이름표와 설명 카드를 먼저 붙여 두어야 한다. 활동 도우미는 아침 8시 40분까지 교실 뒤쪽 긴 책상에 모여 자리표, 집게, 여분 카
frege1	301	일일 독해(어법) Day 301	우리는 책 안내문이나 숙제 설명에서 '읽을 수 있다'라는 말을 자주 본다. 학교 게시판이나 알림장에서는 이 표현이 설명문 끝에 붙는 일이 많아, 모양을 통째로 외우는 경우도 많다. 이때 많은 학생이 '읽을수있다'처럼
frege1	302	일일 독해(비문학) Day 302	무지개는 빗방울 속으로 들어간 햇빛이 굴절되고 한 번 반사된 뒤 다시 밖으로 나오며 만들어진다. 보통 빨간색은 바깥쪽에, 보라색은 안쪽에 놓여 보이는데 이것도 빛이 꺾이는 각도가 조금씩 다르기 때문이다. 그래서 빛이
frege1	303	일일 독해(문학) Day 303	수업이 끝난 뒤 다온은 음악실 창가 아래에 작은 파란 우산 하나가 남아 있는 것을 보았다. 복도 창문 밖에는 아직 가는 비가 남아 있어 바닥에 젖은 발자국이 길게 이어져 있었다. 손잡이 끝에는 노란 실이 한 바퀴 감
frege1	304	일일 독해(생활문) Day 304	내일 아침 비가 예보되어 있어 우리 반은 교실 앞 우산 정리대를 함께 쓰기로 한다. 등교하면 젖은 우산을 접은 채 들고 들어오지 말고 현관 매트에서 물기를 한 번 턴 뒤 정리대로 가져와야 한다. 우산 손잡이에는 이름
frege1	305	일일 독해(어법) Day 305	많은 학생이 날짜를 적을 때 '몇일'이라고 쓰기 쉽다. 하지만 날짜를 나타낼 때 바른 말은 '며칠'이다. 우리는 '오늘이 며칠이니?'나 '며칠 뒤에 만나자'처럼 자연스럽게 말한다. 이 말은 본래 '몇 날'이 줄어 굳
frege1	306	일일 독해(비문학) Day 306	겨울 아침에 창문이나 풀잎에 맺힌 작은 물방울은 공기 속 수증기가 차가운 표면을 만나 물로 바뀌며 생긴다. 이것을 이슬이라고 한다. 밤사이 땅과 물건 표면은 열을 잃어 공기보다 더 차가워질 수 있는데, 그 온도가 이
frege1	307	일일 독해(문학) Day 307	체육 수업이 끝난 뒤 서준이는 현관 앞에서 파란 우산 하나를 들고 서 있었다.우산 손잡이에 감긴 노란 실이 분명 낯익었지만 서준이는 바로 주인을 떠올리지 못했다.비를 피하려는 마음이 급한 친구들은 그 우산이 비어 있
frege1	308	일일 독해(생활문) Day 308	비 오는 날에는 현관 안쪽 우산 보관대를 먼저 이용해 주세요.젖은 우산을 교실까지 가져가면 바닥이 미끄러워져 다른 친구가 넘어질 수 있습니다.우산을 넣기 전에는 손잡이에 붙은 이름표가 있는지 한 번 확인합니다.이름표
frege1	309	일일 독해(어법) Day 309	민호는 운동회 안내문을 쓰다가 '경기를 치루다'라고 적은 문장을 보고 잠깐 손을 멈추었다.겉으로는 많이 보던 말이라 자연스러워 보였지만 국어 시간에 배운 표기는 따로 있었다.무엇을 겪거나 비용을 내거나 행사를 끝마칠
frege1	310	일일 독해(비문학) Day 310	겨울 아침에 밖으로 나가 말을 하면 입앞에 하얀 김 같은 것이 잠깐 떠오를 때가 있다.많은 사람은 그것을 입김이 연기처럼 나온다고 말하지만 실제로는 따뜻한 숨속의 수증기가 식으면서 생긴 작은 물방울이다.숨을 내쉴 때
frege1	311	일일 독해(문학) Day 311	수업이 끝난 뒤 지우는 음악실 맨 뒤 의자에 접힌 파란 손수건 하나를 보았다.친구들은 주인이 안 보이니 그냥 창문을 닦는 데 써도 되겠다고 말했다.그러나 지우는 손수건 한쪽에 작게 수놓인 음표를 보고 발을 멈추었다.
frege1	312	일일 독해(생활문) Day 312	음악실이나 강당에서 주인을 모르는 물건을 발견하면 먼저 사용하지 말고 특징부터 살핍니다.색, 표시, 놓인 자리를 짧게 적어 두면 비슷한 물건과 헷갈리지 않습니다.그다음 분실 물건 기록판에서 오늘 접수된 물건이 있는지
frege1	313	일일 독해(어법) Day 313	민지는 반 소개 글을 쓰다가 '우리 교실은 4학년 2반이예요'라고 적은 문장에서 손을 멈추었다.말할 때는 자연스럽게 들렸지만 글자로 옮기면 어디가 바른지 다시 살펴야 했다.받침이 있는 말 뒤에는 '이에요'를 쓰고 받
frege1	314	일일 독해(비문학) Day 314	겨울 운동장에서 바람이 세게 불면 같은 기온인데도 더 춥게 느껴질 때가 많다.이것은 바람이 피부 가까이에 남아 있던 따뜻한 공기를 빨리 밀어내기 때문이다.우리 몸은 피부 근처에 얇은 따뜻한 공기층이 있을 때 열을 조
frege1	315	일일 독해(문학) Day 315	수업이 끝난 뒤 나래는 강당 뒤 의자에 빨간 리본이 달린 이름표 하나를 보았다.친구들은 행사가 끝났으니 남는 표찰일 거라며 정리 상자에 그냥 넣자고 말했다.그러나 나래는 이름표 뒤쪽에 연필로 작게 적힌 별 표시를 보
frege1	316	일일 독해(생활문) Day 316	발표회가 있는 날에는 이름표와 순서표를 강당 입구 보관판에서 먼저 확인합니다.이름표를 받은 뒤에는 끈, 별표, 색띠 같은 표시가 맞는지 바로 살핍니다.비슷한 이름표가 많을 때는 앞면 이름만 보지 말고 뒤쪽 표시와 반
frege1	317	일일 독해(어법) Day 317	민지는 발표회 소감을 쓰다가 '오늘 무대가 정말 멋있같애'라고 적은 문장을 보고 연필을 멈추었다.말할 때는 비슷하게 들려도 글자로 적을 때는 바탕이 되는 말을 먼저 떠올려야 했다.'같아'는 '같다'가 활용된 꼴이라서
frege1	318	일일 독해(비문학) Day 318	가을이 깊어지면 나무는 초록 잎을 오래 붙잡지 않고 차례로 떨어뜨린다.나무가 잎을 떨구는 까닭은 추운 계절을 버티는 동안 물과 양분을 덜 잃기 위해서이다.잎에는 작은 구멍이 많아서 따뜻한 계절에는 이곳으로 물이 오가
frege1	319	일일 독해(문학) Day 319	서윤은 축제 준비가 끝난 뒤 교실 뒤편 사물함을 정리하다 납작한 상자를 하나 발견했다.친구들은 먼지 묻은 종이 묶음쯤으로 여기고 그냥 버리자고 말했다.그런데 상자 안에는 풀에 한쪽이 들러붙은 작은 바람개비들과 접힌 
frege1	320	일일 독해(생활문) Day 320	다음 주부터 각 반은 창가 식물을 함께 돌보는 아침 도우미 활동을 시작한다.활동은 등교 직후 다섯 분 동안만 이루어지며, 먼저 물 주기표와 화분 이름표가 맞는지 확인해야 한다.물은 교실 뒤 급수통에서 받아 오되 컵 
frege1	321	일일 독해(어법) Day 321	글을 쓸 때 '몇 개, 몇 명, 몇 번'은 자주 헷갈린다.여기에서 '몇'은 수를 묻거나 그리 많지 않은 수를 가리키는 말이지만, 뒤에 오는 '개, 명, 번'은 띄어서 적는다.그래서 '귤 몇 개를 샀니', '친구 몇 
frege1	322	일일 독해(비문학) Day 322	일식은 달이 해와 지구 사이를 지나가며 해빛의 일부나 전부를 가릴 때 일어난다.하지만 새달이 뜰 때마다 늘 일식이 생기는 것은 아니다.달이 지구 둘레를 도는 길은 지구가 해 둘레를 도는 길과 조금 기울어져 있어서, 
frege1	323	일일 독해(문학) Day 323	민서는 방과 후 교실 뒤 정리함에서 납작한 종이봉투 하나를 발견했다.봉투 겉에는 글자가 거의 지워져 있어 누구 것인지 바로 알아보기 어려웠다.친구들은 미술 시간에 남은 종이쯤으로 보고 그냥 재활용 상자에 넣자고 했다
frege1	324	일일 독해(생활문) Day 324	다음 주부터 과학 시간마다 각 모둠은 씨앗 발아 관찰 기록 활동을 차례로 맡는다.활동을 시작하기 전에는 화분 이름표, 날짜 카드, 자가 분무기가 제자리에 있는지 먼저 확인해야 한다.씨앗 상자는 창가 옆 선반에서 가져
frege1	325	일일 독해(어법) Day 325	지아는 학급 장터 안내문을 쓰다가 '금새 끝나요'라고 적어 놓았다. 민호가 어딘가 어색하다고 말했지만 둘은 뭐가 잘못인지 바로 떠올리지 못했다. 쉬는 시간에 담임 선생님은 그 문장을 보고 '금세'로 고쳐 주었다. 선
frege1	326	일일 독해(비문학) Day 326	해안에 사는 사람들은 한여름 오후에도 바다에서 조금만 떨어진 도시보다 낮 기온이 덜 치솟는다고 느낄 때가 많다. 이런 차이는 바다와 땅이 햇빛을 받아 데워지고 식는 속도가 서로 다르기 때문에 생긴다. 땅은 햇빛을 받
frege1	327	일일 독해(문학) Day 327	서윤은 축제 준비를 하러 강당 창고에 들어갔다가 납작한 응원판 꾸러미를 발견했다. 맨 위 판에는 금빛 종이가 반쯤 벗겨져 있었고 모서리마다 투명테이프 자국이 남아 있었다. 빛이 바랜 자리마다 손때도 남아 있어 오래 
frege1	328	일일 독해(생활문) Day 328	내일 운동장 식물 관찰 활동에 참여할 학생은 시작 전에 준비 확인대를 먼저 지나야 한다. 확인대에서는 이름표, 필기도구, 작은 관찰판이 있는지 차례로 점검한다. 준비 확인이 끝난 학생만 관찰 구역 표시가 적힌 작은 
frege1	329	일일 독해(프레게) Day 329	수아는 체육 발표 안내문에 '반듯이 줄을 맞춰 서 주세요'라고 적어 두었다.이를 본 지훈은 왠지 뜻이 조금 어긋난 것 같다고 말했다.지훈은 줄을 곧게 세우라는 말과 꼭 지키라는 말이 한데 섞인 것처럼 들린다고 덧붙였
frege1	330	일일 독해(프레게) Day 330	추운 날 밖에 나가 말을 하면 입 앞에서 하얀 구름 같은 것이 잠깐 보일 때가 있다.이것은 몸속에서 나온 따뜻하고 축축한 공기가 바깥의 더 차가운 공기와 만나며 생기는 변화와 관련이 있다.우리가 내쉬는 숨에는 눈에 
frege1	331	일일 독해(프레게) Day 331	수업이 끝난 뒤 다은은 교실 뒤편 게시판 아래에서 납작하게 눌린 종이별 하나를 발견했다.종이별 한쪽에는 지난 봄 학급 전시 때 붙였던 파란 실이 아직 매달려 있었다.다은은 실 끝을 손가락에 감아 보다가 그 별을 함께
frege1	332	일일 독해(프레게) Day 332	내일 아침 독서 주간 책갈피 나눔 활동에 참여할 학생은 쉬는 시간 전에 도서관 앞 안내판을 먼저 확인해야 한다.안내판에는 모이는 시각과 조별 번호, 그리고 우천 시 바뀌는 장소가 함께 적혀 있다.참가 학생은 집에서 
frege1	333	일일 독해(프레게) Day 333	반 아이들이 발표 연습을 하다가 '-데'와 '-대'를 자주 헷갈렸다.선생님은 '-데'가 직접 겪은 사실을 덧붙이거나 앞의 상황을 이어 말할 때 많이 쓰인다고 설명했다.예를 들어 '교실이 조금 추운데 창문을 닫을까?'
frege1	334	일일 독해(프레게) Day 334	큰 지진이 지나간 뒤에도 땅이 한동안 여러 번 흔들리는 까닭은 땅속의 힘이 한꺼번에 다 풀리지 않기 때문이다.USGS는 큰 지진이 한곳의 돌을 갑자기 움직이면 그 주변 자리들도 새로운 균형을 찾느라 다시 미끄러질 수
frege1	335	일일 독해(프레게) Day 335	소연은 미술 시간이 끝난 뒤 책상 아래에 떨어진 연필만 챙기고 스케치북은 그대로 둔 줄도 모르고 교실을 나왔다.복도 끝에 이르러서야 손이 가볍다는 것을 알아차린 소연은 발걸음을 멈추었다.그 스케치북 첫 장에는 오늘 
frege1	336	일일 독해(프레게) Day 336	내일 과학 동아리에서는 운동장 그림자 길이를 기록하는 짧은 관찰 활동을 한다.참여 학생은 쉬는 시간 종이판, 연필, 자를 챙겨 과학실 앞 복도에 먼저 모여야 한다.출발 전에 진행 도우미가 이름을 확인하고, 기록지와 
frege1	337	일일 독해(프레게) Day 337	반 아이들은 글을 고쳐 쓰다가 '안되다'와 '안 되다'를 자주 헷갈렸다.선생님은 두 표현이 비슷해 보여도 한 덩어리 뜻인지, '안'과 '되다'가 따로 쓰였는지부터 살펴야 한다고 설명했다.먼저 '안되다'는 딱하거나 좋
frege1	338	일일 독해(프레게) Day 338	우주에서는 영화처럼 커다란 폭발이 일어나도 우리가 직접 그 소리를 들을 수 없다.소리가 퍼지려면 공기나 물처럼 흔들림을 옮겨 줄 물질이 필요한데, 우주 공간은 그런 물질이 매우 드물기 때문이다.NASA는 우주가 대부
frege1	339	일일 독해(프레게) Day 339	학교 창고를 정리하던 지우는 맨 아래 칸에서 낡은 손전등 하나를 발견했다.손잡이의 페인트가 벗겨져 있었지만, 옆면에는 할아버지가 적어 둔 작은 별 표시가 아직 남아 있었다.지우는 그 표시를 보자 여름마다 옥상에 올라
frege1	340	일일 독해(프레게) Day 340	학교 과학 동아리에서는 금요일 저녁에 운동장 뒤 관찰 데크에서 별자리 관찰회를 연다.참가 학생은 시작 10분 전까지 과학실 앞에 모여 이름을 확인하고 붉은 셀로판지를 씌운 손전등을 하나씩 받는다.관찰 장소로 이동한 
frege1	341	일일 독해(프레게) Day 341	말끝을 공손하게 말할 때 많은 학생이 '아니예요'와 '아니에요'를 자주 헷갈린다.겉으로 보면 '예요'가 더 익숙해 보여서 틀린 줄 모르고 쓰는 경우도 많다.하지만 '아니에요'는 형용사처럼 쓰이는 '아니다'에서 온 말
frege1	342	일일 독해(프레게) Day 342	밤하늘에는 수많은 별이 떠 있지만, 낮이 되면 대부분의 별은 갑자기 사라진 것처럼 보인다.별빛이 낮에 완전히 꺼지는 것은 아니고, 우리 눈에 닿기 전에 태양빛이 하늘 전체에 더 강하게 퍼지기 때문이다.낮 동안 공기 
frege1	343	일일 독해(프레게) Day 343	지안은 할머니 댁 다락을 정리하다가 낡은 풍등 하나를 발견했다.종이 면에는 오래전 겨울 축제 날짜와 함께 작은 별무늬가 연필로 그려져 있었다.지안은 그 그림을 보는 순간, 눈이 많이 오던 날 아버지와 언덕에 올라 풍
frege1	344	일일 독해(프레게) Day 344	다음 주 수요일에는 학교 도서관에서 학급별 읽기 나눔 전시를 연다.전시에 참여하는 학생은 아침 자습 전까지 도서관 앞 안내판에서 자기 조 번호와 맡은 역할을 먼저 확인해야 한다.각 조는 소개 카드, 추천 문장 표지,
frege1	345	일일 독해(프레게) Day 345	글을 쓰다 보면 '띄우다'를 '띠우다'로 적는 실수를 자주 본다.발음이 비슷해 보여서 두 낱말이 모두 맞는 것처럼 느끼기 쉽기 때문이다.하지만 풍등을 하늘로 올리거나, 종이를 물에 뜨게 하거나, 글자 사이를 벌려 적
frege1	346	일일 독해(프레게) Day 346	빨래가 바깥에서 마르는 까닭은 옷감 속 물이 공기 중으로 조금씩 날아가기 때문이다.이때 물이 공기 속으로 바뀌어 흩어지는 과정을 증발이라고 한다.햇빛이 강하면 옷감과 물이 더 빨리 따뜻해져서 물이 공기 중으로 나가기
frege1	347	일일 독해(프레게) Day 347	민서는 과학실 창가에 놓인 작은 모형 배를 보며 발표 연습을 했다.다음 날 수업에서 물의 움직임을 설명해야 했지만, 친구들 앞에 서면 목소리가 자꾸 작아질까 봐 걱정되었다.그래서 민서는 준비해 온 원고를 한 줄씩 짚
frege1	348	일일 독해(프레게) Day 348	이번 주 금요일 방과 후에는 학교 텃밭 기록 도우미 활동이 열린다.참가한 학생은 과학실 앞 복도에서 기록판과 연필, 이름표를 먼저 받아야 한다.이름표를 받으면 바로 텃밭으로 내려가지 말고, 복도 끝 게시판에 적힌 조
frege1	349	일일 독해(프레게) Day 349	글을 쓰다 보면 '잠간'을 맞는 표기처럼 적는 경우를 자주 본다.하지만 표준어는 '잠깐'이며, 아주 짧은 동안을 뜻할 때 이 형태를 쓴다.말할 때 받침 소리가 약하게 들려 두 말이 비슷해 보여도, 표기는 뜻을 드러내
frege1	350	일일 독해(프레게) Day 350	추운 날 창문 안쪽에 물방울이 맺히는 모습을 자주 본다.이것은 유리 가까이 닿은 공기가 차가워지면서 공기 속 수증기가 작은 물방울로 바뀌기 때문이다.공기에는 눈에 보이지 않는 수증기가 섞여 있는데, 따뜻한 공기일수록
frege1	351	일일 독해(프레게) Day 351	민서는 낭송회 연습을 마치고 빈 교실 뒤편에 남아 제목판을 다시 펴고 있었다.방금 전까지 환하게 웃던 민서는 종이 가장자리가 구겨진 것을 보고 자꾸 손끝만 만졌다.내일 아침 무대 앞에 세울 판이라, 작은 자국도 크게
frege1	352	일일 독해(프레게) Day 352	내일 낭송회 무대 정리 도우미는 오전 8시 10분까지 시청각실 앞에 모입니다.도우미는 제목판, 순서판, 바닥 표시 테이프를 먼저 확인한 뒤 담당표를 받습니다.제목판에 구김이 있으면 물티슈로 문지르지 말고 마른 종이와
frege1	353	일일 독해(프레게) Day 353	글을 쓰다 보면 '읽을수있다'처럼 한데 붙여 적는 경우를 자주 본다.하지만 여기의 '수'는 스스로 뜻을 가지기보다 앞말과 이어 가능함을 나타내는 의존 명사이므로 띄어 써야 한다.그래서 '읽을 수 있다', '도울 수 
frege1	354	일일 독해(프레게) Day 354	일기예보에서 강수 확률 30퍼센트라는 말을 들으면, 많은 사람이 하루의 30퍼센트 동안만 비가 온다고 오해하곤 한다.하지만 강수 확률은 일정한 시간 동안 예보 구역의 한 지점에 비나 눈이 실제로 내릴 가능성을 뜻한다
frege1	355	일일 독해(프레게) Day 355	체육관 복도 끝에서 수아는 축제 길잡이 판을 들고 한참 서 있었다.아침에 붙인 별 모양 스티커가 한쪽만 비뚤어져 보여 자꾸 눈에 밟혔다.오늘은 반마다 손님을 맞는 자리까지 맡아야 해서, 작은 어긋남도 크게 느껴졌다.
frege1	356	일일 독해(프레게) Day 356	학교 축제 안내판 설치 도우미는 시작 10분 전에 3층 준비실 앞에 모여야 한다.도우미는 이름표를 받고, 맡은 구역의 안내판과 테이프, 예비 종이를 함께 확인한다.안내판은 복도 모서리나 계단 앞처럼 사람들이 방향을 
frege1	357	일일 독해(프레게) Day 357	글을 쓰다 보면 '본데로', '들은데로'처럼 적은 문장을 자주 만나게 된다.하지만 이런 자리에서 바른 말은 '본 대로', '들은 대로'이다.'대로'는 앞에서 말한 모양이나 상태와 같음을 나타낼 때 쓰이므로, '본 그
frege1	358	일일 독해(프레게) Day 358	별똥별을 보러 간다고 하면 많은 사람은 해가 막 진 뒤가 가장 좋은 때라고 생각한다.하지만 유성은 대체로 자정이 지난 뒤부터 새벽 사이에 더 잘 보이는 편이다.그 까닭은 밤이 깊을수록 하늘이 더 어두워지는 데만 있지
frege1	359	일일 독해(프레게) Day 359	도서관 앞 복도에서 지안은 전시 제목판을 두 손으로 붙잡은 채 한참 움직이지 못했다.아침에 맞춰 둔 글자 줄이 한쪽으로 조금 기울어 보여, 손님이 오기 전에 고쳐야 한다는 생각만 더 커졌다.지안은 가장자리 종이를 살
frege1	360	일일 독해(프레게) Day 360	복도 전시 제목판을 맡은 도우미는 시작 15분 전에 안내 상자와 점스티커를 들고 전시 구역에 모인다.먼저 제목판, 설명 카드, 날짜표가 놓일 자리를 바닥 표시선에 맞춰 가볍게 확인한다.제목판을 벽에 붙일 때는 가까이
frege1	361	일일 독해(프레게) Day 361	지호는 운동회 안내문을 쓰다가 바치다와 받치다가 자꾸 헷갈렸다.두 말은 소리가 비슷하지만 가리키는 뜻이 서로 다르다.바치다는 정성을 들여 윗사람이나 어떤 대상에게 드리거나, 힘과 시간을 아낌없이 내놓는 일을 뜻한다.
frege1	362	일일 독해(프레게) Day 362	달 표면은 같은 곳이라도 낮과 밤의 온도 차가 매우 크다.낮에는 햇빛을 오래 직접 받아 뜨거워지고, 밤에는 빠르게 식어 몹시 차가워진다.온도계로 재면 같은 흙과 돌도 햇빛 아래와 그늘 아래에서 큰 차이를 보인다.이렇
frege1	363	일일 독해(프레게) Day 363	준호는 과학실 앞 게시판에 붙일 관찰 기록표를 들고 복도 끝에 서 있었다.아침부터 적어 둔 제목 줄이 자꾸 아래로 기울어 보여, 친구들이 보기 전에 다시 맞추고 싶었다.준호는 오른쪽 모서리를 조금 올리면 될 거라고 
frege1	364	일일 독해(프레게) Day 364	학교 숲 관찰 기록 활동에 참여하는 학생은 시작 10분 전에 과학실 앞 준비 구역에 모인다.도착하면 이름표를 받고, 관찰 기록지와 연필, 돋보기가 빠짐없이 있는지 먼저 확인한다.기록지는 아무 곳에서나 쓰지 말고, 배
frege1	365	일일 독해(프레게) Day 365	글을 읽다 보면 '밖에'가 들어간 문장을 자주 만나게 된다.이때 '밖에'는 어떤 수나 범위를 정해 두고, 그보다 더 보탤 것이 없다는 뜻을 드러낼 때 많이 쓰인다.예를 들어 '연필이 한 자루밖에 없다'라고 하면, 연
frege2	1	일일 독해(프레게) Day 1	글을 쓰다 보면 '웬'과 '왠지'를 헷갈려 모두 '왠'으로 적는 사람이 많다.하지만 표준 표현에서 '왠'이 홀로 쓰이는 경우는 거의 없고, 보통 '왜인지'가 줄어든 '왠지'에서만 자연스럽다.그래서 '웬일이야', '웬
frege2	2	일일 독해(프레게) Day 2	물이 끓는 온도는 언제나 100도라고 외우기 쉽지만, 실제 끓는점은 주변의 기압에 따라 달라진다.물이 끓는다는 것은 액체 속에서 생긴 수증기 방울이 눌리지 않고 자라 올라오는 상태를 뜻한다.바다 가까이처럼 공기가 누
frege2	3	일일 독해(프레게) Day 3	다인은 과학 전시회를 하루 앞두고 설명 카드 상자를 다시 열어 보다가 자기 이름표 아래에 접힌 쪽지 하나를 발견했다.쪽지 첫 줄에는 큼직하게 '다시 보자'라고 적혀 있어서, 그는 처음에 민서가 카드 문장을 전부 고치
frege2	4	일일 독해(프레게) Day 4	내일 열리는 교내 길잡이 활동에 참여하는 학생은 시작 전에 준비물 바구니와 안내판 위치를 먼저 확인해야 한다.활동은 운동장 입구에서 모여 두 조로 나뉘어 진행되므로, 이름표를 받은 뒤 곧바로 자기 조 색깔과 출발 순
frege2	5	일일 독해(프레게) Day 5	구름은 모양만으로 나뉘는 것처럼 보이지만, 실제로는 하늘의 어느 높이에서 생겼는지도 함께 살핀다.지표 가까운 낮은 곳은 공기가 비교적 따뜻하고 물방울이 액체 상태로 남기 쉬워, 넓게 퍼진 층구름이나 솜뭉치 같은 적운
frege2	6	일일 독해(프레게) Day 6	소라는 과학 시간마다 운동장 하늘을 그려서 구름 일기를 만들었다.맑은 날뿐 아니라 흐린 날의 모양까지 이어 적어야 다음 장과 제대로 비교할 수 있다고 믿었기 때문이다.어느 날 점심 뒤 하늘이 갑자기 잿빛으로 흐려지자
frege2	7	일일 독해(프레게) Day 7	맑은 밤 운동장에 서서 한참 하늘을 보면 별자리가 조금씩 옆으로 밀리는 듯 보인다.별이 스스로 밤새 자리를 바꾸는 것처럼 느껴지지만, 실제로 크게 움직이는 쪽은 우리 쪽이다.지구가 서쪽에서 동쪽으로 한 바퀴 돌기 때
frege2	8	일일 독해(프레게) Day 8	축제 전날, 세나는 옥상 별자리 부스 안내판에 붙일 종이를 들고 동아리실로 뛰어 들어갔다.그런데 먼저 와 있던 지후는 말없이 종이 끝을 몇 번씩 눌러 접고 또 펴 보며 창가 쪽만 자꾸 살폈다.세나는 지후가 일을 바로
frege2	9	일일 독해(프레게) Day 9	등산로 안내판 옆에 붙은 지형도를 보면 구불구불한 선이 여러 겹 겹쳐 있는 모습을 볼 수 있다.처음 보면 길 표시처럼 보이기도 하지만, 그 선은 산의 높낮이를 읽게 해 주는 중요한 단서다.이 선은 등고선이라고 하며,
frege2	10	일일 독해(프레게) Day 10	저녁 자율학습이 끝난 뒤, 나연은 외할머니와 함께 골목 끝 버스정류장까지 걸어가기로 했다.그런데 외할머니는 평소보다 더 천천히 걷다가도 가로등 아래에 서서 바닥을 한참 내려다보곤 했다.나연은 버스 시간이 늦어질까 봐
frege2	11	일일 독해(프레게) Day 11	도시 밤하늘에서는 시골보다 별이 훨씬 적게 보이는 것처럼 느껴져, 같은 계절에도 하늘 지도가 전혀 다르게 보이곤 한다.그 까닭은 길거리 간판과 아파트 창문, 운동장 조명에서 나온 불빛이 공기 속 먼지와 물방울에 부딪
frege2	12	일일 독해(프레게) Day 12	운동회가 끝난 뒤 민서는 과학 전시 부스에 붙일 별자리 지도를 걷어 오라는 부탁을 받고 혼자 강당으로 향했다.낮에 보았을 때는 넓기만 하던 강당이 해가 기운 뒤에는 의자 그림자가 길게 누워 있어 낯선 곳처럼 보였다.
frege2	13	일일 독해(프레게) Day 13	혜성을 보면 긴 꼬리가 항상 뒤로 끌리는 것처럼 보이지만, 사실 그 꼬리는 혜성이 나아가는 방향이 아니라 태양의 반대쪽을 향한다.혜성이 태양 가까이 다가가면 얼음과 먼지가 열을 받아 기체와 가루로 풀려 나오고, 이것
frege2	14	일일 독해(프레게) Day 14	운동회가 끝난 뒤 민서는 과학 전시 부스에 붙일 별자리 지도를 걷어 오라는 부탁을 받고 혼자 강당으로 향했다.낮에 보았을 때는 넓기만 하던 강당이 해가 기운 뒤에는 의자 그림자가 길게 누워 있어 낯선 곳처럼 보였다.
frege2	15	일일 독해(프레게) Day 15	강이 넓은 평지를 흐를 때 물길이 구불구불해지는 곳을 곡류라고 한다.처음에는 작은 굽이 하나가 생기지만, 물이 한쪽 둑으로 조금 더 밀리기 시작하면 다음 물줄기도 그쪽으로 쏠려 차이가 점점 커진다.굽이의 바깥쪽은 물
frege2	16	일일 독해(프레게) Day 16	은호는 과학 전시회에 낼 하천 모형 판 앞에 쪼그려 앉아 파란 종이띠를 천천히 굽히고 있었다.강이 왜 곧지 않고 구불구불해지는지 보여 주려고, 그는 굽이 바깥쪽에는 짙은 갈색 흙을 붙이고 안쪽에는 노란 모래를 뿌려 
frege2	17	일일 독해(프레게) Day 17	우리가 쓰는 달력은 한 해를 보통 365일로 적지만, 지구가 태양을 한 바퀴 도는 데에는 그보다 약 여섯 시간 더 긴 시간이 걸린다.미국 해군천문대는 해마다 이렇게 남는 시간이 달력 밖으로 조금씩 밀려난다고 설명한다
frege2	18	일일 독해(프레게) Day 18	서윤은 학급 달력 꾸미기 숙제를 하며 2월 칸을 오래 들여다보고 있었다.사흘 뒤면 사촌 누나 지후의 생일인데, 올해 달력에는 29일이 없었기 때문이다.작년까지는 가족들이 웃으며 하루 일찍 케이크를 자르거나 하루 늦게
frege2	19	일일 독해(프레게) Day 19	바닷물이 하루에도 여러 번 높아졌다 낮아지는 현상을 조석이라고 한다. 조석은 주로 달의 끌어당김과 지구가 함께 도는 움직임 때문에 생긴다. 달 쪽 바다는 달의 힘을 더 크게 받아 물이 바깥으로 불룩해진다. 반대쪽 바
frege2	20	일일 독해(프레게) Day 20	토요일 갯벌 체험을 앞두고 민서는 안내판 아래에 조석표를 다시 붙이고 있었다. 아침부터 바람이 세게 불어 종이가 자꾸 들썩이자, 민서는 모서리를 몇 번이고 눌러 가며 시간을 확인했다. 할아버지는 밀물이 빨라지는 날에
frege2	21	일일 독해(프레게) Day 21	개기일식과 금환일식은 모두 달이 태양 앞을 지나며 시작된다. 겉으로 보면 두 현상 다 해가 가려지는 장면이라 얼핏 비슷해 보인다. 하지만 둘을 가르는 기준은 하늘에서 보이는 달의 겉보기 크기다. 태양은 실제로 훨씬 
frege2	22	일일 독해(프레게) Day 22	서진은 과학관 앞에서 일식 관찰 부스를 맡게 되자 하람과 함께 종이 상자를 들고 운동장으로 나갔다. 두 사람은 태양을 직접 보지 말라는 안내문을 먼저 함께 큰 소리로 읽었다. 하람은 작은 구멍을 낸 상자를 바닥 쪽으
frege2	23	일일 독해(프레게) Day 23	태풍이 아주 강해질수록 가운데에는 둥근 빈자리처럼 보이는 눈이 생기기도 한다. 처음 듣는 사람은 바람이 가장 센 곳이 가운데일 거라고 짐작하기 쉽다. 하지만 실제로는 눈을 둘러싼 눈벽에서 가장 거센 비와 바람이 몰아
frege2	24	일일 독해(프레게) Day 24	민서는 마을 체육관 임시 쉼터 한쪽에서 젖은 수건을 접으며 창문 쪽을 힐끗거렸다. 한 시간 전까지만 해도 문이 흔들릴 만큼 몰아치던 바람이 거짓말처럼 잠잠해졌기 때문이다. 준호는 밖이 조용해지자 마당에 두고 온 축구
frege2	25	일일 독해(프레게) Day 25	태풍이 아주 강해질수록 가운데에는 둥근 빈자리처럼 보이는 눈이 생기기도 한다. 처음 듣는 사람은 바람이 가장 센 곳이 가운데일 거라고 짐작하기 쉽다. 하지만 실제로는 눈을 둘러싼 눈벽에서 가장 거센 비와 바람이 몰아
frege2	26	일일 독해(프레게) Day 26	민서는 마을 체육관 임시 쉼터 한쪽에서 젖은 수건을 접으며 창문 쪽을 힐끗거렸다. 한 시간 전까지만 해도 문이 흔들릴 만큼 몰아치던 바람이 거짓말처럼 잠잠해졌기 때문이다. 준호는 밖이 조용해지자 마당에 두고 온 축구
frege2	27	일일 독해(프레게) Day 27	해 질 무렵 서쪽 하늘이 붉어 보이면 많은 사람은 태양이 스스로 붉은빛을 더 내는 것처럼 느낀다. 하지만 태양빛 자체가 갑자기 달라지는 것은 아니다. 낮 동안 머리 위를 지나오던 빛은 우리 눈까지 오기 전에 비교적 
frege2	28	일일 독해(프레게) Day 28	방과 후 과학실 창가에 서 있던 지우는 운동장 끝 하늘이 유난히 붉어지자 색연필 상자를 다시 열었다. 오늘은 미술 시간에 본 노을색을 기억해 두었다가 내일 과학 게시판 배경을 칠하기로 한 날이었다. 하지만 친구 민호
frege2	29	일일 독해(프레게) Day 29	비 온 뒤 무지개를 보려면 먼저 해가 내 뒤쪽에 있어야 한다. 많은 사람은 무지개가 구름 앞에 걸린 색띠라고 여기지만, 실제로는 공기 중 물방울이 햇빛을 굽히고 되돌려 보낸 결과다. 햇빛이 빗방울 안으로 들어가면 방
frege2	30	일일 독해(프레게) Day 30	학교 과학 축제를 하루 앞두고 소연은 복도 끝 전시대 앞에 투명한 빗물통 모형을 나란히 세웠다. 아버지가 버린 플라스틱 병으로 만든 통이어서 반짝이 장식을 붙이면 더 눈에 띌 것 같았다. 그런데 옆에서 줄자를 들고 
frege2	31	일일 독해(프레게) Day 31	오로라는 태양에서 나온 입자들이 지구 주변으로 날아와 높은 하늘의 공기와 부딪칠 때 나타나는 빛이다. 많은 사람은 북쪽 하늘이 특별한 색을 스스로 품고 있어서 오로라가 생긴다고 여기지만, 실제로는 태양과 지구 자기장
frege2	32	일일 독해(프레게) Day 32	겨울 방학이 시작되기 전날, 지우는 과학실 복도 끝에 걸린 북쪽 하늘 사진 앞에서 한참을 서 있었다. 사진 속에는 초록빛 천이 물결치듯 접혀 있었지만, 처음 본 친구들은 그저 흐린 구름 아니냐고 고개를 갸웃했다. 담
frege2	33	일일 독해(프레게) Day 33	해무리와 달무리는 해나 달 둘레에 둥근 빛테가 나타나는 현상이다. 많은 사람은 그 빛테가 구름 사이로 번진 빛이라고 여기지만, 실제로는 높은 하늘의 아주 작은 얼음 결정이 빛을 굽히며 생긴다. 이런 현상은 주로 권층
frege2	34	일일 독해(프레게) Day 34	윤서는 과학관 복도 창가에 붙일 해무리 사진 설명판을 맡고도 한동안 제목만 만지작거렸다. 어제 운동장에서 해 둘레에 흐릿한 고리가 떴을 때 친구들은 모두 '비 오기 직전이래' 하며 떠들었고, 윤서는 그 말만 크게 적
frege2	35	일일 독해(프레게) Day 35	바닷물도 충분히 차가워지면 얼지만, 민물보다 더 낮은 온도에서 얼기 시작한다. 미국 해양대기청은 민물이 섭씨 0도에서 어는 데 비해 바닷물은 보통 섭씨 영하 2도에 가까운 온도에서 언다고 설명한다. 그 까닭은 바닷물
frege2	36	일일 독해(프레게) Day 36	민서는 과학실 창가에 놓인 두 컵을 번갈아 보며 메모지를 만지작거렸다. 한 컵에는 맹물이, 다른 컵에는 소금을 푼 물이 담겨 있었고, 둘 다 같은 시간에 냉동 칸에서 꺼낸 참이었다. 발표 순서를 맡은 민서는 당연히 
frege2	37	일일 독해(프레게) Day 37	많은 사람은 달의 뒷면을 들으면 햇빛이 전혀 닿지 않는 어두운 면을 먼저 떠올린다. 하지만 미국 항공우주국은 달의 뒷면도 달의 앞면처럼 낮과 밤을 번갈아 겪는다고 설명한다. 우리가 지구에서 늘 비슷한 면만 보는 까닭
frege2	38	일일 독해(프레게) Day 38	지우는 과학관 체험 날에 전시실 앞 안내판 제목을 맡고도 분필 끝만 자꾸 돌렸다. 달 모형 옆 카드 맨 위에는 누군가 이미 달의 뒷면은 언제나 어둡다라고 적어 두었다. 친구들은 그 문장을 읽고 신비하다며 웃었지만, 
frege2	39	일일 독해(프레게) Day 39	여름 저녁에 도심을 걸어 보면 같은 지역이라도 공원 옆보다 아스팔트 길이 더 오래 뜨거운 때가 많다. 미국 항공우주국과 미국 환경보호청은 이런 현상을 도시 열섬이라고 설명한다. 도시에는 흙과 풀밭 대신 아스팔트, 콘
frege2	40	일일 독해(프레게) Day 40	민서는 학교 여름 축제에서 쉬는 자리 안내판을 맡고도 운동장 한가운데를 크게 동그라미 친 채 한참 지우개를 굴렸다. 지난 연습 날, 친구들은 아스팔트 위 돗자리보다 느티나무 그늘 아래가 훨씬 덜 후끈하다고 말했다. 
frege2	41	일일 독해(프레게) Day 41	동굴에 처음 들어간 사람들은 천장에서 아래로 뻗은 뾰족한 돌기와 바닥에서 위로 자라는 돌기부터 눈에 띈다. 미국 국립공원관리청은 천장에서 내려오는 것은 종유석, 바닥에서 자라는 것은 석순이라고 설명한다. 둘은 갑자기
frege2	42	일일 독해(프레게) Day 42	서현은 학교 과학관 체험부스에서 동굴 모형 설명판을 맡고도 천장과 바닥을 번갈아 보며 색연필만 만지작거렸다. 안내문 초안에는 뾰족한 돌기들을 모두 종유석이라고 적어 두었는데, 바닥에서 자라는 것도 한 줄에 함께 묶여
frege2	43	일일 독해(프레게) Day 43	비가 그친 뒤 해를 등지고 서 있으면 빗방울 쪽 하늘에 둥근 빛띠가 보일 때가 있다. 미국 기상청은 무지개가 햇빛이 빗방울 안으로 들어가며 꺾이고, 안쪽에서 한 번 반사된 뒤 다시 나오면서 색이 갈라져 보이는 현상이
frege2	44	일일 독해(프레게) Day 44	서준은 과학 축제 전날 체육관 복도에 세울 쌍무지개 설명판 앞에서 분필을 쥔 채 한동안 서 있었다. 친구들은 바깥쪽 무지개도 안쪽과 같은 색 순서라고 적어 두고, 흐리기만 할 뿐 거의 같은 띠라고 설명해 놓았다. 서
frege2	45	일일 독해(프레게) Day 45	번개가 번쩍인 뒤 천둥이 나중에 들리는 까닭은 빛과 소리의 이동 속도가 크게 다르기 때문이다. 미국 기상청은 번개 빛은 거의 즉시 눈에 닿지만, 천둥소리는 공기를 흔들며 퍼져 훨씬 천천히 도착한다고 설명한다. 그래서
frege2	46	일일 독해(프레게) Day 46	민재는 과학관 체험 주간에 붙일 번개 안전 안내판 앞에서 분필을 든 채 한동안 서 있었다. 친구들은 번개를 본 뒤 천둥이 늦게 들리면 그만큼 더 밖에 있어도 된다는 식으로 적어 두었다. 민재는 지난 수업에서 천둥이 
frege2	47	일일 독해(프레게) Day 47	지진이 나면 땅속에서는 여러 종류의 흔들림이 퍼져 나간다.그중 가장 먼저 도착하는 것은 P파인데, 바위를 앞뒤로 밀고 당기듯 지나간다.P파는 속도가 빨라서 지진계 기록에서 맨 앞에 작은 움직임으로 나타나는 일이 많다
frege2	48	일일 독해(프레게) Day 48	서윤은 과학실 전시판 앞에서 지진계 그림을 오래 바라보았다.선이 먼저 조금 흔들리고, 그다음에 크게 출렁이는 그림 아래에는 빠른 파와 느린 파를 구분해야 한다는 설명이 붙어 있었다.하지만 마지막 줄에는 두 파의 차이
frege2	49	일일 독해(프레게) Day 49	사막은 낮에는 몹시 덥고 밤에는 생각보다 차가워질 수 있다.낮 동안에는 구름이 적고 햇빛을 가릴 것이 드물어 땅이 빠르게 달아오른다.모래와 바위가 뜨거워지면 그 열이 가까운 공기에도 퍼져 기온이 크게 오른다.사막 공
frege2	50	일일 독해(프레게) Day 50	민서는 자연관 해설판 앞에서 사막 그림을 한참 바라보았다.노란 모래 언덕 아래에는 사막은 늘 뜨겁기만 한 곳이라 밤에도 두꺼운 겉옷은 필요 없다는 문장이 적혀 있었다.민서는 지난주 과학 시간에 사막은 공기가 매우 건
frege2	51	일일 독해(프레게) Day 51	산에 오르면 같은 길을 걷는데도 평지보다 숨이 더 차다고 느끼는 사람이 많다.높은 곳으로 갈수록 머리 위를 누르는 공기의 힘이 약해지고 공기 분자도 더 퍼져 있다.공기 속 산소의 비율 자체가 크게 달라지는 것은 아니
frege2	52	일일 독해(프레게) Day 52	도윤은 산책로 입구 안내판 앞에서 등산 준비 문장을 읽다가 발걸음을 멈췄다.안내판에는 높은 곳에서 숨이 차더라도 조금만 참으면 곧 익숙해지니 속도를 줄일 필요는 없다고 적혀 있었다.도윤은 지난 체험학습에서 높은 곳에
frege2	53	일일 독해(프레게) Day 53	바닷가에서는 하루 동안 바람 방향이 조금 달라지는 일을 자주 볼 수 있다.낮에는 햇빛을 받은 땅이 바다보다 더 빨리 뜨거워진다.그러면 육지 위 공기가 먼저 따뜻해져 위로 올라가고, 바다 쪽의 비교적 서늘한 공기가 그
frege2	54	일일 독해(프레게) Day 54	가람은 해양관 입구 안내판 앞에서 바닷가 바람 설명을 읽다가 걸음을 멈췄다.안내판에는 낮에는 육지에서 바다로, 밤에는 바다에서 육지로 바람이 분다고 적혀 있었다.가람은 수업에서 낮에는 해풍, 밤에는 육풍이 생긴다고 
frege2	55	일일 독해(프레게) Day 55	해가 지면 낮 동안 데워졌던 땅과 건물은 다시 열을 밖으로 내보낸다.이때 하늘이 맑으면 지표에서 빠져나간 열이 구름에 막히지 않고 위쪽으로 더 쉽게 흩어진다.그래서 맑은 밤에는 낮보다 기온이 빠르게 떨어지는 일이 자
frege2	56	일일 독해(프레게) Day 56	연우는 과학 캠프 안내판 앞에서 밤 기온 설명을 읽다가 발을 멈추었다.안내판에는 구름이 많을수록 밤공기가 더 빨리 식는다고 적혀 있었다.연우는 전날 맑은 밤에 운동장이 더 차갑게 느껴졌던 일을 떠올렸다.같이 서 있던
frege2	57	일일 독해(프레게) Day 57	월식은 지구가 태양과 달 사이에 들어서면서 달로 가는 햇빛을 가릴 때 일어난다.특히 달 전체가 지구의 본그림자에 들어가면 개기월식이 된다.이때 달이 완전히 사라지는 것처럼 보이지 않고 붉거나 주황빛으로 남아 보일 때
frege2	58	일일 독해(프레게) Day 58	지후는 천문관 입구 안내판에서 월식 설명을 읽다가 고개를 갸웃했다.안내판에는 지구 그림자에 들어간 달은 빛을 전혀 받지 못해 검게 사라진다고 적혀 있었다.지후는 과학 시간에 개기월식의 달이 붉게 보일 수 있다는 말을
frege2	59	일일 독해(프레게) Day 59	혜성은 얼음과 먼지, 작은 돌조각이 함께 뭉친 천체로 알려져 있다.혜성이 태양에서 멀리 있을 때는 어두운 덩어리처럼 보이지만, 태양 가까이 오면 모습이 크게 달라진다.따뜻해진 혜성 표면에서는 얼음이 기체로 바뀌며 먼
frege2	60	일일 독해(프레게) Day 60	도윤은 천문관 복도 끝 혜성 전시판 앞에서 걸음을 멈추었다.전시판에는 혜성 꼬리는 언제나 혜성이 움직이는 뒤쪽으로 길게 늘어진다고 적혀 있었다.도윤은 과학 캠프에서 꼬리가 태양 반대쪽을 향한다는 설명을 들은 일이 바
frege2	61	일일 독해(프레게) Day 61	밤하늘의 별자리는 하루아침에 자리를 크게 바꾸지 않으므로 많은 사람은 늘 같은 하늘이 펼쳐진다고 느낀다.하지만 같은 장소에서 같은 시각에 하늘을 올려다보면 몇 주 뒤에는 다른 별무리가 더 잘 보인다는 사실을 알 수 
frege2	62	일일 독해(프레게) Day 62	민재는 과학관 복도 끝에 붙은 계절별 별자리 안내판을 읽다가 잠깐 걸음을 멈추었다.안내판에는 봄 별자리는 봄밤마다 늘 같은 자리에서만 볼 수 있다고 적혀 있었다.민재는 지난달 관측회에서 같은 별자리가 며칠 뒤 더 이
frege2	63	일일 독해(프레게) Day 63	별은 맑은 밤에도 가만히 서 있기보다 반짝이며 떨리는 것처럼 보일 때가 많다.많은 사람은 별빛이 스스로 깜빡인다고 생각하지만, 실제 원인은 별보다 우리 머리 위의 공기에 더 가깝다.지구 대기에는 온도와 밀도가 조금씩
frege2	64	일일 독해(프레게) Day 64	민재는 과학관 복도 끝에 붙은 계절별 별자리 안내판을 읽다가 잠깐 걸음을 멈추었다.안내판에는 봄 별자리는 봄밤마다 늘 같은 자리에서만 볼 수 있다고 적혀 있었다.민재는 지난달 관측회에서 같은 별자리가 며칠 뒤 더 이
frege2	65	일일 독해(프레게) Day 65	골짜기에서는 맑은 밤이 지난 새벽에 안개가 유난히 잘 끼는 모습을 자주 볼 수 있다.이 현상은 산 사이에 찬 공기가 모이기 쉬운 지형과 깊은 관련이 있다.특히 비가 온 다음 날이 아니어도, 밤사이 지면이 충분히 식으
frege2	66	일일 독해(프레게) Day 66	지안은 새벽 생태 탐방 안내판을 읽다가 골짜기 길 옆에서 걸음을 늦추었다.안내판 첫 줄에는 물가가 가까우면 안개가 생긴다고만 적혀 있었다.지안은 조금 전 전망대에서 위쪽 길은 맑았는데 아래쪽 산길만 뿌옇게 잠긴 모습
frege2	67	일일 독해(프레게) Day 67	많은 사람은 피뢰침이 번개를 가까이 오지 못하게 막아 주는 막대라고 생각한다.하지만 미국 국립번개안전연구소는 피뢰침이 번개를 밀어 내는 물건이라기보다, 번개 전류가 건물에 큰 피해를 주지 않게 흐를 길을 만드는 장치
frege2	68	일일 독해(프레게) Day 68	지후는 과학관 옥상 모형 앞에 선 순간 설명판 첫 줄에서 발걸음을 멈추었다.거기에는 피뢰침이 번개를 건물 가까이 오지 못하게 막아 준다고 적혀 있었다.지후는 지난 체험 수업에서 피뢰침이 번개를 밀어 내는 막대가 아니
frege2	69	일일 독해(프레게) Day 69	기상 관측에 쓰는 풍선은 지상에서 띄울 때보다 높은 하늘로 올라갈수록 점점 더 커진다.많은 사람은 풍선 안에 들어 있는 헬륨이 위로 갈수록 더 많이 생겨서 부풀어 오른다고 생각하지만, 미국 기상청은 바깥 공기의 압력
frege2	70	일일 독해(프레게) Day 70	지우는 과학 전시실 천장에 매달린 기상 풍선 모형을 올려다보다가 설명판 앞에서 걸음을 멈추었다.거기에는 풍선이 높이 올라가면 헬륨이 계속 생겨 더 커진다고 적혀 있었다.지우는 지난 수업에서 바깥 공기가 누르는 힘이 
frege2	71	일일 독해(프레게) Day 71	일기도에서 같은 기압을 이은 선을 등압선이라고 한다.날씨 지도를 보다 보면 어떤 곳은 이 선들이 널찍하게 퍼져 있고, 어떤 곳은 아주 촘촘하게 모여 있는 모습을 볼 수 있다.미국 기상청과 NOAA 교육 자료는 이 간
frege2	72	일일 독해(프레게) Day 72	도윤은 복도 게시판에 붙일 주말 일기도 설명문을 읽다가 손가락을 멈추었다.거기에는 등압선이 모여 있으면 선이 많아 복잡하다는 말만 적혀 있었다.도윤은 지난 동아리 시간에 선이 빽빽한 곳일수록 바람이 더 세질 수 있다
frege2	73	일일 독해(프레게) Day 73	기상청은 더위를 설명할 때 기온만이 아니라 열지수도 함께 살핀다.미국 기상청 자료는 열지수를 공기 온도와 습도를 함께 넣어 계산한 체감 더위라고 설명한다.사람이 더우면 땀을 흘려 몸을 식히는데, 이 땀이 잘 증발해야
frege2	74	일일 독해(프레게) Day 74	은지는 체육관 앞 게시판에 붙은 여름 운동회 안내문을 읽다가 걸음을 멈추었다.안내문에는 낮 최고 기온만 적혀 있었고, 옆에 적힌 열지수 칸은 비어 있었다.민호는 기온이 같으면 더위도 같다고 생각하는 친구들이 많아서 
frege2	75	일일 독해(프레게) Day 75	기상 뉴스에서 태풍이 바다에서 힘을 키운다고 할 때 핵심으로 꼽히는 것은 따뜻한 바닷물이다.미국 해양대기청 자료는 태풍이 강해지려면 넓은 바다에서 많은 열과 수증기를 계속 공급받아야 한다고 설명한다.해수면 온도가 충
frege2	76	일일 독해(프레게) Day 76	지우는 복도 창가에 붙일 태풍 안내문을 들고 과학실 앞에 섰다.종이 첫 줄에는 육지에 올라오면 약해지니 너무 걱정하지 않아도 된다고 적혀 있었다.지우는 그 문장을 읽고 곧바로 펜 끝을 멈추었다.지난여름 동네 하천이 
frege2	77	일일 독해(프레게) Day 77	다음 주 과학 동아리는 운동장 한쪽에 작은 기상 관측 자리를 만들어 하루 동안 날씨를 기록합니다.이번 활동은 기온, 구름 양, 바람 방향처럼 바로 눈으로 살필 수 있는 변화를 같은 기준으로 적어 보는 연습입니다.참가
frege2	78	일일 독해(프레게) Day 78	일기예보에 나오는 기온은 아무 데서나 잰 숫자가 아니다.기상 관측에서는 공기 자체의 온도를 알아야 하므로 햇빛이 기온계에 바로 닿지 않게 한다.만약 센 햇빛을 받은 금속이나 유리 근처에 기온계를 두면 주변 공기보다 
frege2	79	일일 독해(프레게) Day 79	민서는 과학실 앞 복도에 세운 날씨 기록판을 한참 바라보았다.어제까지는 그냥 숫자만 빼곡해 보였는데, 오늘은 아침반과 오후반 온도가 다르게 적힌 줄이 자꾸 눈에 걸렸다.둘 다 틀린 값처럼 보였지만, 담임이 같은 시각
frege2	80	일일 독해(프레게) Day 80	다음 주 과학 주간에는 복도에 지난달 날씨 기록을 모은 작은 전시판을 세웁니다.전시 도우미는 아침 자율 시간에 과학실 앞에 모여 기록표, 제목 카드, 투명 덮개를 먼저 받습니다.이번 활동의 목적은 예쁜 꾸밈보다 기록
frege2	81	일일 독해(프레게) Day 81	학교 방송 원고를 고치던 지우는 '학생로써'라고 적힌 문장을 보고 손을 멈췄다.많은 사람이 '-로써'를 막연히 강조하는 말처럼 여기지만, 이 말은 보통 어떤 일을 하는 수단이나 재료를 나타낼 때 쓴다.그래서 '연필로
frege2	82	일일 독해(프레게) Day 82	하늘을 볼 때 우리는 구름을 모양으로만 구분하기 쉽지만, 기상 관측에서는 높이도 중요한 기준이 된다.같은 하늘에 떠 있어도 구름이 자리한 높이에 따라 공기의 온도와 수증기 상태가 달라지기 때문이다.아주 높은 곳의 차
frege2	83	일일 독해(프레게) Day 83	과학관 복도 끝에 새로 붙은 구름 분류판 앞에서 하린은 한참 발을 떼지 못했다.사진 아래에는 권운, 층운, 적운이라는 이름이 차례로 적혀 있었지만, 설명문 한 줄이 자꾸 마음에 걸렸다.그 문장에는 높이만 알면 구름의
frege2	84	일일 독해(프레게) Day 84	구름 관찰 활동 도우미는 시작 10분 전에 과학실 앞 게시판으로 모여 관찰표와 구름 이름 카드, 붙임용 표지를 먼저 받는다.이번 활동의 목적은 사진처럼 예쁜 모양만 고르는 일이 아니라, 구름이 떠 있는 높이와 모양을
frege2	85	일일 독해(프레게) Day 85	글을 고칠 때 '밖에'와 '뿐'은 비슷해 보여 자주 헷갈린다.밖에는 '그것 말고는'이라는 뜻을 더하며, 뒤에 안, 못, 없다 같은 부정 표현이 이어질 때가 많다.그래서 '물밖에 없다'는 물 외에는 다른 것이 없다는 
frege2	86	일일 독해(프레게) Day 86	달력은 해마다 365일로 보이지만, 지구가 태양을 한 바퀴 도는 데 걸리는 시간은 정확히 365일이 아니다.실제로는 365일보다 조금 더 길어 약 365일 6시간쯤 걸리므로, 남는 시간이 해마다 조금씩 쌓인다.이 남
frege2	87	일일 독해(프레게) Day 87	달력 전시를 준비하던 수빈은 교실 뒤 게시판 앞에서 자꾸 발걸음을 멈추었다.반 친구들이 만든 달력장 사이에 2월은 스물여덟 칸만 그려져 있었고, 맨 아래 설명에는 해마다 365일이 꼭 맞는다고 적혀 있었다.수빈은 지
frege2	88	일일 독해(프레게) Day 88	윤년 달력 만들기 활동 도우미는 시작 10분 전에 과학실 앞 게시판으로 모여 달력판, 날짜 스티커, 설명 카드, 가위와 풀을 먼저 받는다.이번 활동의 목적은 날짜 칸을 예쁘게 채우는 데 있지 않고, 왜 어떤 해에는 
frege2	89	일일 독해(프레게) Day 89	운동회 퀴즈 준비를 맡은 지민은 문제지를 고치다가 '답을 맞추다'와 '과녁을 맞히다'를 자꾸 헷갈린다는 친구들 말을 들었다.둘은 소리가 비슷해 보여도 두 말이 가리키는 움직임이 다르다는 점부터 나눠 생각하기로 했다.
frege2	90	일일 독해(프레게) Day 90	비가 그친 뒤 가끔 하늘에 무지개가 두 줄로 보이면 많은 사람은 같은 무지개가 흐리게 한 번 더 비친다고 생각한다.하지만 바깥쪽에 보이는 두 번째 무지개는 첫 번째와 같은 길을 그대로 되풀이한 그림자가 아니다.첫 번
frege2	91	일일 독해(프레게) Day 91	과학 체험 날을 앞두고 서연은 운동장 가장자리에 세워 둘 해시계 판을 들고 나갔다.판 한가운데 세운 막대 그림자는 오전 햇빛 아래 길게 눕고 있었고, 준호는 그 선만 따라 그리면 하루 내내 시간이 맞을 거라고 말했다
frege2	92	일일 독해(프레게) Day 92	내일 과학 시간에는 운동장 해시계 관찰 활동을 조별로 차분히 진행한다.참가 학생은 시작 10분 전까지 과학실 앞 바구니에서 관찰 판과 짧은 막대, 기록 카드를 받아 운동장 남쪽 선으로 모인다.해가 눈부실 수 있으므로
frege2	93	일일 독해(프레게) Day 93	축제 준비를 돕던 민서는 안내문에 쟁반을 바치고 오세요라고 적힌 문장을 보고 바로 표시를 해 두었다.민수가 물건을 받드는 일과 마음이나 예물을 드리는 일을 같은 말로 쓰면 뜻이 크게 달라진다고 했기 때문이다.바치다는
frege2	94	일일 독해(프레게) Day 94	하늘에 흰 선이 보이면 사람들은 비행기가 연기를 뿌렸다고 생각하기 쉽다.그러나 비행운은 주로 아주 차갑고 습한 높은 하늘에서 비행기 엔진의 뜨거운 수증기가 식으며 생기는 얼음 알갱이 줄이다.엔진에서 나온 수증기만 모
frege2	95	일일 독해(프레게) Day 95	축제 전날 지우는 복도 끝 전시판 앞에서 색이 바랜 파란 표찰 하나를 오래 들여다보았다.표찰에는 별빛 우체통이라고 적혀 있었지만, 지우는 그 이름이 작년 겨울 자신이 몰래 적어 두었던 문장과 닮아 있어 금방 손을 떼
frege2	96	일일 독해(프레게) Day 96	내일 미술관 체험 시간에는 복도 전시판 표찰 정리 활동을 두 사람씩 짝을 지어 진행한다.참가 학생은 시작 10분 전까지 준비 상자에서 새 표찰 종이, 작은 집게, 보관 봉투를 받아 전시판 앞 조별 자리로 모인다.활동
frege2	97	일일 독해(프레게) Day 97	과학 전시 준비를 하던 윤서는 안내 카드에 선생님이 별자리를 가리쳐 주셨다라고 적힌 문장을 보고 잠시 멈추었다.민호는 망원경 쪽을 손으로 짚어 보인 일과 별자리 이름과 찾는 법을 알려 준 일을 같은 말로 쓰면 뜻이 
frege2	98	일일 독해(프레게) Day 98	화성을 붉은 행성이라고 부르는 까닭은 표면을 덮은 먼지와 돌에 녹슨 쇠와 비슷한 성분이 많기 때문이다.이 성분은 철이 산소와 만나 만들어진 철 산화물인데, 빛을 받을 때 붉거나 주황빛이 도드라져 보이게 한다.그래서 
frege2	99	일일 독해(프레게) Day 99	전시회를 하루 앞둔 오후, 서연은 과학실 창가에 세운 판넬 앞에서 제목 카드를 세 번째로 다시 붙였다.비에 젖은 운동장 사진 아래에 적은 짧은 설명이 너무 딱딱해서, 보는 친구들이 금방 지나칠 것 같았기 때문이다.서
frege2	100	일일 독해(프레게) Day 100	내일 과학 전시 해설 도우미로 참여하는 학생은 시작 20분 전까지 3층 시청각실 옆 준비실로 모입니다.도착하면 먼저 이름표와 배치표를 받고, 자신이 맡은 전시 판넬 번호와 시작 순서를 확인해야 합니다.가방은 준비실 
frege2	101	일일 독해(프레게) Day 101	학교 방송 원고를 정리하던 다온은 생활 규칙 안내문에 왠만하면 복도에서는 뛰지 맙시다라고 적힌 문장을 보고 손을 멈추었다.발음이 비슷해 그냥 넘기기 쉬웠지만, 다온은 예전에 왠은 왜인지가 줄어든 꼴에서만 쓰인다는 설
frege2	102	일일 독해(프레게) Day 102	젖은 빨래가 마른다는 것은 천에 스며 있던 물이 감쪽같이 사라지는 것이 아니라, 액체 상태의 물이 수증기로 바뀌어 공기 속으로 퍼지는 과정을 뜻한다.이 변화를 증발이라고 하는데, 빨래 표면의 물 분자 가운데 더 빨리
frege2	103	일일 독해(프레게) Day 103	학교 축제 전날 저녁, 세하는 복도 끝 게시판 앞에서 지도 종이를 다시 붙였다.낮에 그린 안내 그림은 길을 알려 주기에는 충분했지만, 자신이 실제로 걸어 본 분위기는 하나도 담지 못한 것 같아 자꾸 발걸음이 멈췄다.
frege2	104	일일 독해(프레게) Day 104	내일 학교 축제에서 길 안내 도우미를 맡은 학생은 시작 15분 전까지 본관 1층 안내 책상으로 모여 이름표와 구역 지도를 받습니다.도착하면 먼저 자신이 맡은 위치와 가장 가까운 화장실, 보건실, 체육관 방향을 지도에
frege2	105	일일 독해(프레게) Day 105	국어 시간에 자주 헷갈리는 표현 가운데 하나가 '못하다'와 '못 하다'입니다.두 표현은 겉모양이 비슷하지만, 뜻과 띄어쓰는 방식이 다르다는 점부터 구별해야 합니다.먼저 '못하다'는 실력이 모자라거나 어떤 일을 해 낼
frege2	106	일일 독해(프레게) Day 106	바닷가에 서 있으면 먼바다에서는 낮아 보이던 파도가 해안 가까이에서 갑자기 높아지는 모습을 자주 볼 수 있습니다.파도는 바람이 만든 흔들림이 물결 모양으로 옮겨 가는 현상인데, 물 전체가 앞으로 밀려가는 것과는 조금
frege2	107	일일 독해(문학) Day 107	축제 전날, 세은은 체육관 한쪽 파도 수조 안내판 앞에서 걸음을 멈추었습니다.안내판의 '얕은 곳에 오면 파도가 높아진다'는 문장만으로는 왜 그렇게 되는지 바로 떠오르지 않았습니다.마침 수조를 보던 도윤이 경사판 끝에
frege2	108	일일 독해(생활문) Day 108	다음은 과학 축제 파도 수조 안내 도우미를 위한 활동 안내입니다.도우미는 시작 15분 전까지 체육관 뒤 준비 구역에 모여 이름표와 구역표를 받습니다.모인 뒤에는 수조 옆 물받이, 걸레, 예비 설명판이 제자리에 있는지
frege2	109	일일 독해(어법) Day 109	'이따가'와 '있다가'는 소리가 비슷해 자주 헷갈리지만 뜻이 다릅니다.'이따가'는 시간이 조금 지난 뒤를 뜻하는 말이라 '나중에'로 바꾸어도 자연스럽습니다.그래서 '이따가 다시 오자', '이따가 전화할게'처럼 뒤의 
frege2	110	일일 독해(비문학) Day 110	무지개는 해가 비치는 쪽의 반대편 하늘에서 보입니다.공중의 빗방울 속으로 들어간 햇빛은 꺾이고, 방울 안쪽에서 한 번 튕긴 뒤 다시 밖으로 나오며 여러 빛깔로 갈라집니다.이때 관찰자는 태양을 등지고 있어야 빗방울에서
frege2	111	일일 독해(문학) Day 111	민서는 과학 축제 뒤편 창가에 전시할 무지개 사진판을 맡았습니다.아침 햇빛이 프리즘을 지나자 벽에 얇은 색띠가 생겼고, 민서는 그 모양을 사진과 메모로 남기려 했습니다.그런데 준호가 제목표를 급히 붙이다가 색 순서를
frege2	112	일일 독해(생활문) Day 112	다음은 학교 무지개 관찰 활동 도우미를 위한 안내입니다.참가 학생은 해가 비친 뒤 비가 조금 남아 있는 날, 운동장 서쪽 그늘막 앞에서 먼저 모입니다.모이면 진행 순서를 적은 활동판과 관찰 카드, 연필을 한 사람씩 
frege2	113	일일 독해(어법) Day 113	'드러내다'와 '들어내다'는 모양이 비슷해서 빨리 읽으면 섞어 쓰기 쉽다. 하지만 두 말이 가리키는 움직임은 처음부터 다르다. '드러내다'는 가려져 있던 것, 숨겨져 있던 생각, 잘 보이지 않던 성질이 밖으로 보이게
frege2	114	일일 독해(비문학) Day 114	지진을 설명할 때 자주 함께 나오는 말이 '규모'와 '진도'이다. 두 말은 비슷해 보여도 가리키는 기준이 달라 같은 지진을 놓고도 따로 써야 한다. 규모는 지진이 한 번 일어날 때 방출한 에너지의 크기를 나타내는 값
frege2	115	일일 독해(문학) Day 115	학교 숲 해설 전시를 준비하던 민서는 낡은 엽서 한 장을 발견했다. 엽서에는 십 년 전 졸업생이 소나무 숲을 돌며 느낀 마음이 적혀 있었다. 민서는 짧은 글인데도 바람 냄새와 거친 나무껍질이 바로 떠오르는 것이 신기
frege2	116	일일 독해(생활문) Day 116	학교 숲 해설 전시 도우미는 오후 한 시 십 분까지 과학실 앞 복도에 모여 출석을 확인한다. 모인 뒤에는 이름표, 설명 카드, 수정용 스티커를 받아 각자 맡을 구역을 확인한다. 1구역 담당은 나무 표찰을, 2구역 담
frege2	117	일일 독해(어법) Day 117	비슷하게 들리는 말 가운데 '가르치다'와 '가리키다'는 자주 헷갈리는 말이다. 두 말은 소리가 닮았지만 뜻과 쓰임이 분명히 다르다. 가르치다는 지식이나 방법을 알려 주어 실제로 익히게 할 때 쓰는 말이다. 그래서 선
frege2	118	일일 독해(비문학) Day 118	달은 한 달에 한 번씩 지구 둘레를 돌고, 태양은 늘 하늘에서 커다란 빛을 준다. 그래서 처음 배우는 사람은 달이 매달 태양 앞을 지나거나 지구 그림자에 들어가야 할 것처럼 생각하기 쉽다. 하지만 실제로는 일식과 월
frege2	119	일일 독해(문학) Day 119	점심시간이 끝나 갈 무렵, 서연은 과학실 뒤편 옥상 텃밭에 놓인 빗물 통 앞에 멈춰 섰다. 아침에 내린 비를 재어 발표판에 적기로 했는데, 통 안 눈금이 어제 본 값과 비슷해서 마음이 걸렸다. 옆에 온 준호는 통이 
frege2	120	일일 독해(생활문) Day 120	빗물 통 관찰 활동을 시작하기 전에는 통의 눈금판과 기록표, 시계를 먼저 준비하고, 통 안에 낙엽이나 돌멩이가 들어 있지 않은지도 살핍니다. 남은 물이 있으면 오늘 내린 비의 양이 섞여 보일 수 있으므로, 활동 전날
frege2	121	일일 독해(어법) Day 121	문을 세게 닫은 뒤 메모에 '잠궈'라고 적는 사람이 많지만, 표준형은 '잠가'이다. 기본형이 '잠그다'인 말은 활용할 때 어간 끝의 'ㅡ'가 빠져 '잠가', '잠갔다', '잠근다'처럼 바뀐다. 그래서 '문을 잠궈 두
frege2	122	일일 독해(비문학) Day 122	지진 조기경보는 지진이 일어나기 전에 미래를 맞히는 기술이 아니라, 이미 시작된 지진의 흔들림을 더 빨리 알아차려 알리는 체계이다. 지진이 시작되면 먼저 도착하는 P파는 비교적 약한 흔들림을 만들고, 그 뒤를 따라오
frege2	123	일일 독해(문학) Day 123	지우는 학교 숲길 입구에 세울 새 표찰을 들고 한참 서 있었다.비탈길 아래로 이어지는 샛길을 막는 말은 이미 적혀 있었지만, 왜 막아야 하는지는 빠져 있었다.민호는 글자를 더 크게 쓰면 사람들이 눈에 잘 띌 거라고 
frege2	124	일일 독해(생활문) Day 124	이번 활동은 학교 숲길 입구와 갈림길에 놓인 표찰을 점검하고, 읽는 사람이 바로 이해할 수 있게 문구를 다듬는 시간이다.모둠은 출발 전에 표찰 위치를 적은 간단한 지도를 받고, 담당 구역과 이동 순서를 먼저 확인한다
frege2	125	일일 독해(어법) Day 125	교실에서 체험학습 신청서를 나눠 주던 날, 선생님은 몇몇 학생이 결재와 결제를 자꾸 바꿔 쓴다고 말했다.비슷하게 들리는 두 말은 학교 알림장과 가게 영수증에서 전혀 다른 자리에 놓인다.결재는 서류나 안건을 살펴보고 
frege2	126	일일 독해(비문학) Day 126	금성은 밤하늘의 별처럼 반짝이지만 사실 스스로 빛내는 별이 아니라 햇빛을 반사하는 행성이다.그런데 금성은 한밤중 머리 위보다 해가 막 지거나 뜨기 전후에 더 자주 눈에 띈다.그 까닭은 금성이 지구보다 태양 가까운 안
frege2	127	일일 독해(문학) Day 127	지수는 과학관 복도 끝 창가에 서서 저녁별 관찰 모임 안내판을 다시 읽고 있었다.안내판에는 금성이 저녁 하늘에 먼저 보인다고 적혀 있었지만, 왜 그런지는 한 줄도 없었다.하늘은 짧은 설명이면 사람들이 더 빨리 읽을 
frege2	128	일일 독해(생활) Day 128	이번 활동은 해가 진 뒤 서쪽 하늘과 해 뜨기 전 동쪽 하늘에서 금성을 관찰하며 기록하는 시간이다.모둠은 출발 전에 관찰 시간표와 담당 위치를 확인하고, 저녁 관찰과 새벽 관찰 가운데 맡은 차례를 정한다.활동은 운동
frege2	129	일일 독해(어법) Day 129	학교 방송부에서 행사 안내 원고를 읽던 민서는 '선생님이 방과 후에 발음법을 가르킨다'라는 문장을 보고 멈췄다.민서는 '가르치다'는 지식이나 방법을 익히게 할 때 쓰고, '가리키다'는 손이나 말로 대상이나 방향을 짚
frege2	130	일일 독해(비문학) Day 130	사람들은 달이 늘 해와 비슷한 때에 뜬다고 생각하기 쉽지만, 실제로는 달이 뜨는 시각이 하루마다 조금씩 늦어진다.그 까닭은 달이 지구 둘레를 서쪽에서 동쪽으로 돌면서, 전날보다 조금 더 앞선 자리로 옮겨 가기 때문이
frege2	131	일일 독해(문학) Day 131	서윤은 과학관 복도 끝에 붙은 '이번 주 달뜨는 시각' 표를 읽다가 표 아래 빈칸을 오래 바라보았다.시간은 정확히 적혀 있었지만, 왜 하루마다 늦어지는지는 한 줄도 적혀 있지 않아 아이들이 자꾸 표만 외우고 지나갔다
frege2	132	일일 독해(생활) Day 132	이번 활동은 저녁마다 달이 뜨는 시각과 방향을 이어 기록해, 날짜에 따라 달 뜨는 때가 어떻게 달라지는지 살펴보는 관찰이다.모둠은 출발 전에 관찰 날짜표와 담당 역할을 확인하고, 시각 기록 담당·방향 확인 담당·스케
frege2	133	일일 독해 Day 133	학교 도서관에서 책을 주고받는 안내문을 만들 때 많은 학생이 '빌리다'와 '빌려주다'를 헷갈린다.두 말은 모두 책이 오가는 상황에서 쓰이지만, 누구를 중심에 두고 말하느냐에 따라 뜻이 갈린다.교실에서 쓰는 예문도 받
frege2	134	일일 독해 Day 134	산 가까운 하늘에서 물결처럼 길게 늘어선 구름 띠를 보면, 바람이 눈에 보이는 듯하다고 느끼는 사람이 많다.이런 구름은 공기가 산이나 언덕을 넘으면서 위아래로 흔들릴 때 생기는데, 미국 NOAA는 이를 물결 구름 또
frege2	135	일일 독해 Day 135	축제 준비로 학교 숲길에 나무 이름표를 다시 거는 날, 지안은 벤치 옆 단풍나무 표찰을 오래 들여다보았다.지난해 비에 젖은 글씨가 번져 '느티나무'와 '단풍나무'가 비슷하게 남아 있었기 때문이다.민서는 새 표찰만 얼
frege2	136	일일 독해 Day 136	이번 활동은 학교 숲길의 나무 이름표와 위치 표시를 다시 정리해, 표찰이 실제 나무와 잘 이어 보이도록 고치는 작업이다.모둠은 출발 전에 활동지와 표찰 꾸러미를 받고, 기록 담당·위치 확인 담당·부착 담당을 나누어 
frege2	137	일일 독해 Day 137	국립국어원은 '안되다'와 '안 되다'를 가를 때 먼저 말 전체가 어떤 상태를 한 덩어리로 나타내는지 살피라고 설명한다.예를 들어 일이 뜻대로 풀리지 않아 형편이 좋지 않다면 '안되다'처럼 붙여 쓰는 경우가 많다.이때
frege2	138	일일 독해 Day 138	강이 곧게만 흐르지 않고 크게 굽이치는 까닭은 물살이 강바닥과 양쪽 둑을 같은 힘으로 밀지 않기 때문이다.강이 처음부터 크게 휘어 있는 것은 아니며, 작은 장애물이나 땅의 기울기 차이도 물길을 조금씩 한쪽으로 밀어 
frege2	139	일일 독해 Day 139	하천 모형 전시를 앞둔 날, 윤서는 얇은 파란 끈으로 만든 물길이 자꾸 한쪽으로 돌아가는 까닭이 마음에 걸렸다.민호는 모형이 보기 좋게 굽어 있으면 됐지, 굳이 표지를 다시 바꿀 필요까지는 없다고 말했다.하지만 윤서
frege2	140	일일 독해 Day 140	이번 활동은 하천이 굽을 때 바깥쪽과 안쪽에서 어떤 변화가 일어나는지 모형과 관찰 기록지로 정리해 보는 수업이다.모둠은 시작 전에 관찰판, 파란 실선 스티커, 모래 종이, 기록지를 받아 자리로 이동한다.첫 단계에서는
frege2	141	일일 독해 Day 141	국립국어원은 '수'가 가능이나 방법을 나타내는 의존 명사일 때, 앞말과 반드시 띄어 써야 한다고 설명한다.그래서 '읽을 수 있다', '도와줄 수 있다'처럼 앞의 용언 어간 뒤에 오는 '수'는 홀로 서는 명사처럼 다뤄
frege2	142	일일 독해 Day 142	화성이 어떤 시기에는 별들 사이에서 뒤로 물러나는 것처럼 보이는데, 이를 역행처럼 보이는 운동이라고 부른다.옛사람들은 이 움직임이 실제로 방향을 바꾼 것처럼 여겼지만, NASA는 이것이 하늘에서 보이는 겉보기 변화라
frege2	143	일일 독해(문학) Day 143	민서는 하천 탐방길 입구의 안내판 앞에서 한동안 발을 떼지 못했다.비가 그친 뒤라 돌계단 끝에 얇은 물기가 남아 있었지만, 표지에는 그저 '주의'라는 말만 적혀 있었다.준호는 글자만 더 크게 쓰면 사람들이 위험을 알
frege2	144	일일 독해(생활문) Day 144	이번 활동은 하천 탐방길 안내판을 읽는 사람이 위험 구간과 이동 방법을 한눈에 파악하도록 문구를 점검하는 일이다.모둠은 출발 전에 담당 구역 지도와 이동 순서를 받고, 기록 담당과 촬영 담당, 수정안 담당으로 역할을
frege2	145	일일 독해(어법) Day 145	국립국어원은 '-든지'를 여럿 가운데 하나를 고르거나 차이를 따지지 않을 때 쓰는 말이라고 설명한다.그래서 '비가 오든지 눈이 오든지 출발한다'처럼 둘 가운데 어느 쪽이 와도 상관없다는 뜻을 나타낼 때 '-든지'를 
frege2	146	일일 독해(비문학) Day 146	여름 오후에 뇌우가 자주 생기는 까닭은 햇볕이 땅을 오래 데우기 때문이다.지면이 뜨거워지면 그 위의 공기도 함께 데워져 가벼워지고, 위로 빠르게 솟아오르기 쉬워진다.이렇게 올라간 공기는 높은 곳에서 식으면서 품고 있
frege2	147	일일 독해(문학) Day 147	민서는 전날 밤 큰비가 지나간 뒤 운동장 뒤편 빗물받이 옆의 작은 안내판을 들여다보았다.판에는 '조심'이라는 두 글자만 남아 있어 아이들이 무엇을 피해야 하는지 알기 어려웠다.아침 햇살이 번지자 빗물받이 둘레에는 젖
frege2	148	일일 독해(생활문) Day 148	오늘 활동은 교내 빗물받이 주변의 미끄럼 구간을 찾고, 누구나 바로 이해할 수 있는 안내 문장을 제안하는 것이다.출발 전에는 담당 구역 지도와 활동지, 연필, 사진 기록이 가능한 기기를 챙긴다.모둠은 기록 담당, 사
frege2	149	일일 독해(어법) Day 149	국립국어원은 '늘리다'를 길이·수량·정도를 더 많아지게 하거나 넓게 만드는 뜻으로 설명한다.그래서 운동 시간을 늘리다, 의자 간격을 늘리다, 목소리를 늘리지 말다처럼 무엇을 더 길게 하거나 많게 할 때는 '늘리다'를
frege2	150	일일 독해(비문학) Day 150	강한 소나기 구름을 보다 보면 꼭대기가 옆으로 넓게 퍼져 모루처럼 보일 때가 있다.이 모양은 적란운 안의 따뜻하고 습한 공기가 빠르게 위로 올라간 뒤 더 이상 높이 치솟기 어려운 층에 닿으면서 만들어진다.공기가 위로
frege2	151	일일 독해(문학) Day 151	비가 그친 오후, 지우와 하람은 온실 뒤 통로에 세울 새 안내판을 들고 흙길 앞에 섰다.며칠 전 큰비가 내린 뒤 흙이 꺼지면서 화분을 옮기던 아이들이 자꾸 미끄러졌기 때문이다.지우는 먼저 천천히 걸으세요라고 쓰려 했
frege2	152	일일 독해(생활문) Day 152	내일 과학 동아리는 온실 뒤편 통로 안전 점검 활동을 한다.이번 활동의 목적은 비 온 뒤 통로에서 미끄러지기 쉬운 자리와 돌아가야 할 길을 직접 확인하고, 누구나 알아보기 쉬운 안내 문구를 만드는 데 있다.참가 학생
frege2	153	일일 독해(어법) Day 153	국어 시간에 자주 헷갈리는 말 가운데 '드러내다'와 '들어내다'가 있다. '드러내다'는 가려져 있던 것을 보이게 하거나 생각과 감정을 밖으로 나타나게 하는 말이다. 그래서 실력을 드러내다, 속마음을 드러내다처럼 보이
frege2	154	일일 독해(비문학) Day 154	안개는 공기 속 수증기가 아주 작은 물방울로 바뀌어 땅 가까이에 떠 있는 상태이다. 그중에서도 복사 안개는 해가 진 뒤 땅이 빠르게 식을 때 잘 생긴다. 맑은 밤에는 지면의 열이 구름에 막히지 않고 우주 쪽으로 빠져
frege2	155	일일 독해(문학) Day 155	점심시간이 끝날 무렵, 세윤은 도서관 복도 게시판 앞에서 구겨진 알림 종이를 다시 펴고 있었다.며칠 전 붙인 독서 모임 안내가 젖은 손에 닿아 글자가 번지면서 시각과 장소가 함께 흐려졌기 때문이다.세윤은 새 종이만 
frege2	156	일일 독해(생활문) Day 156	내일 독서 동아리는 도서관 복도 게시판 정리 활동을 한다.이번 활동의 목적은 오래된 알림을 정리하고, 새 독서 모임 안내를 누구나 한눈에 읽을 수 있게 다시 만드는 데 있다.참가 학생은 오전 아홉 시 오십 분까지 도
frege2	157	일일 독해(어법) Day 157	학교 요리 동아리 안내문을 고치던 민서는 '배추를 소금물에 담구고 양념을 넣는다'라는 문장에서 손을 멈추었다.말로는 자주 들리지만 글로 쓸 때 표준형은 담그다이기 때문이며, 표준국어대사전에도 그렇게 실려 있다.담그다
frege2	158	일일 독해(비문학) Day 158	일기도에서 H와 L을 볼 때 많은 학생은 높은 기압이면 숫자가 크고, 낮은 기압이면 숫자가 작은 것만 떠올리기 쉽다.하지만 날씨를 가르는 더 중요한 차이는 공기가 아래로 내려오느냐, 위로 올라가느냐에 있다.높은 기압
frege2	159	일일 독해(문학) Day 159	운동회 주간이 되자 지우는 과학실 앞 날씨판을 맡게 되었다.아침 하늘은 맑았지만 바람이 생각보다 세서, 판에 적힌 '하루 종일 맑음'이라는 문장이 마음에 걸렸다.지우는 전날 읽은 일기도에서 등압선 간격이 좁았던 부분
frege2	160	일일 독해(생활문) Day 160	과학실 앞 날씨판을 맡은 도우미는 등교 뒤 첫 쉬는 시간에 판을 확인한다.먼저 오늘 하늘 모습만 적지 말고, 교사가 적어 둔 예보 메모와 바람 상태, 운동장 깃발 움직임을 함께 살핀다.맑음, 흐림 같은 말만 쓰면 준
frege2	161	일일 독해(어법) Day 161	학교 행사 안내문을 고치던 서윤은 '몇일 동안 전시합니다'라는 문장을 보고 걸음을 멈추었다.말할 때는 자연스러워 보여도 표준어는 몇일이 아니라 며칠이기 때문이다.며칠은 며칠째, 며칠 동안, 며칠 후처럼 날짜의 수를 
frege2	162	일일 독해(비문학) Day 162	번개가 번쩍인 뒤 한참 있다가 천둥 소리가 들리면 많은 학생은 두 현상이 따로 일어났다고 느끼기 쉽다.하지만 번개와 천둥은 같은 번개 현상에서 거의 함께 생긴다.구름과 구름 사이 또는 구름과 땅 사이에서 강한 전기가
frege2	163	일일 독해(문학) Day 163	교내 생태길 안내판을 바꾸는 날, 유나는 낡은 나무판 앞에서 한참 발을 멈추었다.안내판에는 '꽃을 만지지 마세요'와 '관찰 기록은 정자에서 적으세요'가 따로 적혀 있었지만, 길을 걷는 아이들은 어디서 멈추고 무엇을 
frege2	164	일일 독해(생활문) Day 164	생태길 관찰 활동 도우미는 모둠이 출발하기 전 안내판과 준비물을 먼저 확인한다.입구에 선 아이들에게는 걷는 동안 손으로 식물을 만지지 않고 눈으로만 가까이 본다는 규칙을 먼저 알려 준다.그다음 정자 옆 초록 상자에서
frege2	165	일일 독해(어법) Day 165	‘수밖에 없다’는 다른 길이 거의 남지 않았을 때 쓰는 표현이다.이 말에서 ‘수’는 앞말의 가능성을 받는 의존 명사이고, ‘밖에’는 그것 말고는 남은 것이 없다는 뜻을 더한다.그래서 ‘기다릴 수밖에 없다’, ‘걸어갈
frege2	166	일일 독해(비문학) Day 166	바다나 큰 호수 위에 끼는 안개를 흔히 해무 또는 수면 안개라고 한다.이 안개는 따뜻하고 습한 공기가 더 차가운 바닷물 위로 흘러갈 때 잘 생긴다.공기 아래쪽이 차가운 물 때문에 식으면서, 공기 속 수증기가 아주 작
frege2	167	프레게2 Day 167	토요일 아침, 민서는 과학관 복도 끝에 세울 안내판을 들고 서 있었다.안내판 맨 위에는 ‘별자리 길잡이 체험’이라는 제목이 반듯하게 적혀 있었지만, 아래 설명은 어딘가 차갑고 멀게 느껴졌다.‘줄을 지켜 이동하십시오’
frege2	168	프레게2 Day 168	별자리 길잡이 체험은 운동장 서쪽 관측 구역에서 진행되며, 참가자는 시작 10분 전까지 과학실 앞에 모여야 한다.모임이 끝나면 조별 팔찌를 받은 뒤, 담당 교사의 안내에 따라 준비 망원경과 기록판을 들고 이동한다.이
frege2	169	프레게2 Day 169	‘뿐’은 어떤 대상을 한정할 때 쓰는 말이다.이 말은 보통 앞말에 붙어 ‘이것뿐’, ‘한 사람뿐’처럼 적고, 뒤에는 선택이 더 없다는 느낌을 더한다.그래서 ‘웃을 뿐이다’, ‘알고 있을 뿐이다’처럼 서술어 뒤에서도 
frege2	170	프레게2 Day 170	전선은 성질이 다른 두 공기 덩어리가 만나는 경계이다.차고 무거운 공기와 따뜻하고 가벼운 공기가 부딪히면, 둘은 쉽게 섞이지 못하고 한쪽이 다른 쪽을 밀어 올리며 움직인다.이때 차가운 공기가 앞으로 밀고 들어오면 한
frege2	171	프레게 Day 171	책잔치 전날 저녁, 다은은 작은아버지를 따라 마을 도서관 앞 골목으로 갔다.골목 끝 광장까지 이어지는 길에는 종이등과 방향표를 달아야 했는데, 작은아버지는 말보다 손이 먼저 움직이는 사람이라 필요한 말만 짧게 했다.
frege2	172	프레게 Day 172	책잔치 길안내 도우미는 행사 시작 삼십 분 전에 광장 옆 준비 천막으로 모인다.도우미는 이름표, 형광 조끼, 배치표를 먼저 받고 자기 구역 번호를 확인한다.표지판을 들고 나가기 전에는 화살표가 가리키는 방향과 글씨가
frege2	173	프레게 Day 173	비슷하게 들려 자주 헷갈리는 말 가운데 좇다와 쫓다가 있다.쫓다는 눈앞의 대상을 뒤에서 급히 따라가거나 어떤 것을 몰아내려 할 때 쓴다.그래서 도둑을 쫓다, 공을 쫓아 달리다, 졸음을 쫓으려고 세수를 하다처럼 사람이
frege2	174	프레게 Day 174	바닷가에 가 본 사람은 낮에는 모래가 먼저 뜨거워지고, 밤에는 바닷물이 더 늦게 식는다는 것을 쉽게 느낄 수 있다.이 차이는 땅과 물이 열을 받아들이고 내보내는 속도가 다르기 때문에 생긴다.땅 표면은 햇빛을 받으면 
frege2	175	프레게 Day 175	토요일 아침, 지윤은 학교 복도 끝 전시 코너에서 반쯤 떨어진 제목표를 발견했다.지난주까지만 해도 반짝이던 종이였는데, 테이프가 느슨해져 모서리가 축 처져 있었다.지윤은 손으로 눌러 붙이면 잠깐 버틸 수는 있겠지만,
frege2	176	프레게 Day 176	교내 전시 설명 도우미로 참여하는 학생은 시작 10분 전까지 2층 다목적실 앞에 모여 출석을 확인한다.모이면 먼저 이름표와 역할표를 받고, 자신이 맡은 전시 구역 번호와 교대 순서를 확인한다.설명문은 외우기보다 순서
frege2	177	프레게 Day 177	깨끗이와 깨끗히는 소리가 비슷해 자주 헷갈리지만, 표준어는 깨끗이이다.많은 사람이 형용사 깨끗하다에 히를 붙여야 할 것처럼 느끼지만, 이 말은 그렇게 바뀌지 않는다.부사가 될 때 어근 뒤에 바로 이가 붙어 깨끗이 정
frege2	178	프레게 Day 178	호수가 깊을수록 물빛이 더 짙고 푸르게 보이는 까닭은 물이 빛을 받아들이고 돌려보내는 방식과 관계가 있다.햇빛은 여러 색의 빛이 섞인 상태로 물 위에 닿는데, 물속으로 들어가면 색마다 지나가는 정도가 조금씩 달라진다
frege2	179	프레게 Day 179	장터 준비를 마치고 돌아가려던 유진은 교실 문 앞에 기대 놓인 작은 칠판을 보았다.칠판에는 내일 열릴 책 교환 장터의 안내 문장이 비뚤게 적혀 있었고, 한쪽 모서리는 비에 젖어 들떠 있었다.유진은 아까 자신과 다퉜던
frege2	180	프레게 Day 180	책 교환 장터 도우미는 시작 20분 전에 복도 게시대 앞에 모여 이름표와 기록판을 받는다.먼저 안내 칠판이 문을 가리지 않도록 벽 쪽에 세우고, 제목과 화살표가 멀리서도 보이는지 확인한다.그다음 교환할 책을 놓는 책
frege2	181	프레게 Day 181	금세와 금새는 소리가 비슷해 자주 바꿔 쓰이지만 표준어는 금세이다.많은 사람은 금방 사이처럼 느껴 금새라고 적기도 하지만, 이 말은 그런 짜임으로 만들어진 것이 아니다.금세는 금시에서 나온 말이 아니라 금시에에서 줄
frege2	182	프레게 Day 182	같은 지역에서도 산의 바람받이 쪽은 비가 자주 오고, 산 너머 바람그늘 쪽은 훨씬 건조할 수 있다.그 까닭은 바람이 산을 넘는 동안 공기의 온도와 물기 양이 달라지기 때문이다.바다나 큰 호수 쪽에서 불어온 공기는 수
frege2	183	프레게 Day 183	현수와 소라는 마을 숲길 탐방지도를 새 판에 옮겨 적는 일을 맡고 해설소 뒤 벤치에 나란히 앉았다.지도에는 샘터, 전망 바위, 돌아오는 길이 한눈에 보이도록 화살표와 짧은 설명을 함께 넣어야 했다.그런데 현수는 글씨
frege2	184	프레게 Day 184	숲길 탐방 안내 도우미는 출발 15분 전에 해설소 앞에서 지도판, 색연필, 점검표를 받은 뒤 역할을 나눈다.먼저 입구 안내판의 제목과 화살표가 멀리서도 읽히는지 확인하고, 비에 젖어 들뜬 종이는 손으로 펴서 다시 붙
frege2	185	Frege Day 185	민지는 독서 기록장을 쓰다가 어제 놀이터에서 장갑을 잃어버렸다는 문장을 적고 잠깐 멈추었다.친구가 그 자리에서 잊어버렸다고 써도 되지 않느냐고 묻자 민지는 두 낱말이 비슷하게 들려 더 헷갈렸다.국어사전을 펼쳐 보니 
frege2	186	Frege Day 186	달을 오래 관찰한 사람들은 어두운 평원과 함께 크고 작은 둥근 홈이 곳곳에 남아 있다는 점을 금방 알아차린다.이 둥근 자국은 아주 오래전에 빠른 암석 덩이가 달 표면에 부딪히며 만든 충돌구다.지구에도 비슷한 충돌이 
frege2	187	Frege Day 187	학교 과학 축제를 앞두고 서진은 복도 끝 전시판에 붙일 설명 카드를 정리하고 있었다. 카드에는 달 표면 사진과 함께 짧은 문장이 여러 장 섞여 있었는데, 한 문장이 빠진 듯 앞뒤 뜻이 자꾸 끊겼다. 서진은 첫 문장에
frege2	188	Frege Day 188	과학 축제 전시판 점검 도우미는 행사 시작 20분 전까지 2층 복도 끝 안내대 앞에 미리 모인다. 모이면 먼저 조별로 설명 카드 묶음과 집게, 여분 테이프가 들어 있는 점검 꾸러미를 받는다. 도우미는 자기 구역 번호
frege2	189	Frege Day 189	수업 뒤 민지는 게시판에 붙일 문장을 쓰다가 잠깐과 잠간 중 어느 말을 써야 할지 망설였다. 친구는 소리만 들으면 마지막 받침이 흐려 보여 둘 다 비슷해 보인다고 했다. 민지는 사전을 펼쳐 보니 바른말은 잠깐이고, 
frege2	190	Frege Day 190	바닷가에서 파도를 보면 물이 한 덩어리로 해변까지 달려오는 것처럼 보이지만, 실제로는 물 자체보다 에너지가 앞으로 전달되는 현상에 가깝다. NOAA 자료에 따르면 바람이 수면을 계속 스치면 물 표면이 흔들리고, 그 
frege2	191	Frege Day 191	지수는 과학 축제 전날 운동장 가장자리에서 바람개비 설명판을 다시 세우고 있었다. 오전에 내린 비가 그친 뒤라 바람개비 날개에는 아직 작은 물방울이 남아 있었다. 지수는 판에 적힌 문장을 읽다가 바람이 불어오는 쪽과
frege2	192	Frege Day 192	바람 관찰 활동 도우미는 수업 시작 15분 전에 운동장 창고 앞에 모여 관찰 막대, 바람개비, 기록판을 먼저 받는다. 받은 도구에는 모둠 번호가 적혀 있으므로, 자기 조 번호와 물건 번호가 같은지 바로 확인해야 한다
frege2	193	Frege Day 193	소연은 글쓰기 시간에 아기 토끼를 낳는 계절과 감기가 빨리 낫는 비결을 함께 적은 문장을 발표하려고 했다. 그런데 원고를 읽어 보던 중 같은 소리로 들리는 낫다와 낳다가 서로 다른 뜻이라는 점이 자꾸 마음에 걸렸다.
frege2	194	Frege Day 194	바닷가에서 보는 큰 물결이 모두 같은 까닭으로 생기는 것은 아니다. 일반 파도는 주로 바람이 바다 표면을 오래 밀어 생기며, 물결의 맨 앞모양이 달라져도 에너지는 비교적 좁은 범위에서 전달된다. 그러나 해일은 바다 
frege2	195	Frege Day 195	민서는 학교 숲 안내판을 정리하던 날, 낡은 새 관찰 기록판 한 장을 발견했다. 기록판에는 지난해 봄에 본 새 이름과 울음소리가 빼곡히 적혀 있었지만, 정작 언제 어디서 본 것인지는 흐릿하게 지워져 있었다. 민서는 
frege2	196	Frege Day 196	학교 숲 새 관찰 활동 도우미는 시작 15분 전에 도서관 옆 준비대에 모여 관찰 카드, 연필, 작은 쌍안경을 먼저 받는다. 받은 물건에는 조 번호가 적혀 있으므로, 자기 조 카드와 도구 번호가 서로 맞는지 바로 확인
frege2	197	Frege Day 197	지우는 학교 신문에 운동회 소감을 쓰다가 마지막 줄에 정말 어의없었다고 적었다. 옆자리에 앉은 담임 선생님은 그 말을 보고 어의가 아니라 어이라고 빨간 펜으로 조용히 고쳐 주었다. 지우는 의원이 병의 이치를 가리키는
frege2	198	Frege Day 198	날씨 예보에서 기온 옆에 이슬점이라는 말이 함께 나올 때가 있다. 이슬점은 공기를 더 식혔을 때 수증기가 물방울로 바뀌기 시작하는 온도를 뜻한다. 공기 속 수증기가 많으면 조금만 식어도 물방울이 맺히므로 이슬점이 높
frege2	199	독해(문학) Day 199	권섭, 「영삼별곡」 권섭이 제천에서 출발해 영월을 거쳐 삼척까지 여행한 경험을 바탕으로 지은 가사로, 여행지에서의 견문과 흥취를 감각적으로 담고 있다. 제시된 부분은 작품의 초반부와 중반부로, 봄날을 배경으로 자연을
frege2	200	독해(생활문) Day 200	[안내문]
frege2	201	독해(어법) Day 201	[어법]
frege2	202	독해(비문학) Day 202	우리 몸이 제대로 기능하기 위해서는 세포자멸사가 적절히 일어나야 한다. 세포자멸사는 세포가 자기 내부에 있는 효소를 활용해 자신의 DNA와 핵 등을 파괴하는 것이다. 세포가 외부적 요인으로 인해 파열되는 것인 괴사와
frege2	203	독해(문학) Day 203	에서 화자의 ‘음성’이 ‘내면으로 되돌아오고’ 화 자가 ‘흔들’린다는 것에서 다른 사람과 소통할 수 없 는 화자의 고독감을 알 수 있으며 그런 흔들림이 ‘어 쩔 수 없’다는 것에서 화자가 고독감을 모든 사람이 지닌 
frege2	204	독해(생활문) Day 204	[안내문]
frege2	205	독해(어법) Day 205	[어법]
frege2	206	독해(비문학) Day 206	물이 담긴 욕조의 마개를 빼면 물이 배수구 주변에서 회전하며 소용돌이를 일으킨다. 배수구에서 멀리 떨어져 있으면 빨려 들어가는 속도의 크기가 0에 가깝고, 배수구 중앙에 가까울수록 속도가 빨라진다. 원운동을 하는 물
frege2	207	독해(문학) Day 207	그날 공의 부자가 대궐에서 숙직하는지라, 소저가 혼미한 정신을 수습하여 누웠더니 비몽사몽 중에 한 부인이 구름 같은 치마에 안개 같은 옷을 입고 손에 자줏빛 부채를 쥐고 표연히 들어와 곁에 앉으니, 좋은 향기가 가득
frege2	208	독해(생활문) Day 208	[안내문]
frege2	209	독해(어법) Day 209	[어법]
frege2	210	독해(비문학) Day 210	식물은 광합성을 통하여 생장에 필요한 포도당을 생산한다. 광합성의 과정은 대부분의 식물이 동일한데, 식물이 서식하는 환경에 따라 그 효율은 크게 달라질 수 있다. 그래서 어떤 식물들은 일반적인 식물과 다른 방식으로 
frege2	211	독해(문학) Day 211	몇 칸의 집을 수선하려 함에, 아내가 취서사로 들어가 겨릅을 구해 오길 권하였다. 유택은 안 된다고 하고, 유평은 해 보자고 하는데, 나도 스스로 생각해 보니, 절은 기와를 쓰기에 겨릅은 그다지 아끼는 것이 아니고,
frege2	212	독해(생활문) Day 212	[안내문]
frege2	213	독해(어법) Day 213	[어법]
frege2	214	독해(비문학) Day 214	질병에 걸리면 약을 복용하거나 주사를 맞아서 치료를 하는 경우가 있다. 이때 약의 재료가 되는 물질을 약물이라 하고, 약물을 투여 가능한 형태로 가공한 것을 약제라고 한다. 약제의 대표적인 유형에는 경구 투여형 정제
frege2	215	독해(문학) Day 215	는 총 19수로 되어 있는 연시조로, 사대부인 작가가 겪은 공명과 은거 사이에서의 내적 갈등이 시간의 흐름에 따라 해소되는 과정이 드러나고 있다. <제2 수>부터 <제7수>까지는 공명과 은거 사이의 내적 갈등을, <
frege2	216	독해(생활문) Day 216	[안내문]
frege2	217	독해(어법) Day 217	[어법]
frege2	218	독해(비문학) Day 218	열펌프(heat pump)는 물 펌프가 낮은 곳에 있는 물을 높은 곳으로 운반하는 것처럼 저온에서 고온으로 열을 운반하는 장치를 뜻한다. 열펌프는 일반적인 냉방 혹은 난방 장치와 달리 냉방과 난방이 모두 가능하다.
frege2	219	독해(문학) Day 219	낭원 곽후가 얼음 빛 냉정한 얼굴로 차갑고 매섭게 말하였다.\n“신첩 낭원은 윤회를 두 번 하였사오나 한나라와 맺은 원은 수백 년이 지나도 풀지 못하였습니다. 처음 인간 세계에 내려가서는 여태자의 후궁이 되어 왕손을 
frege2	220	독해(생활문) Day 220	[안내문]
frege2	221	독해(어법) Day 221	[어법]
frege2	222	독해(비문학) Day 222	건물에 외부의 힘이 작용하면 건물에는 특정 위치를 기준으로 반복적으로 움직이는 운동인 진동이 발생한다. 그래서 건물을 설계할 때는 이러한 건물의 진동을 줄이거나 없애는 제진 시스템을 적용하는데, 그중 자기 유변 유체
frege2	223	독해(문학) Day 223	낭원 곽후가 얼음 빛 냉정한 얼굴로 차갑고 매섭게 말하였다.\n“신첩 낭원은 윤회를 두 번 하였사오나 한나라와 맺은 원은 수백 년이 지나도 풀지 못하였습니다. 처음 인간 세계에 내려가서는 여태자의 후궁이 되어 왕손을 
frege2	224	독해(생활문) Day 224	[안내문]
frege2	225	독해(어법) Day 225	[어법]
frege2	226	독해(비문학) Day 226	전기화학식 가스 센서는 화학 반응을 통해 발생하는 전류를 이용해 특정 가스를 검지하기 위한 장치이다. 이 센서는 유입된 가스가 센서의 전극들과 작용하여 산화 환원 반응을 하는 과정에서 생성되는 전류의 양을 측정하여 
frege2	227	독해(문학) Day 227	장마 가뭄에 피해 입은 백성이 관찰사 가을 순행 기다림은\n가을걷이 부족함을 채워줄까 해서인데 지나는 곳마다 죄를 묻는 폐단 있네\n무논 재해도 감췄는데 목화밭이야 거론할까\n백 묘나 되는 벌건 땅에 백지징세 하는구나\n인
frege2	228	독해(생활문) Day 228	[안내문]
frege2	229	독해(어법) Day 229	[어법]
frege2	230	독해(비문학) Day 230	정전용량형 근접 습도 센서는 전극에 축적되는 전하의 용량인 정전용량의 변화를 이용하여 인체나 기계의 물리적 접촉 없이 습도 변화를 감지하는 센서이다. 이 센서는 공중 보건을 위해 엘리베이터나 출입문의 버튼 등 다중 
frege2	231	독해(문학) Day 231	나는 긴 여름 동안 별로 할 일이 없어서 늘 연못가에 나가 고기들이 입을 뻐끔거리며 노는 모양을 구경하곤 했다. 그러던 어느 날 이웃에 사는 사람이 나에게 대나무를 베어다가 낚싯대를 만들어 주고 또 바늘을 굽혀 낚시
frege2	232	독해(생활문) Day 232	[안내문]
frege2	233	독해(어법) Day 233	[어법]
frege2	234	독해(비문학) Day 234	진화론자들은 생존에 유리한 방향으로 우연히 돌연변이가 발생한 유전자가 후대에 전해지는 자연선택 과정의 누적으로, 오늘날 생태계의 생명체들이 현재와 같은 모습을 띠게 되었다고 본다. 그런데 우리의 눈과 같이 고차원적인
frege2	235	독해(문학) Day 235	바람이 살랑거리니 바깥보다는 방 안이 한결 좋다. 밤의 방 안은 더욱이 마음에 든다. 등하에 책상을 기대앉으면 마음이 폭 가라앉는 것이 무엇인가를 자연히 사색케 한다. 등화가친이라는 말이 있거니와 등화를 친하지 않고
frege2	236	독해(생활문) Day 236	[안내문]
frege2	237	독해(어법) Day 237	[어법]
frege2	238	독해(비문학) Day 238	최근 해양에서 얻을 수 있는 재생 에너지원에 대한 관심이 커지면서 해양 온도차 발전이 주목받고 있다. 해양에서는 태양열을 흡수한 정도에 따라, 수심이 얕은 표층수와 수심이 깊은 심층수 사이에 온도 차이가 발생한다. 
frege2	239	독해(문학) Day 239	화룡담 깊은 못이 너럭바위 아래 있어\n뿜으며 들썩이며 변화가 무궁하다\n사자봉 높은 돌이 용소를 굽어보되\n바위 중턱 파인 곳에 돌 하나 끼어 있다\n중의 말이 황당하여 대강 걸러 들으니\n저 바위의 사자가 화룡더러 말하기
frege2	240	독해(생활문) Day 240	[안내문]
frege2	241	독해(어법) Day 241	[어법]
frege2	242	독해(비문학) Day 242	혈압은 심장이 혈액을 밀어낼 때 혈관 내에 생기는 압력으 로, 심장박출량과 말초 혈관 저항의 곱에 비례한다. 심장박출 량은 심장이 1분 동안 혈관으로 밀어내는 혈액의 양이며 말초 혈관 저항은 말초 혈관을 순환하는 혈
frege2	243	독해(문학) Day 243	이태준, 「해촌 일지」
frege2	244	독해(생활문) Day 244	[안내문]
frege2	245	독해(어법) Day 245	[어법]
frege2	246	독해(비문학) Day 246	촉각을 통해 가상 환경의 물체와 사용자를 연결하는 기계 장치를 햅틱 장치라고 하며, 이 장치는 주로 사용자의 손을 통해 가상 물체에 관한 정보를 전달한다. 사용자가 햅틱 장치를 통해 가상 물체를 만지면 가상 환경 시
frege2	247	독해(문학) Day 247	향수\\_장만영\n◎갈래 : 자유시, 서정시\n◎성격 : 회고적, 감각적\n◎어조 : 독백적 어조\n◎표현 : 감각적 이미지로 형상화\n◎제재 : 고향\n◎주제 : 고향의 포근함에 대한 간절한 그리움과 그곳에 돌아갈 수 없는 슬
frege2	248	독해(생활문) Day 248	[안내문]
frege2	249	독해(어법) Day 249	[어법]
frege2	250	독해(비문학) Day 250	‘햅틱’이라는 단어는 ‘촉각의’, ‘만지는’이라는 뜻을 지닌 말로, 인간의 촉각과 관련된 일련의 지각 과정과 가상 환경에서 가상의 촉감을 만들어 내는 기술을 연구하는 분야를 햅틱스라고 한다. 햅틱스에서는 현실과 가까
frege2	251	독해(문학) Day 251	그녀에게 편지를 쓰는 것이 자신의 존재를 증명하던 시절이 있었다. 사랑하는 사람에게 보내는 편지만큼 표현의 욕구로 흘러 넘치는 것도 없다. 무언가를 표현하지 않고는 견딜 수 없는 시간들이 편지를 쓰게 한다. 그는 그
frege2	252	독해(생활문) Day 252	[안내문]
frege2	253	독해(어법) Day 253	[어법]
frege2	254	독해(비문학) Day 254	대기는 연속적인 유체로, 사방으로 운동한다. 대기의 상태는 기압, 기온, 습도, 바람 등의 변수로 나타내는데, 이들 간의 상호작용으로 인해 대기의 상태가 변한다. 이러한 변화를 예측하기 위해 수치예보가 활용되는데, 
frege2	255	독해(문학) Day 255	한때 나는 뿌리의 신도였지만\n제는 뿌리보다 줄기를 믿는 편이다
frege2	256	독해(생활문) Day 256	[안내문]
frege2	257	독해(어법) Day 257	[어법]
frege2	258	독해(비문학) Day 258	데이터를 처리할 때 데이터의 정확성은 매우 중요하다. 그런데 데이터에 결측치와 이상치가 포함되면 데이터의 특징을 제대로 나타내기 어렵다.\n결측치는 데이터 값이 빠져 있는 것이다. 결측치를 처리하는 방법 중 하나인 대
frege2	259	독해(문학) Day 259	과연 서번국의 대장 진골대가 급히 군사를 몰아 남주성에 들어가니, 백성이 하나도 없고 성 안이 텅 비어 있었다. 진골대가 크게 놀라 도로 진영으로 돌아가고자 하는데, 현후가 서번군이 성 안으로 들어가는 것을 보고서 
frege2	260	독해(생활문) Day 260	[안내문]
frege2	261	독해(어법) Day 261	[어법]
frege2	262	독해(비문학) Day 262	블록체인 기술은 데이터를 블록이라는 단위로 묶어 체인 형태로 연결한 것을 여러 대의 컴퓨터에 중복 저장하는 기술이다. 체인 형태로 연결된 블록의 집합을 블록체인이라 하고, 블록체인을 저장하는 컴퓨터를 노드라고 한다.
frege2	263	독해(문학) Day 263	는 조선 후기의 현실을 대화체를 통해 생생하게 드러낸 작품으로, 군역과 신역의 과중한 부담 속에서 고통받는 백성들의 삶을 사실적으로 묘사한다. 화자인 생원은 도망치는 갑민을 비판하며 현실에서 뿌리내리고 생업을 이어가
frege2	264	독해(생활문) Day 264	[안내문]
frege2	265	독해(어법) Day 265	[어법]
frege2	266	독해(비문학) Day 266	로켓의 안정적인 비행을 위해 연소 불안정은 반드시 해결해야 하는 문제이다. 연소 불안정은 연소가 원활히 이루어지지 않는 현상으로, 로켓에서는 연소실의 압력 진동이 비정상적으로 증폭되는 연소 불안정이 나타날 수 있다.
frege2	267	독해(문학) Day 267	그녀에게 편지를 쓰는 것이 자신의 존재를 증명하던 시절이 있었다. 사랑하는 사람에게 보내는 편지만큼 표현의 욕구로 흘러 넘치는 것도 없다. 무언가를 표현하지 않고는 견딜 수 없는 시간들이 편지를 쓰게 한다. 그는 그
frege2	268	독해(생활문) Day 268	[안내문]
frege2	269	독해(어법) Day 269	[어법]
frege2	270	독해(비문학) Day 270	연소는 가연물, 열, 산소라는 세 가지 조건이 충족될 때 시작된다. 이후 연소가 지속되는 과정에서는 자유 라디칼이 중심적인 역할을 한다. 자유 라디칼은 화학적으로 매우 불안정한 입자로, 연소 과정에서는 높은 온도에 
frege2	271	독해(문학) Day 271	는 우리는 사랑의 기억과 함께 상실의 고통을 안고 삶을 지속해야 한다는 의미를 담은 작품으로 볼 수 있다. ‘한 슬픔이 문을 닫으면 또 한 슬픔이 문을 여는 것’에서 보듯이 우리의 삶은 사랑과 슬픔의 반복이며, ‘단
frege2	272	독해(생활문) Day 272	[안내문]
frege2	273	독해(어법) Day 273	[어법]
frege2	274	독해(비문학) Day 274	열에너지는 항상 고온에서 저온으로 이동하며, 물체와 공기의 온도 차가 클수록 열전달이 활발해진다. 그런데 수분을 포함하고 있는 물체로 열전달이 일어나면 물 분자들의 운동 에너지가 증가하여 분자들 간의 결합력이 약해지
frege2	275	독해(문학) Day 275	2424 혹은 5454번의 전화번호를 보디에 커다랗게 써 붙인 삼륜차 또는 픽업이 대충 비슷비슷한 내용물들을 실은 채 속속들이 닿고 있었고, 감색 유니폼의 관리인들이 요소요소마다 늘어선 채 똑같은 말들을 외쳐 대고 
frege2	276	독해(생활문) Day 276	[안내문]
frege2	277	독해(어법) Day 277	[어법]
frege2	278	독해(비문학) Day 278	열팽창이란 물체의 온도 변화에 따라 그 길이, 부피가 변화하는 현상을 말한다. 그중 길이의 변화를 수치화한 것이 선형 열팽창 계수인데, 이는 온도 변화에 따른 길이 변화율을 온도 변화량으로 나눈 값이다. 여기에서 길
frege2	279	독해(문학) Day 279	장풍에 돛을 달고 육선이 함께 떠나\n삼현과 군악 소리 해산을 진동하니\n물속의 어룡들이 응당히 놀라리라\n해구를 얼른 나서 오륙도를 뒤 지우고\n고국을 돌아보니 야색이 아득하여\n아무것도 아니 뵈고 연해 각진포에\n불빛 두어
frege2	280	독해(생활문) Day 280	[안내문]
frege2	281	독해(어법) Day 281	[어법]
frege2	282	독해(비문학) Day 282	초음파 도플러 혈류계란 혈류의 속도와 방향 등의 정보를 측정하여 영상화하는 기기로 초음파의 도플러 효과를 이용한다. 초음파는 주파수가 인간의 가청 범위 이상인 음파이다. 일반적으로 음파를 전달하는 매개체인 매질을 통
frege2	283	독해(문학) Day 283	황운이 집에 내려와 본즉 화염을 좇아 아니 탄 것이 없고 가속 삼십여 명이 죽었고, 동네 사람이 겁내어 다 도망하였는지라. 황운이 하늘을 우러러 일장 통곡한 후 헤아리기를,\n‘이는 진권의 소행이니 이곳에 있다가는 남
frege2	284	독해(생활문) Day 284	[안내문]
frege2	285	독해(어법) Day 285	[어법]
frege2	286	독해(비문학) Day 286	지진은 지구 내부에서 일어나는 지각 변동으로 인해 땅이 흔들리는 현상이다. 이때 지각 부분에서 방출된 에너지는 파동의 형태로 전달되는데, 이를 지진파라고 한다. 대표적인 지진파로는 P파와 S파가 있다.
frege2	287	독해(문학) Day 287	“김기사장의 인격이나 기술을 우리 사에서는 믿고 맡기고 있었소. 한 회사라는 것은 그 회사의 사업을 위주로 해서 사람을 쓴다는 것은 두말도 할 필요 없겠지요. 김기사는 우리 회사가 환도 후 재건에 있어서 가장 큰 공
frege2	288	독해(생활문) Day 288	[안내문]
frege2	289	독해(어법) Day 289	[어법]
frege2	290	독해(비문학) Day 290	저울은 흔히 지렛대의 원리를 이용하거나 전기 저항 변화를 측정하여 질량을 잰다. 그렇다면 초정밀 저울은 기체 분자나 DNA와 같은 미세 물질의 질량을 어떻게 잴까? 이에 답하기 위해서는 압전 효과에 대한 이해가 필요
frege2	291	독해(문학) Day 291	나는 이홍에게 이렇게 말했다.\n“너는 잊는 것이 병이라고 생각하느냐? 잊는 것은 병이 아니다. 너는 잊지 않기를 바라느냐? 잊지 않는 것이 병이 아닌 것은 아니다. 그렇다면 잊지 않는 것이 병이 되고, 잊는 것이 도
frege2	292	독해(생활문) Day 292	[안내문]
frege2	293	독해(어법) Day 293	[어법]
frege2	294	독해(비문학) Day 294	식품 포장재, 세제 용기 등으로 사용되는 플라스틱은 생활에서 흔히 접할 수 있다. 플라스틱은 ‘성형할 수 있는, 거푸집으로 조형이 가능한’이라는 의미의 ‘플라스티코스’라는 그리스어에서 온 말로, 열과 압력으로 성형할
frege2	295	독해(문학) Day 295	천지인간 만물 중에 무상할 손 이내 사정\n못 할러라 못 할러라 빈집 살림 못 할러라\n얽었으나 검었으나 부부밖에 또 있는가\n견우직녀성도 둘이 서로 마주 섰고\n용천검 태아검도 둘이 서로 짝이 되고\n날짐승 길버러지 다 각
frege2	296	독해(생활문) Day 296	[안내문]
frege2	297	독해(어법) Day 297	[어법]
frege2	298	독해(비문학) Day 298	구조물은 부재를 바탕으로 구성되는데, 외부에서 작용하는 힘인 하중을 받는다. 구조물은 하중에 의해 파손되어 영구적으로 변형될 수 있으므로, 구조물을 설계할 때는 부재에 가해질 하중과 부재의 허용하중을 계산해야 한다.
frege2	299	독해(문학) Day 299	오늘은 당신이 가르쳐 준 태백산맥 속의 소광리 소나무 숲에서 이 엽서를 띄웁니다. 아침 햇살에 빛나는 소나무 숲에 들어서니 당신이 사람보다 나무를 더 사랑하는 까닭을 알 것 같습니다. 200년, 300년, 더러는 5
frege2	300	독해(생활문) Day 300	[안내문]
frege2	301	독해(어법) Day 301	[어법]
frege2	302	독해(비문학) Day 302	문장이나 영상, 음성을 만들어 내는 인공 지능 생성 모델 중 확산 모델은 영상의 복원, 생성 및 변환에 뛰어난 성능을 보인다. 확산 모델의 기본 발상은, 원본 이미지에 노이즈를 점진적으로 추가하였다가 그 노이즈를 다
frege2	303	독해(문학) Day 303	청춘과부가\\_작자미상\n◎갈래: 내방 가사, 규방 가사\n◎성격: 회한적, 애상적\n◎주제: 남편과 사별한 아픔, 청상과부가 된 신세 한탄
frege2	304	독해(생활문) Day 304	[안내문]
frege2	305	독해(어법) Day 305	[어법]
frege2	306	독해(비문학) Day 306	사계절이 뚜렷한 곳에서 자라는 나무는 매해 하나씩 나이테를 만들기 때문에 나이테를 세면 나무의 나이를 알 수 있다. 그렇다면 나이테는 단순히 나무의 나이를 알기 위해서만 활용되는 것일까? 그렇지 않다. 나이테는 현재
frege2	307	독해(문학) Day 307	사설시조\\_작자미상\n◎갈래: 사설시조\n◎성격: 서정적, 애상적(슬픔을 담은)\n◎주제: 임과 함께하고픈 강력한 의지와 임에 대한 사랑, 그리고 그리움\n◎구성:
frege2	308	독해(생활문) Day 308	[안내문]
frege2	309	독해(어법) Day 309	[어법]
frege2	310	독해(비문학) Day 310	디지털 이미지 워터마킹은 디지털 이미지에 저작권자나 배급자의 서명, 마크 등의 특정 정보를 다른 사람들이 인식하지 못하도록 삽입하는 것을 말한다. 이때 삽입된 정보를 디지털 워터마크라고 하며, 이것은 디지털 이미지의
frege2	311	독해(문학) Day 311	당신이 나무를 사랑하는 까닭\\_신영복\n◎갈래: 현대 수필, 서간체 수필\n◎성격: 비판적, 사색적, 반성적, 성찰적\n◎제재: 소광리 소나무 숲의 소나무\n◎주제:
frege2	312	독해(생활문) Day 312	[안내문]
frege2	313	독해(어법) Day 313	[어법]
frege2	314	독해(비문학) Day 314	집중 호우나 우박, 폭설 등과 같은 기상 현상은 재해로 이어질 수 있어 강수량을 예측하여 피해에 대비해야 한다. 최근에는 이중 편파 레이더 관측을 통해 10분마다 강수 정보가 갱신되는 등 보다 신속하고 정확한 기상 
frege2	315	독해(문학) Day 315	천지간에 만물이 소리를 내게 만드는 것은 무엇인가? 초목은 움직이지 않으면 그 자체로 소리가 나지 않으나 바람이 불면 소리가 난다. 그런즉 초목이 소리를 내게 하는 것은 바람이다. 금석은 때리지 않으면 그 자체로는 
frege2	316	독해(생활문) Day 316	[안내문]
frege2	317	독해(어법) Day 317	[어법]
frege2	318	독해(비문학) Day 318	소리 특히 음악을 저장하는 방법은 축음기에서 시작하여 매체의 발명과 발맞추어 많은 발전을 이루었다. 축음기의 원리는 간단하다. 끝부분에 날카로운 바늘을 장착한 원뿔형 나팔을 준비한다. 바늘 아래에 섬세하게 긁히는 회
frege2	319	독해(문학) Day 319	에서 화자의 ‘음성’이 ‘내면으로 되돌아오고’ 화 자가 ‘흔들’린다는 것에서 다른 사람과 소통할 수 없 는 화자의 고독감을 알 수 있으며 그런 흔들림이 ‘어 쩔 수 없’다는 것에서 화자가 고독감을 모든 사람이 지닌 
frege2	320	독해(생활문) Day 320	[안내문]
frege2	321	독해(어법) Day 321	[어법]
frege2	322	독해(비문학) Day 322	용해도는 일정한 온도에서 일정한 양의 용매에 최대로 녹을 수 있는 용질의 양으로, 보통 용매 100g에 녹을 수 있는 용질의 질량이다. 혼합물의 과포화 상태는 용질이 용해도 이상으로 녹아 있는 상태인데, 과포화 상태
frege2	323	독해(문학) Day 323	헌사한 조화옹이 산천을 빚어낼 때 낙은암 깊은 골을 날 위하여 만드시니 봉우리도 빼어나고 경치도 뛰어나다 어와 주인옹이 명리에 뜻이 없어 진세를 하직하고 산속에 깃들이니 내 생애 담백한들 내 분수이니 관계하랴 농환재
frege2	324	독해(생활문) Day 324	[안내문]
frege2	325	독해(어법) Day 325	[어법]
frege2	326	독해(비문학) Day 326	최근 인구 증가와 기후변화로 전 세계적인 물 부족 현상이 발생하고 있다. 지구상에 존재하는 물의 대부분은 해수이며 염분이 없는 물인 담수는 전체의 약 2.5%이다. 담수 중에서도 빙하, 지하수 등을 제외하면 인간이 
frege2	327	독해(문학) Day 327	어져 어져 저기 가는 저 사람아\n네 행색을 보아 하니 군사 도망 네로구나\n허리 위로 볼작시면 베적삼이 깃만 남고\n허리 아래 굽어보니 헌 잠방이 노닥노닥\n곱장 할미 앞에 가고 전태발이 뒤에 간다\n십 리 길을 하루 가니
frege2	328	독해(생활문) Day 328	[안내문]
frege2	329	독해(어법) Day 329	[어법]
frege2	330	독해(비문학) Day 330	근대 국가는 시민의 생명과 재산을 보호하는 것을 일차적인 존립 이유로 삼았다. 최소한의 금지 행위만을 법으로 정하고 이를 위반하는 경우에만 개입함으로써 시민의 자유를 최대한 보장하고자 했다. 이러한 목적이 반영된 자
frege2	331	독해(문학) Day 331	작자 미상, <녹양방초 언덕에 ~>\n[해제] 는 김천택이 엮은 <청구영언>에 수록된 사설시조로, 선행하는 화자(초장과 중장)와 목동들(종장) 사이의 대화를 통해 유희성을 보이는 작품이다. 화자는 앞내와 뒷내에서 잡아
frege2	332	독해(생활문) Day 332	[안내문]
frege2	333	독해(어법) Day 333	[어법]
frege2	334	독해(비문학) Day 334	재산 관계에서는 개인의 자유가 최대한 보장되어야 하므로 계약으로 권리와 의무가 인정되는 것이 원칙이다. 그러나 사회·경제적 조건을 달리하는 당사자들 간에서는, 약자 보호를 위해 법률로 그 내용이 정해지는 경우가 있고
frege2	335	독해(문학) Day 335	작자 미상, <녹양방초 언덕에 ~>\n[해제] 는 김천택이 엮은 <청구영언>에 수록된 사설시조로, 선행하는 화자(초장과 중장)와 목동들(종장) 사이의 대화를 통해 유희성을 보이는 작품이다. 화자는 앞내와 뒷내에서 잡아
frege2	336	독해(생활문) Day 336	[안내문]
frege2	337	독해(어법) Day 337	[어법]
frege2	338	독해(비문학) Day 338	법조문으로 구성된 법 규범인 성문법의 의미를 파악하는 것을 법 해석이라고 한다. 법은 사회 구성원들에게 보편적으로 적용되는 규범이므로, 성문법을 구성하는 단어나 문장은 그 일상적 의미에 충실하게 해석되어야 한다. 이
frege2	339	독해(문학) Day 339	어져 어져 저기 가는 저 사람아 네 행색을 보아 하니 군사 도망 네로구나 허리 위로 볼작시면 베적삼이 깃만 남고 허리 아래 굽어보니 헌 잠방이 노닥노닥 곱장 할미 앞에 가고 전태발이 뒤에 간다 십리 길을 하루 가니 
frege2	340	독해(생활문) Day 340	[안내문]
frege2	341	독해(어법) Day 341	[어법]
frege2	342	독해(비문학) Day 342	보증이란 채무자가 채무를 이행하지 않으면 그 채무를 다른 사람이 대신 이행하기로 하는 것이다. 이때 원래의 채무자를 주채무자, 주채무자 대신 채무를 이행하는 사람을 보증인이라 하고, 주채무자가 부담하는 채무를 주채무
frege2	343	독해(문학) Day 343	는 창작 시기와 작가는 분명하지 않지만 조선 영․정조 때(18세기) 성 대중이 함경도 북청 부사로 있을 무렵 근처 갑산 지역에 살았던 사람이 지은 것으로 추정된다. 갑산은 함경남도 북동부에 위치한 곳으로, 조선 시대
frege2	344	독해(생활문) Day 344	[안내문]
frege2	345	독해(어법) Day 345	[어법]
frege2	346	독해(비문학) Day 346	미국의 헌법학자 제롬 배런은 1967년 언론 매체 접근 · 이용권을 최초로 주장하였다. 언론 매체 접근 · 이용권이란 국민이 자신의 사상이나 의견을 표명하기 위하여 언론 매체에 자유로이 접근하여 이를 이용할 수 있는
frege2	347	독해(문학) Day 347	이 시름 저 시름 여러 가지 시름 방패연(화자의 시름을 담은 연. 시름을 해소하고 싶은 마음을 담은 다른 사설시조인 「창 내고자 창을 내고자~」와 비교하는 문제로도 출제될 수 있습니다.)에 세세히 적어(근심이 해소되
frege2	348	독해(생활문) Day 348	[안내문]
frege2	349	독해(어법) Day 349	[어법]
frege2	350	독해(비문학) Day 350	언론 보도에 의해 명예나 권리를 침해받은 때에는 어떻게 해야 할까? 명예 훼손죄로 고소할 수도 있지만, 판결이 나오기까지 시간이 오래 걸린다. 따라서 언론중재법에는 언론 매체에 의해 피해를 받은 개인에게 신속하고 대
frege2	351	독해(문학) Day 351	들은 지 오래더니 보았구나 백상루\n야속하다 강산이 날 기다리고 있었던가\n처음으로 만나보고 예전 본 듯 반기니\n유정한 너인가 인연 있는 나이던가\n고려 옛터를 어느 해에 고쳤기에\n웅장한 누각이 어제 세운 듯하구나\n처마가
frege2	352	독해(생활문) Day 352	[안내문]
frege2	353	독해(어법) Day 353	[어법]
frege2	354	독해(비문학) Day 354	공동 소유란 하나의 물건을 두 명 이상이 공동으로 소유하는 것을 말하며, 그 물건을 공유물이라고 한다. 공유물을 소유하는 공유자는 자신의 지분에 대해 권리를 갖는다. 지분이란 공유물에 대해 가지는 소유의 비율을 의미
frege2	355	독해(문학) Day 355	는 작자가 벼슬에서 은퇴한 후 강호에서 의 생활 체험을 노래한 9수의 연시조이다. 성은에 대 한 감격과 강호에서의 흥취, 어옹 생활에 대한 만족감 등이 드러나 있다. 는 작자가 임진왜란 중 영위사의 소임을 얻어 평안
frege2	356	독해(생활문) Day 356	[안내문]
frege2	357	독해(어법) Day 357	[어법]
frege2	358	독해(비문학) Day 358	기업은 주식과 채권 등 증권을 발행함으로써 경영 활동에 필요한 자금을 조달한다. 증권을 발행하는 기업은 증권의 발행 사실과 취득 절차를 안내하는 방식으로, 투자자들이 증권의 취 득을 위한 의사 표시인 청약을 하도록 
frege2	359	독해(문학) Day 359	이번 겨울은 소대한 추위를 모두 천안 삼거리 마른 능수버들 아래 맞았다. 일이 있어 충청도 진천으로 가던 날에 모두 소대한이 들었던 것이다. 나는 공교로이 타관 길에서 이런 이름 있는 날의 추위를 떨어가며 절기라는 
frege2	360	독해(생활문) Day 360	[안내문]
frege2	361	독해(어법) Day 361	[어법]
frege2	362	독해(비문학) Day 362	과징금이란 법령, 자치 법규 등에 따른 의무를 위반한 자에 대해 그 위반 행위에 대한 제재로서 부과하는 금전적 제재를 말한다. 금전적 제재 수단이라는 점에서 과징금은 형벌로서의 금전적 제재인 벌금과 유사하지만, 사법
frege2	363	독해(문학) Day 363	만물은 하나로부터 생겨나 각기 ‘나’가 된다. 내가 나를 나라고 생각하는 것은 다른 사람들이 자기를 자기라고 생각하는 것과 같다. 다른 사람이 아프고 가려울 때에 나는 그것을 느끼지 못하고 내가 그럴 때에는 다른 사
frege2	364	독해(생활문) Day 364	[안내문]
frege2	365	독해(어법) Day 365	[어법]
frege3	1	독해(비문학) Day 1	???? ??? ?? ??? ??? ??? ??? ???, ??? ??? ???? ??? ??? ??? ?? ???? ?? ????.???? ?? ???? ?? ?? ?? ??? ??? ??? ??? ?? ??? ?
frege3	2	독해(비문학) Day 2	역사 자료를 읽을 때 어떤 글이나 물건이 옛날에 만들어졌다는 사실만으로 곧바로 믿어서는 안 된다.같은 시대의 기록이라도 누가 만들었는지, 무엇을 보았는지, 무엇을 감추고 싶었는지에 따라 내용이 달라질 수 있기 때문이
frege3	3	독해(비문학) Day 3	하천 수질 조사 결과를 읽을 때는 숫자 하나가 높은지 낮은지만 보는 것으로 충분하지 않다.채취한 날짜와 지점, 바로 전날의 날씨가 달라지면 같은 하천이라도 탁도와 냄새, 떠내려온 흙의 양이 크게 달라질 수 있기 때문
frege3	4	독해(문학) Day 4	이렇게 맥고모자를 쓰고 삐루를 마시고 친구를 생각하기는 그대의 언제나 자랑하는 털게에 청포채를 무친 맛나는 안주 탓인데 나는 정말이지 그대도 잘 아는 함경도 함흥 만세교 다리 밑에 님이 오는 털게 맛에 헤가우손이를 
frege3	5	독해(비문학) Day 5	모방이란 새로운 행동이나 선천적이지 않은 행동을 관찰하여 행동 그 자체를 복제한다는 의미인데, 관찰과 학습을 필수적으로 포함한다. 이러한 모방의 개념은 인간과 고등 지능 동물의 행동 차이를 살펴봄으로써 좀 더 분명히
frege3	6	독해(문학) Day 6	"이리 오너라.” 하며 순사는 죄인이나 다루듯이 원석이의 소맷자락을 잡아 채친다. 가슴이 떨리나 하는 대로 내버려두었다. <u> 설령 죄가 돌아온다 하더라도 받는 것이다\\!</u> 고까지 생각하며 마음을 가라앉히려 
frege3	7	독해(비문학) Day 7	도킨스는 인간 개체의 경쟁이나 협동, 희생이 자신의 복사본을 더 많이 퍼뜨리기 위한 유전자의 전략이라고 설명하며 인간은 유전자의 운반체에 불과하다고 주장한다. 나아가 유전자 전달과 마찬가지로 문화도 특정 정보 단위로
frege3	8	독해(문학) Day 8	김약련, ｢ 두암육가 ｣ 하얗게 센 머리를 들여다보며 대장부로서 아무것도 이룬 것 없이 늙어버린 자신의 지난 삶에 대한 후회 와 한탄을 드러내는 한편, 자신의 경험을 바탕으로 젊은이들이 경계해야 할 일과 추구해야 할
frege3	9	독해(비문학) Day 9	공리주의는 공리의 실천을 통한 ㉮ 최대 행복의 원리를 중시한다. 공리란 이익과 효용을 뜻하는 것으로 공리주의에서 행복이란 공리를 극대화하는 것, 즉 고통을 피하고 쾌락을 추구하는 것이다. 여기서 행복은 개인의 쾌락만
frege3	10	독해(문학) Day 10	현구는 내게 했던 말처럼, 그의 그 '가난한 자를 위한 사랑의 실천 운동'이야말로 하나님이 누구보다도 귀히 여기고 있을 것임에 틀림없었다. 한마디로 그는 소명을 받은 자였다.
frege3	11	독해(비문학) Day 11	인간의 이기적 욕망을 충족하기에 한 사회가 갖고 있는 자원은 유한하다. 경제학자들은 인간이 합리적인 선택을 통해 개인의 이익을 극대화하는 존재로 보고, 합리적 소비 과정을 이해하기 위하여 효용 이론을 제시하였다.
frege3	12	독해(문학) Day 12	천양희, ｢ 마음의 수수밭 ｣ 이 시는 화자의 내면을 ‘수수밭’에 비유하여 공간화하 고, 화자를 일깨우는 다양한 대상을 활용하여 내면 의식의 변화와 성찰을 형상화하고 있다. 내적 혼란을 겪고 있는 화자는 어둡고 괴로
frege3	13	독해(비문학) Day 13	자유 무역 협정은 특정 국가 간의 상호 무역 증진을 위해 상품의 이동을 자유화하는 협정이다. 이 협정의 근본적인 목적은 협정을 체결한 권역 내 국가, 즉 역내국들의 경제적 이익을 극대화하는 데에 있다. 이를 위해 역
frege3	14	독해(문학) Day 14	밤이다. 하늘은 푸르다 못해 농회색으로 캄캄하나 별들만은 또렷또렷 빛난다. 침침한 어둠뿐만 아니라 오삭오삭 춥다. 이 육중한 기류 가운데 자조하는 한 젊은이가 있다. 그를 나라고 불러두자. 나는 이 어둠에서 배태되고
frege3	15	독해(비문학) Day 15	자유 무역 협정에서 원산지는 상품의 관세 혜택 여부를 결정하는 중요한 요소이다. 따라서 모든 자유 무역 협정에서는 상품의 원산지를 판정하는 기준인 원산지 결정 기준을 마련하고 있다. 역내국은 이 기준에 따라 수입 상
frege3	16	독해(문학) Day 16	의 화자는 하루가 저무는 시간이자 인생의 황혼을 의미하는 저녁 무렵에 학문적 숙원을 이루 지 못한 자신의 삶을 돌아보며 생각에 잠기고 있 다. 의 글쓴이는 어둠이라는 부정적 상황을 의미하는 ‘밤’에 ‘갈 곳이 어딘지
frege3	17	독해(비문학) Day 17	준거가격은 어떤 제품의 가격이 비싼지, 싼지를 평가하는 기준이 되는 가격으로, 외부준거가격과 내부준거가격으로 나눌 수 있다. 외부준거가격은 제품의 정가나 할인된 가격 등과 같이 소비자의 외부 환경에서 제공되는 가격으
frege3	18	독해(문학) Day 18	모계위가 한여름에 들에 나가 김을 매다가 틈이 나자 우뚝 서 있었다. 밭두둑 사이에 큰 나무가 있었다. 아침에 그늘이 서쪽으로 지자, 사람들이 다투어 그 아래로 가고, 얼마 뒤에 해가 옮겨 가자 모두들 떠들썩하게 동
frege3	19	독해(비문학) Day 19	필요 없는 제품을 할인율이 높다는 이유로 충동적으로 구매하는 것을 경제학에서는 어떻게 설명할 수 있을까? 행동경제학에서는 이러한 소비자의 비합리적인 소비 행태를 거래효용으로 설명한다. 이때 거래효용은 소비자가 제품 
frege3	20	독해(문학) Day 20	전간대\\_홍석주\n◎갈래: 고전 수필\n◎성격: 교훈적, 비판적, 비유적, 철학적\n◎주제
frege3	21	독해(비문학) Day 21	특허 제도는 발명을 보호, 장려함으로써 국가 산업의 발전을 도모하기 위한 제도로, 일정 기간 해당 발명에 대한 독점적 권리를 가질 수 있도록 보장하는 특허권을 특허 출원인에게 부여한다. 특허 출원을 희망하는 자가 발
frege3	22	독해(문학) Day 22	[앞부분의 내용] 단역 전문 배우인 ‘그’는 일요일에도 촬영장에 나가 주인공인 신장균에 맞서는 악역 고독성의 졸개 역할을 맡아 촬영의 마지막 장면을 기다린다.
frege3	23	독해(비문학) Day 23	특허권자는 특허권을 획득한 발명에 대해 독점적이고 배타적인 권리를 인정받는다. 따라서 정당한 권한이 없는 자가 자신의 특허권을 침해했다고 판단할 경우, 특허 제도를 통해 그 권리를 보호받을 수 있다. 특허권은 일반적
frege3	24	독해(문학) Day 24	는 임에 대한 영원한 사랑에 대한 다짐을 노래하고 있는 작품이다. 화 자에게 임은 ‘일월’처럼 ‘거룩한’ 존재로 절대적 사랑의 대상이다. 따라서 ‘만년을 싸 늘한 바위를 안고도’ 뜨겁게 사랑할 수 있고, ‘흰뼈가 되
frege3	25	독해(비문학) Day 25	건축법에서 건축물의 건축은 공공복리를 저해할 수 있는 위험한 행위로 간주된다. 그래서 허가 요건에 맞춘 설계로 최소한의 안전이 보장되었다고 판단되는 경우에 한해 건축 금지가 해제되어 건축이 가능해진다.\n건축 행위는 
frege3	26	독해(문학) Day 26	지금 그 자식들은 저희들이 나고 자란, 저희들의 탯자리인 집이 수몰이 되건 말건 관심이 없다. 수몰 보상금을 나눠 가진 뒤에는 제 어미가 어찌 살든 내려와 보지도 않는다. 이제 물이 들어차면 덕님은 순천의 막내딸년 
frege3	27	독해(비문학) Day 27	경기가 침체되어 가계의 소비가 줄어들면 시중의 제품이 팔리지 않아 기업은 생산 규모를 축소하게 된다. 그 결과 실업률이 증가하고 가계의 수입이 감소하면서 소비는 더욱 위축된다. 이와 같은 악순환으로 경기 침체가 심화
frege3	28	독해(문학) Day 28	옥중의 아무는 평소 내가 믿고 존경하던 사람이라 문장을 짓고 윤색할 때면 심부름꾼을 통해 서신을 주고받으며 조언을 구하곤 하였다. 하루는 그가 나에게 말을 전해 왔다. "나는 지병이 있는 몸으로 횡액을 당하여 오랫동
frege3	29	독해(비문학) Day 29	경마식 보도의 문제점을 줄이려는 조치가 있다. ㉮ ｢공직선거법｣의 규정에 따르면, 당선인을 예상케 하는 여론조사를 실시하는 것은 언제든지 가능하지만, 그 결과의 보도는 선거일 6일 전부터 투표 마감 시각까지 금지된다
frege3	30	독해(문학) Day 30	만물은 하나로부터 생겨나 각기 ‘나’가 된다. 내가 나를 나라고 생각하는 것은 다른 사람들이 자기를 자기라고 생각하는 것과 같다. 다른 사람이 아프고 가려울 때에 나는 그것을 느끼지 못하고 내가 그럴 때에는 다른 사
frege3	31	독해(비문학) Day 31	저널리즘이란 공적 관심이 큰 시사 현안을 일련의 규칙에 따라 취재 및 편집하여 미디어를 통해 알리는 지적 활동이다. 20세기 중·후반에 언론은 주로 권력 집단과 관련된 사안을 피상적으로 보도하는 경향이 있었다. 보도
frege3	32	독해(문학) Day 32	부패해가는 마음 안의 거대한 저수지를\n나는 발효시키려 한다
frege3	33	독해(비문학) Day 33	공정거래위원회는 시장 경쟁을 촉진하고 소비자 주권을 확립하기 위해, 사업자의 불공정한 거래 행위와 부당한 광고를 규제한다. 이를 위해 ‘공정거래법’과 ‘표시광고법’을 활용한다.\n‘공정거래법’은 사업자의 재판매 가격 
frege3	34	독해(문학) Day 34	갑오년 여름, 나는 달촌에서 예전에 살던 화오촌의 집으로 이사했다. 집이 좁고 낮아 드나들 때마다 머리를 부딪혔다. 이때는 날씨가 무더워 마치 뜨거운 화로에 들어간 것 같았다. 게다가 모기와 파리가 달라붙으니 괴로워
frege3	35	독해(비문학) Day 35	공포 소구는 그 메시지에 담긴 권고를 따르지 않을 때의 해로운 결과를 강조하여 수용자를 설득하는 것으로, 1950년대 초부터 설득 전략 연구자들의 연구 대상이 되었다. 초기 연구를 대표하는 재니스는 기존 연구에서 다
frege3	36	독해(문학) Day 36	한낮이 기운 뜨거운 볕은 사정없이 내리쪼여서 다니기도 어려운 노릇이다. 그는 한참 서서 망설이다가 기운 없는 다리를 겨우 끌고 ××신문사로 찾아갔다. ××신문사 학예부에 있는 짐을 찾아서 원고를 써주기로 하고 돈 교
frege3	37	독해(비문학) Day 37	정당과 같은 정치 조직이 민주적 방식과 절차로 운영되어야 하는 것은 당연하다. 그런데 민주적 운영 체제를 갖추었으면서도 실제로는 일부 소수에게 권력이 집중되어 있는 경우도 적지 않다. 조직 운영에서 보이는 이러한 현
frege3	38	독해(문학) Day 38	아버지가 아직도 지키고 있는 그의 재산을 넘겨다보는 듯한 용팔이가 따지는 산판알이 거침없이 한 자리씩 올라가는 것을 유심히 바라보고 있는 자신을 의식하며 보고 있을 때, 이렇게 대강만 놓아도, 하고 산판을 밀어 놓으
frege3	39	독해(비문학) Day 39	교통 이용 내역과 같은 기록은 개인의 데이터이며, 그 개인이 ‘정보 주체’이다. 데이터는 물리적 형체가 없고, 복제와 재사용이 수월하다. 이 데이터가 대량으로 집적·처리되면 빅 데이터가 되고, 이것의 정보 처리자인 
frege3	40	독해(문학) Day 40	나는 이홍에게 이렇게 말했다.\n“너는 잊는 것이 병이라고 생각하느냐? 잊는 것은 병이 아니다. 너는 잊지 않기를 바라느냐? 잊지 않는 것이 병이 아닌 것은 아니다. 그렇다면 잊지 않는 것이 병이 되고, 잊는 것이 도
frege3	41	독해(비문학) Day 41	물건에 대해 지배력을 갖는 권리를 물권이라고 하는데, 점유권, 소유권, 전세권, 저당권 등이 그에 해당한다. 물건 중에서도 부동산은 일반적으로 동산보다 값비싼 재산이다. 따라서 그에 대한 거래는 신중할 수밖에 없어 
frege3	42	독해(문학) Day 42	는 어두운 시대가 지나고 새로운 시대를 맞이하는 희망과 감격을 노래 하고 있다. 화자는 ‘문’이 닫혀 있는 모습에서 암울했던 시절을 떠올리고 있으며, 새 벽이 오며 ‘문’이 열리는 모습을 통해 암울했던 시절이 지나고
frege3	43	독해(비문학) Day 43	17세의 고등학생이 부모의 동의 없이 60만 원의 다이어트 식품을 할부로 구매하여 절반 정도 복용을 했지만, 효과가 없자 결국 계약을 취소하기로 했다. 하지만 판매업자는 미성년자에 의한 계약이라도 사용한 만큼의 대금
frege3	44	독해(문학) Day 44	“내 천성이 물을 좋아하는데, 도성 안이라 볼만한 샘이나 못이 없어 비록 물을 보는 법을 알고 있어도 써 볼 데가 없는 것이 늘 아쉬웠습니다. 그런데 천하의 지도를 보고 깨우친 점이 있었습니다.\n넘실거리는 큰 바다 
frege3	45	독해(비문학) Day 45	매매 계약, 유언 등과 같은 법률행위가 법률효과를 발생시키려면 성립요건과 효력요건을 갖추어야 한다. 성립요건은 법률행위가 성립되기 위한 요건으로, 성립요건을 갖추지 못한 경우 법률행위가 불성립했다고 한다. 효력요건은
frege3	46	독해(문학) Day 46	나라의 믿는 근본 우리 백성 그 아니며\n우리 백성 믿는 근본 이내 농사 아니겠나\n크고도 저 큰 사업 천하 대본 이뿐이라\n밭이랑에 좋은 씨앗 일궈 묵힐 자리 살펴\n농사 준비 이 모춘에 때 지키기 급선무라\n(중략)\n묻노
frege3	47	독해(비문학) Day 47	법의 효력이란 사회 규범으로서의 법이 타당성과 실효성을 바탕으로 그 목적과 내용대로 실현되는 힘을 의미한다. 이때 타당성이란 법이 구속력을 가질 수 있는 정당한 자격을 말한다. 국민과 법이 추구하는 정의가 서로 같고
frege3	48	독해(문학) Day 48	비옹이 정원을 거닐고 있는데, 패랭이를 쓰고 동달이를 입은 어떤 사람이 지나가고 있었다. 걸음을 멈추고 그와 이야기를 나누었는데, 갑자기 어떤 객이 이르러 깜짝 놀라 말했다. “이 사람은 광주의 무두장이 거복입니다.
frege3	49	독해(비문학) Day 49	법인은 일정한 목적 아래 설립되어 독립된 권리와 의무를 부여받는 법적 인격체로, 법인격의 부여 대상이 재산 자체인지 단체인지에 따라 재단 법인과 사단 법인으로 나뉜다. 또한 경제적 이익 추구 여부에 따라 영리 법인과
frege3	50	독해(문학) Day 50	나라의 믿는 근본 우리 백성 그 아니며\n우리 백성 믿는 근본 이내 농사 아니겠나\n크고도 저 큰 사업 천하 대본 이뿐이라\n밭이랑에 좋은 씨앗 일궈 묵힐 자리 살펴\n농사 준비 이 모춘에 때 지키기 급선무라\n(중략)\n묻노
frege3	51	독해(비문학) Day 51	법은 가능한 한 많은 구체적인 사안들에 적용될 수 있도록 일반적·추상적인 규범 명제로 기술되어 있다. 따라서 법을 구체적 사안에 적용하기 위해서는 법의 내용을 분명히 파악하고 적용 범위를 확정하는 법의 해석이 필요하
frege3	52	독해(문학) Day 52	비옹이 정원을 거닐고 있는데, 패랭이를 쓰고 동달이를 입은 어떤 사람이 지나가고 있었다. 걸음을 멈추고 그와 이야기를 나누었는데, 갑자기 어떤 객이 이르러 깜짝 놀라 말했다. “이 사람은 광주의 무두장이 거복입니다.
frege3	53	독해(비문학) Day 53	연합형 게임은 경제주체들이 연합을 형성하여 협력한 결과를 공정하게 분배하는 방법을 모색하는 경제학 이론이다. 여기서 연합이란 경제주체들이 공동의 목적을 위해 경제주체의 전체나 일부가 형성한 집단으로, 연합의 경제주체
frege3	54	독해(문학) Day 54	부패해가는 마음 안의 거대한 저수지를\n나는 발효시키려 한다
frege3	55	독해(비문학) Day 55	우리 법에서는 개인 간의 관계를 규율하는 법인 사법상 자신의 권리를 주장하거나 분쟁을 해결하기 위해 누구나 재판을 받을 수 있는 권리를 보장한다. 민사 소송은 법률관계를 확정하는 법원의 판결을 구하는 것으로, 소송 
frege3	56	독해(문학) Day 56	바람이 살랑거리니 바깥보다는 방 안이 한결 좋다. 밤의 방 안은 더욱이 마음에 든다. 등하에 책상을 기대앉으면 마음이 폭 가라앉는 것이 무엇인가를 자연히 사색케 한다. 등화가친이라는 말이 있거니와 등화를 친하지 않고
frege3	57	독해(비문학) Day 57	원가회계란 정확한 원가나 수익을 측정하고 분석하는 경영 관리 활동 중 하나이다. 여기서 원가란 기업이 제품을 만들기 위해 재료를 구입하거나 서비스를 얻기 위해 소비된 경제적 가치를 화폐액으로 측정한 것으로, 기업의 
frege3	58	독해(문학) Day 58	만물은 하나로부터 생겨나 각기 ‘나’가 된다. 내가 나를 나라고 생각하는 것은 다른 사람들이 자기를 자기라고 생각하는 것과 같다. 다른 사람이 아프고 가려울 때에 나는 그것을 느끼지 못하고 내가 그럴 때에는 다른 사
frege3	59	독해(비문학) Day 59	법률상 유언은 자기의 사망으로 권리관계의 변동이 일어나게끔 일방적인 의사를 표시하는 법률 행위라 할 수 있다. 유언으로 재산을 넘겨주는 것을 유증이라 하는데, 유증은 상대방의 의사와 상관없이 유언자의 일방적인 의사만
frege3	60	독해(문학) Day 60	그쯤 체념을 하고 될 수 있으면 배꼽에 관한 일들을 잊어버리려 했다. 자신으로부터 배꼽이 사라져 버린 사실을, 그리고 그 때문에 생긴 모든 불편을 잊고, 그 배꼽 없는 생활에 스스로 익숙해져 버리기를 바라 마지않았다
frege3	61	독해(비문학) Day 61	리프킨은 사회적 상호 작용에서의 자기표현은 본질적으로 연극적이며, 표면 연기와 심층 연기로 이루어진다고 언급했다. 표면 연기는 내면의 자연스러운 감정보다 의례적인 표현과 같은 형식에 집중하여 연기하는 것이고, 심층 
frege3	62	독해(문학) Day 62	그녀에게 편지를 쓰는 것이 자신의 존재를 증명하던 시절이 있었다. 사랑하는 사람에게 보내는 편지만큼 표현의 욕구로 흘러 넘치는 것도 없다. 무언가를 표현하지 않고는 견딜 수 없는 시간들이 편지를 쓰게 한다. 그는 그
frege3	63	독해(비문학) Day 63	조세를 법적으로 납부할 책임을 가진 사람과 그 조세를 실질적으로 납부하는 사람이 다르다면 조세 부담이 불공평해질 수 있다. 조세 귀착은 조세 부담이 실질적으로 어떻게 배분되는지를 규명하는 것으로, 정부는 조세 부담을
frege3	64	독해(문학) Day 64	는 배를 미는 행위를 통해 사랑을 떠나보낸 후의 슬픔과 그리움을 노 래한 시이다. 이 작품에서는 ‘배’와 ‘물’의 이미지를 활용하여 이별의 상황에서 벗어나 려는, 이별의 아픔과 슬픔에서마저 벗어나려는 화자의 심리를 
frege3	65	독해(비문학) Day 65	민법에서 토지는 일정 범위의 지면과 정당한 이익이 있는 범위 내에서의 그 공중과 지하를 포함하는 것을 말한다. 토지 소유권자는 자신의 토지를 자유롭게 이용하면서 이를 통해 이익을 얻고, 매매, 상속 등의 처분을 할 
frege3	66	독해(문학) Day 66	들은 지 오래더니 보았구나 백상루\n야속하다 강산이 날 기다리고 있었던가\n처음으로 만나보고 예전 본 듯 반기니\n유정한 너인가 인연 있는 나이던가\n고려 옛터를 어느 해에 고쳤기에\n웅장한 누각이 어제 세운 듯하구나\n처마가
frege3	67	독해(비문학) Day 67	토지를 구매하거나 부동산을 담보로 돈을 빌리려고 하는데 본인이 직접 상대방과 거래를 하기가 어렵다면, 민법에서 규정하는 대리제도를 활용할 수 있다. ‘대리제도’란, 본인을 대리할 권한을 가진 대리인이 본인 대신에 법
frege3	68	독해(문학) Day 68	는 작자가 벼슬에서 은퇴한 후 강호에서 의 생활 체험을 노래한 9수의 연시조이다. 성은에 대 한 감격과 강호에서의 흥취, 어옹 생활에 대한 만족감 등이 드러나 있다. 는 작자가 임진왜란 중 영위사의 소임을 얻어 평안
frege3	69	독해(비문학) Day 69	법 해석은 법 규칙의 내용을 분명히 파악하고 그 적용 범위를 확정하는 것을 의미한다. 그런데 많은 사례에 법 규칙이 문제없이 작용한다고 할지라도, 일부 사례에서는 적용 가능 여부가 분명하지 않아서 문제가 될 수 있다
frege3	70	독해(문학) Day 70	밤이다. 하늘은 푸르다 못해 농회색으로 캄캄하나 별들만은 또렷또렷 빛난다. 침침한 어둠뿐만 아니라 오삭오삭 춥다. 이 육중한 기류 가운데 자조하는 한 젊은이가 있다. 그를 나라고 불러두자. 나는 이 어둠에서 배태되고
frege3	71	독해(비문학) Day 71	[14～17]
frege3	72	독해(문학) Day 72	의 화자는 하루가 저무는 시간이자 인생의 황혼을 의미하는 저녁 무렵에 학문적 숙원을 이루 지 못한 자신의 삶을 돌아보며 생각에 잠기고 있 다. 의 글쓴이는 어둠이라는 부정적 상황을 의미하는 ‘밤’에 ‘갈 곳이 어딘지
frege3	73	독해(비문학) Day 73	형법은 범죄와 형벌을 규정한 법률로 어떤 행위가 형법상 범죄 행위로 성립하려면 ‘구성 요건 해당성’, ‘위법성’, ‘책임’이라는 세 가지 요건을 순차적으로 모두 충족해야 한다.\n첫 번째 성립 요건인 구성 요건 해당성
frege3	74	독해(문학) Day 74	그는 돌아와서 아무 일도 하지 않았다. 사실은 아무것도 할 수가 없었다. 녀석에게는 학위를 가져오지 못한 한국적인 약점을 보충해 줄 지면도 없었고, 지면을 만들 만한 주변머리도 없었다. 유학 지망생 몇 명을 모아다가
frege3	75	독해(비문학) Day 75	형법은 범죄와 형벌에 관한 법 규범이다. 범죄가 성립하려면 어떠한 행위가 범죄의 구성요건에 해당하고, 위법하며, 행위자의 책임이 인정되어야 한다. 이때의 구성요건이란 법률로 정해 놓은 범죄 행위의 유형으로, 예를 들
frege3	76	독해(문학) Day 76	녹운은 위연청이 안전하게 돌아온 것을 보고 실망하고 놀랐다. 위연청이 물러가고 위지덕이 나간 사이에 녹운이 왕소삼을 꾸짖었다.
frege3	77	독해(생활문) Day 77	[안내문]
frege3	78	독해(비문학) Day 78	법질서 아래에서는 관계의 종류에 따라 적용해야 할 법의 분야가 달라지는데, 법의 대표적인 두 분야는 형사법과 민사법이다. 형사법은 국가와 범죄자 간의 법률관계를 규율하며 민사법은 개인과 개인 혹은 개인으로 인정되는 
frege3	79	독해(문학) Day 79	는 표면적으로는 봄을 맞아 생명력 넘치는 주변 풍경을 묘사한 작품으로 보이지 만, 심층적으로 보면 시인으로서 언어 사용의 새로운 방안을 모색한 작품으로 볼 수 있다. 1연에서는 언어를 통해 대상에 자유를 주려는 시도
frege3	80	독해(생활문) Day 80	[안내문]
frege3	81	독해(어법) Day 81	[어법]
frege3	82	독해(비문학) Day 82	세포핵 속 DNA에 저장된 생물체의 유전 정보는 mRNA로 전사되어 세포질로 내보내진 후 리보솜을 통해 단백질로 합성된다. 바이러스는 단백질로 둘러싸인 DNA나 RNA를 유전 물질로 갖는 기생체로, 생물체에 침입하여
frege3	83	독해(문학) Day 83	에는 ‘떨어진다’, ‘든다’, ‘묻어난다’와 같은 시어에 서 현재형 어미 ‘-ㄴ다’를 확인할 수 있는데, 이는 소 년에게 가을 하늘을 상징하는 파란 물감이 스며들고 있는 상황을 제시하고 있다. 는 ‘양껏 받는다’, 
frege3	84	독해(생활문) Day 84	[안내문]
frege3	85	독해(어법) Day 85	[어법]
frege3	86	독해(비문학) Day 86	귀 안쪽에 위치하는 달팽이관은 림프액이 차 있는 달팽이 모양의 청각 기관이다. <그림>은 달팽이관의 횡단면을 확대한 것이다. 달팽이관 안에는 관의 모양을 따라 기저막이라는 긴 막이 존재하며, 기저막 위로는 털 세포가
frege3	87	독해(문학) Day 87	아득한 옛날에 나는 떠났다 부여를 숙신을 발해를 여진을 요를 금을 흥안령을 음산을 아무우르를 숭가리를 범과 사슴과 너구리를 배반하고 송어와 메기와 개구리를 속이고 나는 떠났다
frege3	88	독해(생활문) Day 88	[안내문]
frege3	89	독해(어법) Day 89	[어법]
frege3	90	독해(비문학) Day 90	우리는 냄새를 어떻게 인식할까? 냄새의 원인이 되는 기체 상태의 분자가 코로 들어온 후 몇 가지 과정을 거쳐 뇌에서 냄새를 인식하게 된다. 과학자들은 분자의 구조와 뇌가 인식하는 냄새 사이에 직접적인 관련이 있다고 
frege3	91	독해(문학) Day 91	이문원 동쪽 늙은 나무가 있는데 적어도 백여 년은 된 것 같다. 그 몸통은 울퉁불퉁 옹이가 졌고 가지는 구불구불 뻗어서 멀찍이서 보면 가파른 산등성이나 성난 파도 같았고 다가가서 보면 둥그스름한 큰 집채 같았다. 기
frege3	92	독해(생활문) Day 92	[안내문]
frege3	93	독해(어법) Day 93	[어법]
frege3	94	독해(비문학) Day 94	서양의 과학과 기술, 천주교의 수용을 반대했던 이항로를 비롯한 척사파의 주장은 개항 이후에도 지속되었지만, 개화는 거스를 수 없는 대세로 자리 잡았다. 개물성무와 화민성속의 앞 글자를 딴 개화는 개항 이전에는 통치자
frege3	95	독해(문학) Day 95	는 화자의 삶을 통해 일제 강점기의 암담한 현실에서 유민으로 살아가 는 우리 민족의 회한을 형상화하고 있다. 화자는 먼 옛날부터 살았던 북방을 떠나 ‘앞대’, 즉 한반도에 정착하던 상황을 떠올린다. 그리고 안일하게 
frege3	96	독해(생활문) Day 96	[안내문]
frege3	97	독해(어법) Day 97	[어법]
frege3	98	독해(비문학) Day 98	중국이 서양의 과학과 기술에 전면적인 관심을 기울인 때는 아편 전쟁 이후였다. 전쟁 패배에 따른 위기감은 반세기에 걸쳐 근대화의 추진과 함께 의욕적인 기술 수용으로 이어졌지만, 청일 전쟁의 패배는 기술 수용만으로는 
frege3	99	독해(문학) Day 99	기다리는 엿장수는 오지 않았다. 벌써 보름째 나타나지 않는 엿장수의 리어카를 기다리느라 조바심이 난 아이들은 오리처럼 목이 길어졌다. 마당에서 자치기를 하다가도 담 너머로 슬쩍슬쩍 눈을 돌렸고, 꼴을 베다가도 동구 
frege3	100	독해(생활문) Day 100	[안내문]
frege3	101	독해(어법) Day 101	[어법]
frege3	102	독해(비문학) Day 102	‘감정 미학’은 미의 본질이 감정에 있다고 보는 이론으로, 음악에서의 감정 미학은 바로크 시대에 본격화된 개념이다. 바로크 시대 이전에도 음악과 감정의 관계에 주목했던 때가 있었는데 바로 고대 그리스 시대이다. 고대
frege3	103	독해(문학) Day 103	는 구강이 암행어사의 임무를 띠고 추운 겨울에 북관, 즉 함경도를 지나며 경험한 일을 기록 한 장편 가사이다. 암행어사가 쓴 유일한 국문시가 작품으로, 백성들의 삶의 현실, 관리들의 실정, 북관 의 풍경과 그에 대한
frege3	104	독해(생활문) Day 104	[안내문]
frege3	105	독해(어법) Day 105	[어법]
frege3	106	독해(비문학) Day 106	음악의 정서 표현성에 대한 논쟁은 ‘음악이 슬프다.’라는 일상적 어법에 대한 분석 철학자들의 문제의식에서 시작되었다. 무생물인 ‘음악’에 ‘슬프다’라는 술어가 적용될 때 생기는 논리적 모순에 주목한 것이다. 이러한 
frege3	107	독해(문학) Day 107	는 암행어사인 화자와 백성의 질문과 대답으로 내용이 전개되고 있다. 5~8행에서 암행어사인 화자 가 백성들에게 질문과 제안을 하고 있고, 9~17행은 그에 대한 백성들의 대답으로 구성되어 있다. 그에 비해 는 화자가
frege3	108	독해(생활문) Day 108	[안내문]
frege3	109	독해(어법) Day 109	[어법]
frege3	110	독해(비문학) Day 110	‘수반’이라는 개념은 어떤 속성들과 다른 속성들 사이의 관계를 설명하는 용어인데, 윤리학 분야에서 논의되기 시작하여 다른 분야로 확산되었다. 수반론에 따르면 도덕적 속성과 비도덕적 속성(자연적 속성)에 관해서 다음과
frege3	111	독해(문학) Day 111	이 시름 저 시름 여러 가지 시름 방패연(화자의 시름을 담은 연. 시름을 해소하고 싶은 마음을 담은 다른 사설시조인 「창 내고자 창을 내고자~」와 비교하는 문제로도 출제될 수 있습니다.)에 세세히 적어(근심이 해소되
frege3	112	독해(생활문) Day 112	[안내문]
frege3	113	독해(어법) Day 113	[어법]
frege3	114	독해(비문학) Day 114	미학적 담론에서 천재에 대한 규정은 시대에 따라 변화해 왔다. 이 변화는 신이나 자연의 권위에서 벗어나 주체성을 확보하고자 하는 인간의 욕망과 관련이 있다.
frege3	115	독해(문학) Day 115	는 홀로 좋아하는 차를 마시는 일상적 행위를 통해 화자가 생각하는 바람직한 존 재의 인식 태도를 나타내고 있다. 화자는 홀로 좋아하는 차를 마시는 행위를 ‘사실’이 라고 말한다. 또 차를 마시며 즐거움을 느끼는 것을
frege3	116	독해(생활문) Day 116	[안내문]
frege3	117	독해(어법) Day 117	[어법]
frege3	118	독해(비문학) Day 118	가다머는 이해란 무엇인가에 답하는 철학적 문제에 집중하였다. 가다머는 ‘영향사적 의식’, 즉 우리가 항상 역사적으로 자리매김되어 있다는 의식 안에서만 이해가 가능하다고 보았다. 이는 이해의 주체와 대상이 지닌 각각의
frege3	119	독해(문학) Day 119	저 하잘것없는 한 송이의 달래꽃을 두고 보드래도, 다사롭게 타오르는 햇볕이라거나 보드라운 바람이라거나 거기 모여드는 벌나비라거나 그보다도 이 하늘과 땅 사이를 어렴풋이 이끌고 가는 크나큰 그 어느 알 수 없는 마음이
frege3	120	독해(생활문) Day 120	[안내문]
frege3	121	독해(어법) Day 121	[어법]
frege3	122	독해(비문학) Day 122	리얼리즘 영화 이론가 앙드레 바쟁에 따르면 영화는 ‘세상을 향해 열린 창’이다. 창을 통해 세상을 인식하는 것처럼, 관객은 영화를 통해 현실을 객관적으로 인식할 수 있다. 영화가 담아내고자 하는 현실은 물리적 시ㆍ공
frege3	123	독해(문학) Day 123	이문원 동쪽 늙은 나무가 있는데 적어도 백여 년은 된 것 같다. 그 몸통은 울퉁불퉁 옹이가 졌고 가지는 구불구불 뻗어서 멀찍이서 보면 가파른 산등성이나 성난 파도 같았고 다가가서 보면 둥그스름한 큰 집채 같았다. 기
frege3	124	독해(생활문) Day 124	[안내문]
frege3	125	독해(어법) Day 125	[어법]
frege3	126	독해(비문학) Day 126	정신분석학적 영화 이론에 따르면 관객이 영화에서 느끼는 현실감은 상상적인 것이며 환영이다. 영화와 관객의 심리 사이의 관계를 다루는 정신분석학적 영화 이론은 영화와 관객 사이에 발생하는 동일시 현상에 주목한다. 이런
frege3	127	독해(문학) Day 127	이문원 동쪽 늙은 나무가 있는데 적어도 백여 년은 된 것 같다. 그 몸통은 울퉁불퉁 옹이가 졌고 가지는 구불구불 뻗어서 멀찍이서 보면 가파른 산등성이나 성난 파도 같았고 다가가서 보면 둥그스름한 큰 집채 같았다. 기
frege3	128	독해(생활문) Day 128	[안내문]
frege3	129	독해(어법) Day 129	[어법]
frege3	130	독해(비문학) Day 130	흔히 예술이라고 하면 고상한 소재를 활용하여 아름다움이나 만족감을 주는 특별한 작품이나 행위를 떠올린다. 하지만 현대 예술에서는 고상함을 찾기 힘든 일상적 소재를 활용하기도 하고 추함이나 불쾌감을 전달하기도 한다. 
frege3	131	독해(문학) Day 131	는 물가의 살얼음 아래에 있는 물고기 떼를 본 화자가 자신의 유년 시절의 생가 를 회상한 내용과 그때의 감정을 나타내고 있다. 성년이 된 화자는 투명한 얼음 밑에 보이는 ‘물고기네 방’을 ‘생가’와 같다고 여긴다. 
frege3	132	독해(생활문) Day 132	[안내문]
frege3	133	독해(어법) Day 133	[어법]
frege3	134	독해(비문학) Day 134	기술 발달과 아방가르드 예술의 영향으로 등장한 비디오 아트는 비디오 카메라로 촬영한 영상을 텔레비전과 같은 대중 매체를 활용해 상영하는 방식에 기반한 미술의 한 갈래이다.\n비디오 아트는 미술이 대중문화에 위축되어 그
frege3	135	독해(문학) Day 135	십여 일이 지날 무렵 노비 막동이 눈물을 흘리며 물었다. “낭군께선 늘 언행이 호방하시고 재주가 무리 중에 탁월해 거침없으시더니, 요즘에는 울적해 하시니 말 못할 근심이 있는 듯하옵니다. 사모하는 이라도 있으신지요?
frege3	136	독해(생활문) Day 136	[안내문]
frege3	137	독해(어법) Day 137	[어법]
frege3	138	독해(비문학) Day 138	대중 예술인 영화는 대중의 취향에 민감하게 반응해 왔다. 장르 영화가 대표적인 사례다. 특정 장르가 유행했다가 침체되는 현상이나, 장르의 전형적인 관습이 형성되고 변형되는 과정에는 대중의 취향이 반영되어 있다.\n영화
frege3	139	독해(문학) Day 139	이번 겨울은 소대한 추위를 모두 천안 삼거리 마른 능수버들 아래 맞았다. 일이 있어 충청도 진천으로 가던 날에 모두 소대한이 들었던 것이다. 나는 공교로이 타관 길에서 이런 이름 있는 날의 추위를 떨어가며 절기라는 
frege3	140	독해(생활문) Day 140	[안내문]
frege3	141	독해(어법) Day 141	[어법]
frege3	142	독해(비문학) Day 142	SF(Science Fiction)는 기존의 검증된 과학적 지식을 기반으로 한 허구적인 상황 설정을 통해 미래에 대한 상상력을 자극하는 서사 예술이다. 과학적 지식에 기반을 둔다고 해서 SF가 다루는 소재나 서사가 
frege3	143	독해(문학) Day 143	청강 녹초변에 소 먹이는 아이들이\n석양에 흥이 겨워 피리를 빗기 부니\n물 아래 잠긴 용이 잠 깨어 일어날 듯\n내 기운에 나온 학이 제 깃을 던져 두고 반공에 솟아 뜰 듯\n소선 적벽은 추칠월이 좋다 하되\n팔월 십오야를
frege3	144	독해(생활문) Day 144	[안내문]
frege3	145	독해(어법) Day 145	[어법]
frege3	146	독해(비문학) Day 146	예술가는 예술작품을 통해 우리에게 무엇을 전달하려고 하는 것일까? 철학자 아리스토텔레스는 예술작품을 현실 세계를 모방하여 제작한 사물로 규정하고, 예술가는 예술작품을 통해 우리에게 현실 세계에 대한 지식과 깨달음을 
frege3	147	독해(문학) Day 147	“아니, 작은 것 한 장도 못 되는 돈 갖고 이 바닥에서 독채 전세를 얻겠다고?”\n그러더니 다시 한바탕 해소라도 발작한 것같이 급하게 웃었다. 거금 구십만원을 작은 것 한 장도 안 된다니, 이 노인이 귀가 좀 어두운
frege3	148	독해(생활문) Day 148	[안내문]
frege3	149	독해(어법) Day 149	[어법]
frege3	150	독해(비문학) Day 150	1968년, 예술가 브로타스가 자신의 아파트에 전시한 ‘현대 미술관 독수리부’라는 제목의 설치물은 당시 예술계에 반향을 불러일으켰다. ‘독수리’라는 주제에 따라 그림과 사진 등을 수집한 후 번호를 붙여 미술관의 작품
frege3	151	독해(문학) Day 151	강산은 의구하고 풍색이 엇더하뇨\n군은은 그지업서 삼순을 놀니시니\n장하 강촌의 와실이 소조하야\n사립문이 본디 업서 밤인들 다들소냐\n발이 하 성기니 물 보기 더욱 됴타\n소루의 누어시니 크나큰 천지를\n벼개 우해 다 볼노라
frege3	152	독해(생활문) Day 152	[안내문]
frege3	153	독해(어법) Day 153	[어법]
frege3	154	독해(비문학) Day 154	‘세계’는 그것을 대면한 각 인식 주체들에 의해 다양하게 드러난다. 가장 일차적이고 일반적인 세계는 우리가 경험하는 현실 세계이며, 인식 주체들은 각자가 지닌 조건에 따라 현실 세계를 다양하게 인식한다. 한 예로, 
frege3	155	독해(문학) Day 155	설홍이 크게 분하여 돌쇠를 꾸짖으며 "이놈, 너는 승상 댁 노복으로 불의한 마음을 먹고 승상을 죽여 소저에게 강상대죄를 범하였으니 네 어찌 세상이 용납하리오. 내 너에게 이 칼을 더럽히고 싶지 않으나 하는 수 없어 
frege3	156	독해(생활문) Day 156	[안내문]
frege3	157	독해(어법) Day 157	[어법]
frege3	158	독해(비문학) Day 158	회화는 캔버스 위에 물감으로 색과 형태를 드러낸 가시적 존재지만, 회화의 의미가 창작자의 주관이나 감상자의 주관에 따라 다양하게 형성된다는 점에서 비가시적 존재이기도 하다. 이렇듯 회화는 가시적이면서 동시에 비가시적
frege3	159	독해(문학) Day 159	청강 녹초변에 소 먹이는 아이들이\n석양에 흥이 겨워 피리를 빗기 부니\n물 아래 잠긴 용이 잠 깨어 일어날 듯\n내 기운에 나온 학이 제 깃을 던져 두고 반공에 솟아 뜰 듯\n소선 적벽은 추칠월이 좋다 하되\n팔월 십오야를
frege3	160	독해(생활문) Day 160	[안내문]
frege3	161	독해(어법) Day 161	[어법]
frege3	162	독해(비문학) Day 162	18세기 중반 등장한 신고전주의는 고대 그리스의 고전주의 양식으로 회귀하고자 한 복고주의 미술 사조이다. 르네상스 시기에 부활했던 고전주의가 다시금 등장한 것에는 계몽주의가 큰 영향을 미쳤다. 계몽주의자들은 기존의 
frege3	163	독해(문학) Day 163	처서기\\_박성룡 ◎성격 : 영탄적, 감탄적, 감각적 ◎표현 성숙과 결실의 계절로서의 가을의 이미지 관조적 어조로 자연에 대한 경의와 애정을 드러냄. 감각적 이미지를 통해 자연 친화적 세계관을 드러냄. 처서의 깊은 밤
frege3	164	독해(생활문) Day 164	[안내문]
frege3	165	독해(어법) Day 165	[어법]
frege3	166	독해(비문학) Day 166	20세기 초 유럽에서 일어난 과학 문명의 발전은 현실을 이루는 법칙을 하나씩 부정하였다. 절대적이라고 믿어 왔던 시공간마저 상대적인 것으로 밝혀지면서, 사람들은 기존에 당연시되어 온 인식에 의문을 품었다. 이는 서양
frege3	167	독해(문학) Day 167	“도련님은 어디서 온 누구십니까? 지금 어디를 가시는 길인지 물어봐도 될까요?” “네, 저는 하늘 옥황 문왕성 문 도령입니다. 지금 아랫마을 거무 선생님께 글공부 가는 길이오.” 자청비가 문 도령을 찬찬히 살펴보는데
frege3	168	독해(생활문) Day 168	[안내문]
frege3	169	독해(어법) Day 169	[어법]
frege3	170	독해(비문학) Day 170	본유론자들은 인간의 경험에 앞서 태어날 때부터 인간의 정신 속에 각인된 것을 '본유적'이라고 하면서, 필연적 진리들은 본유적이라고 주장하였다. 이들에 의하면 필연적 진리란 본유 관념으로, 반드시 참인 지식이기 때문에
frege3	171	독해(문학) Day 171	에는 ‘떨어진다’, ‘든다’, ‘묻어난다’와 같은 시어에 서 현재형 어미 ‘-ㄴ다’를 확인할 수 있는데, 이는 소 년에게 가을 하늘을 상징하는 파란 물감이 스며들고 있는 상황을 제시하고 있다. 는 ‘양껏 받는다’, 
frege3	172	독해(생활문) Day 172	[안내문]
frege3	173	독해(어법) Day 173	[어법]
frege3	174	독해(비문학) Day 174	합리론의 입장에 있던 라이프니츠는 본유 관념을 부정한 로크의 주장을 반박했다. 라이프니츠는 본유 관념을 인식하고 이해한 사람은 누구나 보편적으로 동의한다고 보면서도 본유 관념과 보편적 동의 사이의 필연적 관계를 인정
frege3	175	독해(문학) Day 175	승상은 소대성에게 따라오라 하며 곧바로 내당 쪽으로 들어갔다. 소생이 마지못해 승상을 따라가다가 중헌에 막 들어섰다. 이때 왕 부인이 중헌에서 배회하다가 문득 승상이 어떤 소생을 데리고 난간에 오르는 것을 보고는 몸
frege3	176	독해(생활문) Day 176	[안내문]
frege3	177	독해(어법) Day 177	[어법]
frege3	178	독해(비문학) Day 178	역사학은 객관적 진실과 주관적 해석이라는 두 축 사이에서 끊임없이 변화하고 확장되어 왔다. ‘랑케’로 대표되는 실증주의 역사학은 과거를 있는 그대로 복원하는 데 중점을 두었으나, 이러한 접근법은 역사가의 주관성과 사
frege3	179	독해(문학) Day 179	젊은 시절에는 과연 나도 허황된 명성을 연모하여, 문장을 표절하고 화려하게 꾸며서 잠시 예찬을 받은 적이 있지요. 그렇게 해서 얻은 명성이란 겨우 송곳 끝만 한데 쌓인 비방은 산더미 같았으니, 매양 한밤중에 스스로 
frege3	180	독해(생활문) Day 180	[안내문]
frege3	181	독해(어법) Day 181	[어법]
frege3	182	독해(비문학) Day 182	역사학에서 ‘언어로의 전환’은 역사의 연구 대상을 과거 사실 그 자체에서 과거 사실을 지칭하는 언어로 전환한 것을 의미한다. 이는 과거의 실재를 표현하는 매개체로서 언어를 중요하게 여기는 관점으로, 소쉬르로 대표되는
frege3	183	독해(문학) Day 183	이진유, ｢ 속사미인곡 ｣ 조선 영조 때 사대부인 이진유가 유배지인 추자도에 서 지은 가사이다. 이처럼 유배의 경험을 바탕으로 씌어진 가사를 일러 유배 가사라고 한다. 유배 가사 는 보통 ‘연군의 정서’와 ‘유배 생
frege3	184	독해(생활문) Day 184	[안내문]
frege3	185	독해(어법) Day 185	[어법]
frege3	186	독해(비문학) Day 186	『한비자』는 중국 전국 시대의 한비자가 제시한 사상이 담긴 저작이다. 여러 나라가 패권을 다투던 혼란기를 맞아 엄격한 법치를 통해 부국강병을 꾀한 한비자는 『노자』에 대한 해석을 통해 자신의 법치 사상을 뒷받침했고,
frege3	187	독해(문학) Day 187	[중모리] 그때에 사슴이 발론하되 근래 인간이 하 무서워 짐승을 잡아먹기 온갖 꾀가 다 생기고 산중에 수목이 없어 은신할 곳 없어지니 각기 의견 들어 보면 방책이 있을런가 이 모임을 했사오니 수령님의 좋은 꾀를 일러
frege3	188	독해(생활문) Day 188	[안내문]
frege3	189	독해(어법) Day 189	[어법]
frege3	190	독해(비문학) Day 190	유학자들은 도를 인간 삶의 올바른 길을 의미하는 것이라고 보았다. 중국 송나라 이후, 유학자들은 이러한 유학의 도를 기반으로 현상 세계 너머의 근원으로서 도가의 도에 주목하여 『노자』 주석을 전개했다.\n혼란기를 거친
frege3	191	독해(문학) Day 191	화 상서 왈,\n“내 아해는 행여 나를 속이지 말라.”\n화 소저 대 왈,\n“소녀 어찌 아주 작은 일이라도 조금이나 속이리이까. 과연 금일에 경물을 구경하고자 누상에 올랐더니, 우연히 화산 속에 약초 캐는 두 아해를 만
frege3	192	독해(생활문) Day 192	[안내문]
frege3	193	독해(어법) Day 193	[어법]
frege3	194	독해(비문학) Day 194	데카르트는 『방법서설』에서 이성을 올바로 사용하여 학문의 진리를 구하는 방법에 관해 논의하며, 이성적 판단을 내리기 위해서는 선입견을 초월해야 한다고 보았다. 이때 선입견은 이성이라는 규준을 통해 타당성이 입증되지 
frege3	195	독해(문학) Day 195	선군이 한림원에 다녀온 후 편지 먼저 하는지라. 노복이 주야로 내려와 상공께 편지를 드리니, 한 장은 부모님께, 한 장은 낭자에게 부친 편지거늘, 부모님께 올린 편지를 상공이 열어 보니, “문안드립니다. 그사이 부모
frege3	196	독해(생활문) Day 196	[안내문]
frege3	197	독해(어법) Day 197	[어법]
frege3	198	독해(비문학) Day 198	하이데거는 인간 존재는 선입견으로 인해 제약을 받는 것이 아니라, 오히려 이를 발판으로 삼아 이해의 작용을 한다고 보았다. 하이데거의 입장에서 인간 존재의 이해의 작용은 필연적인 것으로, 하이데거는 이해의 작용에 있
frege3	199	독해(문학) Day 199	산아. 우뚝 솟은 푸른 산아. 철철철 흐르듯 짙푸른 산아. 숱한 나무들, 무성히 무성히 우거진 산마루에, 금빛 기름진 햇살은 내려오고, 둥둥 산을 넘어, 흰 구름 건넌 자리 씻기는 하늘. 사슴도 안 오고 바람도 안 
frege3	200	독해(생활문) Day 200	[안내문]
frege3	201	독해(어법) Day 201	[어법]
frege3	202	독해(비문학) Day 202	현대 철학자 메야수는 이러한 입장을 상관주의라고 명명하며, 사유 의존적인 대상뿐만 아니라 인간의 사유와 독립한 존재가 실재한다고 주장한다. 그의 주장은, 상관주의가 유럽 대륙 철학의 주요 입장 중 하나가 되면서 인간
frege3	203	독해(문학) Day 203	“혹 말이다, 혹 어떤 친구네가 못살게 돼서 집 같은 걸 맽긴다 치자. 그런 경우 넌 그걸 맡겠니 안 맡겠니?”\n한영은 대번 할아버지의 심중을 알 수 있었으나 잠자코 있었다.\n“혹 말이다, 남이 그런 경우에 집을 맡
frege3	204	독해(생활문) Day 204	[안내문]
frege3	205	독해(어법) Day 205	[어법]
frege3	206	독해(비문학) Day 206	지동설이 인정되기 전까지의 태양계는 천동설에 따라 태양이 지구를 중심으로 공전했다고 여겨졌다. 하지만 지금의 태양계는 지동설의 설명과 같이 태양을 중심으로 지구가 공전하고 있다고 본다. 굿맨은 천동설이나 지동설과 같
frege3	207	독해(문학) Day 207	는 당파 간의 대립과 투쟁에 휘말려 정적들의 비방과 모함에 시달리던 작가가 임 금인 선조에게 자신의 결백을 호소하고 있는 사설시조이다. ‘심의산’은 추상 적인 대상이고, ‘깊은 뜻’을 형상화한 것이기도 하다. 오뉴월
frege3	208	독해(생활문) Day 208	[안내문]
frege3	209	독해(어법) Day 209	[어법]
frege3	210	독해(비문학) Day 210	18세기 말 산업 혁명 이후 과학과 기술의 진보로 똑같은 물건을 대량으로 생산하는 것이 가능해졌다. 이에 따라 건축에서도 철근과 콘크리트를 활용하여 기둥과 벽을 최소화하면서 건축물을 대량 생산할 수 있다는 인식이 생
frege3	211	독해(문학) Day 211	어느 날 태자가 근심하는 빛이 얼굴에 가득하여 말했다. "그사이에 부왕께서 명나라와 전쟁하셨는데, 우리의 장수와 군사들이 죽은 것이 이루 셀 수가 없다 하나이다. 듣자니 명나라 장수 가운데 대원수는 공의 아드님이란 
frege3	212	독해(생활문) Day 212	[안내문]
frege3	213	독해(어법) Day 213	[어법]
frege3	214	독해(비문학) Day 214	20세기 초에는 이성적 존재인 인간이 모든 문제를 합리적으로 해결할 수 있다는 모더니즘이 지배적이었다. 그러나 합리성에는 한계가 있음이 곧 밝혀졌고, 이로부터 벗어나야 한다는 생각이 포스트모더니즘으로 발전하게 되었다
frege3	215	독해(문학) Day 215	서 공자는 부모 생각이 더욱 간절해졌다. 모친의 행적을 찾고 부친의 소식을 남방에 가 자세히 듣고자 하여 산을 넘고 물을 건너 길을 가려 하였다. 왕 공자가 말리며 말했다. “형은 다만 공부에 힘써 과거에 급제하면 
frege3	216	독해(생활문) Day 216	[안내문]
frege3	217	독해(어법) Day 217	[어법]
frege3	218	독해(비문학) Day 218	프랑스의 계몽주의자들은 신화적 관점이나 중세 시대의 종교적 관점으로 역사를 파악하고 서술하는 것을 배격했다. 이들은 이성의 관점에서 역사를 바라보았고, 이러한 입장은 계몽주의자인 볼테르에 의해 확립되었다.\n볼테르는 
frege3	219	독해(문학) Day 219	[27～30]
frege3	220	독해(생활문) Day 220	[안내문]
frege3	221	독해(어법) Day 221	[어법]
frege3	222	독해(비문학) Day 222	19세기 독일의 철학자이자 역사학자인 헤르더는 계몽사상의 시기를 거치면서, 역사에 대한 볼테르의 입장에서 나타나는 한계점을 인식했다. 그는 개체성에 대한 자신의 입장과 역사의 나선형적 발전을 주장하면서 볼테르의 입장
frege3	223	독해(문학) Day 223	의 작가가 ‘우리 임금’이 추울까 염려하는 것은 임금에 대한 충성을 표하는 관직자의 모습으로 볼 수 있다. 그러나 에서는 작가가 ‘임금의 처소 가 까이에서 모시는 자들’이 임금이 ‘좋아하는 것’을 ‘손 에서 놓지 못
frege3	224	독해(생활문) Day 224	[안내문]
frege3	225	독해(어법) Day 225	[어법]
frege3	226	독해(비문학) Day 226	샤프츠베리는 근대 미학의 기초를 마련한 인물로 간주된다. 그의 미학은 초월적 신의 존재가 모든 것에 우선한다는 형이상학적 전제를 바탕으로 한다. 온 우주가 신의 피조물이라고 보았던 샤프츠베리는 우주의 속성인 질서, 
frege3	227	독해(문학) Day 227	황씨는 바빴다. 필목 잇맺음이 나는 대로 손수 둘러메고 장돌뱅이로 나섰다. 대전, 광천, 홍성, 화성, 청라, 남포, 웅천...... 인근에 장이 서는 대로 매장치기를 했다. 그 무렵 한철은 그럭저럭 나가고도 남은 
frege3	228	독해(생활문) Day 228	[안내문]
frege3	229	독해(어법) Day 229	[어법]
frege3	230	독해(비문학) Day 230	존 듀이는 인간을 자연의 일부이자 환경과 긴밀하게 연결되는 유기체로 보았다. 그래서 경험의 주체인 인간은 환경과 같은 경험 대상에 적응할 뿐만 아니라 그 대상을 자신에게 적응시키는 과정을 반복하며 경험을 생성한다고 
frege3	231	독해(문학) Day 231	강산은 의구하고 풍색이 엇더하뇨\n군은은 그지업서 삼순을 놀니시니\n장하 강촌의 와실이 소조하야\n사립문이 본디 업서 밤인들 다들소냐\n발이 하 성기니 물 보기 더욱 됴타\n소루의 누어시니 크나큰 천지를\n벼개 우해 다 볼노라
frege3	232	독해(생활문) Day 232	[안내문]
frege3	233	독해(어법) Day 233	[어법]
frege3	234	독해(비문학) Day 234	쇤베르크는 현대 음악이 난해하다는 인상을 만든 대표적 작곡가이다. 전통적인 조성 음악이 다장조나 가단조 같은 특정 조성을 바탕으로 화음을 전개하는 것과 달리, 그의 음악은 특 정 조성에 얽매이지 않는 범조성을 지향하
frege3	235	독해(문학) Day 235	저 하잘것없는 한 송이의 달래꽃을 두고 보드래도, 다사롭게 타오르는 햇볕이라거나 보드라운 바람이라거나 거기 모여드는 벌나비라거나 그보다도 이 하늘과 땅 사이를 어렴풋이 이끌고 가는 크나큰 그 어느 알 수 없는 마음이
frege3	236	독해(생활문) Day 236	[안내문]
frege3	237	독해(어법) Day 237	[어법]
frege3	238	독해(비문학) Day 238	레보비츠는 12음 기법의 등장을 음악사의 혁신으로 평가하 고 후설의 현상학을 적용하여 그 의미를 규명했다. 후설에 따르면, 우리의 일상적 경험은 의식의 지향성을 통해 구성되는 ‘현상’이다. 예를 들어, 음악적 경험은
frege3	239	독해(문학) Day 239	는 ‘연’을 매개로 하여 떠올린 유년 시절의 기억을 형상화하고 있다. 화자는 하늘 높이 날고 있는 연을 보며 ‘아슴풀’한 유년 시절을 반추하고 있다. 그런데 화자가 회 상한 어린 시절은 ‘엄마 아빠 부르고 울다’, 
frege3	240	독해(생활문) Day 240	[안내문]
frege3	241	독해(어법) Day 241	[어법]
frege3	242	독해(비문학) Day 242	기원전 3세기경 중국의 전국시대 말기는 침략과 정벌의 전쟁이 빈번하게 벌어지는 혼란의 시대였다. 이와 동시에 국가의 혼란을 해결하기 위한 길을 모색한 여러 사상들이 융성한 시대이기도 했다.\n이 시대에 활동했던 순자는
frege3	243	독해(문학) Day 243	연두에 울다\\_나희덕 ◎갈래: 자유시, 서정시 ◎성격: 사색적, 의지적, 대조적 ◎주제: 젊음에 대한 그리움과 생명에 대한 의지 ◎특징: - 감각적 이미지를 활용해 화자가 느끼는 바를 효과적으로 전달함. - 색채어를
frege3	244	독해(생활문) Day 244	[안내문]
frege3	245	독해(어법) Day 245	[어법]
frege3	246	독해(비문학) Day 246	홉스가 살던 17세기는 종교 전쟁과 내전을 겪으며 혼란스러웠다. 이에 왕의 권력은 신으로부터 부여받은 것이라는 왕권신수설에 많은 사람들은 의문을 품게 되었다. 이러한 상황에서 홉스는 사회적 혼란을 해결하고자 신이 아
frege3	247	독해(문학) Day 247	헌 누더기 입은 무리가 남자인지 여자인지\n어린 자식 등에 업고 자란 자식 손에 끌고\n울면서 눈물 씻고 엎어지며 오는 모양\n차마 보지 못할네라 나직이 묻는 말씀\n어디로서 쫓아오며 어디로 가려는고\n주려들 가는 사람인가 
frege3	248	독해(생활문) Day 248	[안내문]
frege3	249	독해(어법) Day 249	[어법]
frege3	250	독해(비문학) Day 250	조선 왕조의 기본 법전인 『경국대전』에 규정된 신분제는 신분을 양인과 천인으로 나눈 양천제이다. 양인은 과거에 응시할 수 있었지만, 납세와 군역 등의 의무를 져야 했다. 천인은 개인이나 국가에 소속되어 천역을 담당했
frege3	251	독해(문학) Day 251	기다리는 엿장수는 오지 않았다. 벌써 보름째 나타나지 않는 엿장수의 리어카를 기다리느라 조바심이 난 아이들은 오리처럼 목이 길어졌다. 마당에서 자치기를 하다가도 담 너머로 슬쩍슬쩍 눈을 돌렸고, 꼴을 베다가도 동구 
frege3	252	독해(생활문) Day 252	[안내문]
frege3	253	독해(어법) Day 253	[어법]
frege3	254	독해(비문학) Day 254	『경국대전』 체제에서 양인은 관료가 될 수 있다는 점에서 능력주의가 일부 작동하는 것처럼 보이지만, 실제로는 양반 이외의 신분에서는 관료가 되기 어려웠다. 이러한 상황에서 17세기의 유형원은 『반계수록』을 통해, 1
frege3	255	독해(문학) Day 255	는 구강이 암행어사의 임무를 띠고 추운 겨울에 북관, 즉 함경도를 지나며 경험한 일을 기록 한 장편 가사이다. 암행어사가 쓴 유일한 국문시가 작품으로, 백성들의 삶의 현실, 관리들의 실정, 북관 의 풍경과 그에 대한
frege3	256	독해(생활문) Day 256	[안내문]
frege3	257	독해(어법) Day 257	[어법]
frege3	258	독해(비문학) Day 258	심리 철학에서 동일론은 의식이 뇌의 물질적 상태와 동일하다고 본다. 이와 달리 기능주의는 의식은 기능이며, 서로 다른 물질에서 같은 기능이 구현될 수 있다고 주장한다. 이때 기능이란 어떤 입력이 주어졌을 때 특정한 
frege3	259	독해(문학) Day 259	어떤 사람이 말하기를,\n"바람이란 요동치는 것이요, 집은 편안한 곳이다. 편안히 거처할 곳이 요동치는 것을 면치 못하고, 요동치면서도 편안히 거처함에 방해를 받지 않는다. 이렇듯 바람과 집이 서로를 끝없이 따라다닌다
frege3	260	독해(생활문) Day 260	[안내문]
frege3	261	독해(어법) Day 261	[어법]
frege3	262	독해(비문학) Day 262	일반적으로 ‘지각’이란 몸의 감각 기관을 통해 사물에 대해 아는 것을 의미한다. 이러한 지각을 분석할 때 두 가지 사실에 직면한다. 첫째, 그 사물과 내 몸은 물질세계에 있다. 둘째, 그 사물에 대한 나의 의식은 물
frege3	263	독해(문학) Day 263	나는 천성이 구름 보기를 좋아하지만, 그게 왜 즐거운지는 스스로 설명하기 어렵다. 구담의 군옥봉 중에 서루를 짓고 ‘다백운’이라는 편액을 걸고는 혼자 웃으며 이렇게 말했다.\n“구담에 항상 머물 수 있는 것은 아니고,
frege3	264	독해(생활문) Day 264	[안내문]
frege3	265	독해(어법) Day 265	[어법]
frege3	266	독해(비문학) Day 266	심리 철학에서 동일론은 의식이 뇌의 물질적 상태와 동일하다고 본다. 이와 달리 기능주의는 의식은 기능이며, 서로 다른 물질에서 같은 기능이 구현될 수 있다고 주장한다. 이때 기능이란 어떤 입력이 주어졌을 때 특정한 
frege3	267	독해(문학) Day 267	이중경, ｢ 오대어부가구곡 ｣ 이중경(1599 ~ 1678)은 청도를 지역적 기반으로 하 여, 자신의 생활을 영위하고 문학 활동을 했던 향촌 사족이다. 그는 17세기 강호가도 시가의 변모상을 잘 보여 주는 사대부 문
frege3	268	독해(생활문) Day 268	[안내문]
frege3	269	독해(어법) Day 269	[어법]
frege3	270	독해(비문학) Day 270	일반적으로 ‘지각’이란 몸의 감각 기관을 통해 사물에 대해 아는 것을 의미한다. 이러한 지각을 분석할 때 두 가지 사실에 직면한다. 첫째, 그 사물과 내 몸은 물질세계에 있다. 둘째, 그 사물에 대한 나의 의식은 물
frege3	271	독해(문학) Day 271	어느 여름날 나는 얼음과자를 사 먹기 위해 아버지의 지갑에서 천 원짜리 한 장을 훔쳤다. 처음에는 아버지가 눈치채지 못할 거라는 생각이 압도적이었다. 천 원짜리가 한 장만 있었다면 몰라도 다섯 장이나 있었다. 다섯 
frege3	272	독해(생활문) Day 272	[안내문]
frege3	273	독해(어법) Day 273	[어법]
frege3	274	독해(비문학) Day 274	이성주의 철학자들은 인간이 세계를 인식하는 데에 있어 이성이 가장 중요한 역할을 한다고 보고, 이성을 통해 세계의 본질을 이해할 수 있다고 주장한다. 이러한 주장에 대해 철학자 쇼펜하우어는 그들이 말하는 이성은 두뇌
frege3	275	독해(문학) Day 275	젊은 시절에는 과연 나도 허황된 명성을 연모하여, 문장을 표절하고 화려하게 꾸며서 잠시 예찬을 받은 적이 있지요. 그렇게 해서 얻은 명성이란 겨우 송곳 끝만 한데 쌓인 비방은 산더미 같았으니, 매양 한밤중에 스스로 
frege3	276	독해(생활문) Day 276	[안내문]
frege3	277	독해(어법) Day 277	[어법]
frege3	278	독해(비문학) Day 278	세계의 본질은 무엇인가? 이러한 질문에 대해 관념론자들은 세계는 정신의 산물로 보고, 모든 실재는 정신적인 것으로 구성되었거나 비물질적인 것이라고 주장한다. 반면 자연주의자들은 세계를 자연과 동일시하며, 모든 실재는
frege3	279	독해(문학) Day 279	이복길, ｢ 오련가 ｣ 조선 후기 사대부 이복길이 지은 연시조이다. 작가는 남성 사대부이나 내용은 이별한 임을 그리워하는 여 성의 간절한 심정이다. 이러한 내용을 효과적으로 나 3 타내기 위해 작가는 여성 화자의 목
frege3	280	독해(생활문) Day 280	[안내문]
frege3	281	독해(어법) Day 281	[어법]
frege3	282	독해(비문학) Day 282	19세기에 분트는 인간의 정신세계가 의식으로 이루어져 있다고 보고, 실험을 통해 인간의 정신 현상과 행동을 설명하는 실험심리학을 주창하였다. 이때 의식이란 깨어 있는 상태에서 자신이나 세계를 인식하는 모든 정신 작용
frege3	283	독해(문학) Day 283	는 작자가 벼슬에서 은퇴한 후 강호에서 의 생활 체험을 노래한 9수의 연시조이다. 성은에 대 한 감격과 강호에서의 흥취, 어옹 생활에 대한 만족감 등이 드러나 있다. 는 작자가 임진왜란 중 영위사의 소임을 얻어 평안
frege3	284	독해(생활문) Day 284	[안내문]
frege3	285	독해(어법) Day 285	[어법]
frege3	286	독해(비문학) Day 286	융은 프로이트의 정신분석이론에 반기를 들고, 분석심리학을 주창하였다. 무의식을 단지 의식에서 수용할 수 없는 원초적 욕구나 해결되지 못한 갈등의 창고로만 본 프로이트와 달리, 융은 무의식을 인간이 잠재적 가능성을 실
frege3	287	독해(문학) Day 287	장 학사가 강환이 권신이라 독한 마음을 먹을 것을 염려하여 외면으로 말하기를, “하방 천한 출생에게 대황문족이 구혼하니 감히 감당하지 못하여 허락지 못하오며, 또 이전에 송 시랑과 선약하였으니 이 역시 못할 일이옵니
frege3	288	독해(생활문) Day 288	[안내문]
frege3	289	독해(어법) Day 289	[어법]
frege3	290	독해(비문학) Day 290	푸코는 개인과 권력의 관계를 고찰하여 권력의 본질은 소유할 수 있는 특권이 아니라 지배를 위한 기술이라는 관점을 제시했다. 그는 주권 권력, 규율 권력, 생명 권력이라는 개념을 통해 권력의 양상이 달라지는 과정을 설
frege3	291	독해(문학) Day 291	김유령이 무릎을 꿇고 대답하였다. “제 나이 스무 살 되었을 때 아내를 얻었는데, 나라의 노신하가 궁녀로 들이니 늘 서러워하며 지내고 있습니다. 세상일도 잊은 채, 다만 아내의 소식이나 한번 듣고 싶어 그것만을 희망
frege3	292	독해(생활문) Day 292	[안내문]
frege3	293	독해(어법) Day 293	[어법]
frege3	294	독해(비문학) Day 294	신유물론은 근대의 서구 철학이 인간의 인식을 우선시하여 인간이 포착하지 못한 수많은 물질을 존재하지 않는 것으로 여기는 오류에 빠졌다고 비판하고, 배제된 물질의 가치를 재고해야 한다고 합의하며 출발하였다. 신유물론자
frege3	295	독해(문학) Day 295	천지 만물에는 큼이 있고 작음이 있다. 큼과 작음은 사물의 형태이다. <u> 형태가 처음 생겨나면</u> 그 종류가 이미 구별되니, 누가 바꿀 수 있겠는가. 하지만 작으면서도 크고 크면서도 작은 이치가 또한 없지 아
frege3	296	독해(생활문) Day 296	[안내문]
frege3	297	독해(어법) Day 297	[어법]
frege3	298	독해(비문학) Day 298	하이데거는 인간을 자신의 존재 의미에 대한 물음을 제기할 수 있는 ‘현존재’라고 정의하고 삶의 실존적 의미를 탐구했다. 하이데거에 따르면 현존재는 정해진 운명에 따라 살아가는 것이 아니라 살아가는 동안 계속해서 무언
frege3	299	독해(문학) Day 299	저 건너 꽁생원은 팔자를 원망토다\n제 아비 덕분으로 돈천이나 가졌더니\n술 한 잔 밥 한 술을 친구 대접 하였던가\n주제넘게 아는 체로 음양술수 현혹되어\n이장도 자주 하며 이사도 힘을 쓰고\n당대발복 예 아니면 피란처가 
frege3	300	독해(생활문) Day 300	[안내문]
frege3	301	독해(어법) Day 301	[어법]
frege3	302	독해(비문학) Day 302	사르트르는 인생을 하나의 긴 기대라고 정의하였다. 인간은 존재하는 한 무엇인가를 기대하고, 그런 기대를 넘어 다시 기대를 갖게 되는 실존적 존재 방식을 취한다는 것이다. 그리고 인간은 그러한 기대를 실현하기 위해 현
frege3	303	독해(문학) Day 303	몽달 씨 나이가 스물일곱이라니까 나보다 스무 살이나 많지만 우리는 엄연히 친구다. 믿지 않겠지만 내게는 스물일곱짜리 남자 친구가 또 하나 있다. 우리 집 옆, 형제슈퍼의 김 반장이 바로 또 하나의 내 친구인데 그는 
frege3	304	독해(생활문) Day 304	[안내문]
frege3	305	독해(어법) Day 305	[어법]
frege3	306	독해(비문학) Day 306	고전적 기술철학은 개별적인 기술 하나하나에 관심을 두기보다는 포괄적인 기술 일반에 주목하면서 현대 기술에 대해 비판적으로 고찰하였다. 고전적 기술철학의 대표적인 철학자로 엘륄과 마르쿠제가 있다.\n엘륄은 자율적 기술론
frege3	307	독해(문학) Day 307	“내 천성이 물을 좋아하는데, 도성 안이라 볼만한 샘이나 못이 없어 비록 물을 보는 법을 알고 있어도 써 볼 데가 없는 것이 늘 아쉬웠습니다. 그런데 천하의 지도를 보고 깨우친 점이 있었습니다.\n넘실거리는 큰 바다 
frege3	308	독해(생활문) Day 308	[안내문]
frege3	309	독해(어법) Day 309	[어법]
frege3	310	독해(비문학) Day 310	기술 일반에 대해 추상적으로 고민할 것이 아니라 실제 기술에 대한 경험적 연구를 수행해야 한다고 믿은 철학자들은 자신들의 시도를 ‘경험으로의 전환’이라고 불렀다. 이들은 고전적 기술철학자들이 기술이 초래한 문제들에 
frege3	311	독해(문학) Day 311	는 적막한 산골의 외딴집에 사는 노인의 절절한 외로움을 형상화하고 있다. 이 작품의 화자는 관찰자의 입장에서 노인이 사는 곳과 노인의 모습을 감각적 으로 묘사하고 있다. 노인은 ‘허방다리 들어내면 보이는’ ‘갱 속 
frege3	312	독해(생활문) Day 312	[안내문]
frege3	313	독해(어법) Day 313	[어법]
frege3	314	독해(비문학) Day 314	명과 실, 즉 이름과 실재의 상관관계를 다루는 명실의 문제는 정치, 윤리적인 차원에서만 다루어지다가 전국시대 중엽 이후에 하나의 독립적인 영역을 가진 철학적 주제로 정립되었다. 이 시기에 이렇게 명실 문제를 전문적으
frege3	315	독해(문학) Day 315	동방이 차차 밝아 오매 마침 영릉골 관비 한 사람이 외촌에 가다가 돌아오는 길에 청수 가에 다다르니 어떤 여자가 물가에서 통곡하며 물에 빠져 죽고자 하거늘 급히 쫓아와 강 낭자를 붙들어 물가에 앉히고 이유를 물으니라
frege3	316	독해(생활문) Day 316	[안내문]
frege3	317	독해(어법) Day 317	[어법]
frege3	318	독해(비문학) Day 318	전통적으로 철학자들은 인간이 대상에 대해 가진 생각과 느낌을 바탕으로 형성된 인식이 언어의 의미를 구성한다고 보았다. 이렇게 언어의 의미가 인간의 의식에 내재된 생각과 느낌에 기반한다고 보는 관점을 의미 내재주의라고
frege3	319	독해(문학) Day 319	희안군이 계단 아래에 있다가 임금께 아뢰었다. “비록 혼례는 하였으나 아직 첫날밤을 치르기 전입니다. 이제 부마로 간택하셨사오니, 왕명을 순순히 좇는 것이 신하의 도리이니 거역해서는 아니 될 것이옵니다.” 임금이 화
frege3	320	독해(생활문) Day 320	[안내문]
frege3	321	독해(어법) Day 321	[어법]
frege3	322	독해(비문학) Day 322	소크라테스 이후의 전통 형이상학에서는 현실 세계를 불완전하고 거짓된 세계로 간주하고, 보편적 진리로 이루어진 현실 너머의 세계를 참된 세계라고 여겼다. 그들은 삶의 목적이 현실 너머에 있는 초월적 가치의 추구에 있다
frege3	323	독해(문학) Day 323	유씨 대로하여 꾸짖어 왈,\n“네 나의 좋은 말을 듣지 아니하니 어찌 자식의 도리이며, 네 입으로 비록 강한 체하나 금야에 겁칙할 도리 있으리니, 네 그를 장차 어찌할쏘냐?”\n이처럼 어르며 무수히 구박하고 돌아가거늘,
frege3	324	독해(생활문) Day 324	[안내문]
frege3	325	독해(어법) Day 325	[어법]
frege3	326	독해(비문학) Day 326	다산 정약용이 생각하기에 당대 사람들이 인정했던 최고의 진리는 유가의 경전이다. 다산은 유가의 경전을 철저하게 연구하고 재해석함으로써 시대가 당면한 어려움을 돌파하고 세상을 바꾸려고 하였다. 새로운 시대를 열기 위해
frege3	327	독해(문학) Day 327	이 시름 저 시름 여러 가지 시름 방패연(화자의 시름을 담은 연. 시름을 해소하고 싶은 마음을 담은 다른 사설시조인 「창 내고자 창을 내고자~」와 비교하는 문제로도 출제될 수 있습니다.)에 세세히 적어(근심이 해소되
frege3	328	독해(생활문) Day 328	[안내문]
frege3	329	독해(어법) Day 329	[어법]
frege3	330	독해(비문학) Day 330	도덕 심리학의 중심축을 형성해 온 콜버그의 인지 발달 이론에서는 도덕적 이해를 지식 구조, 즉 인지의 발달에 의한 것으로 보고, 도덕적 이해가 자동적으로 도덕적 행동을 이끌 것이라고 생각했다. 그런데 과연 도덕적 이
frege3	331	독해(문학) Day 331	장 원수가 본진에서 군사를 쉬게 하더니, 이윽고 일색이 저물께 이르러 원수가 장대에서 몽사를 생각하고 군사를 지휘하더니, 과연 세찬 물결이 진중으로 달려들거늘, 촉날의 흉계인 줄 알고 물을 피하여 동으로 가는 체하다
frege3	332	독해(생활문) Day 332	[안내문]
frege3	333	독해(어법) Day 333	[어법]
frege3	334	독해(비문학) Day 334	프랑스의 철학자 리쾨르는 텍스트, 즉 이야기를 해석하는 과정을 통해 자기를 이해할 수 있다는 자기 해석학을 주장하였다. 그는 플라톤과 아리스토텔레스 로부터 시작되는 미메시스의 개념을 확장하여 ‘미메시스의 삼중 구조’
frege3	335	독해(문학) Day 335	장 소저가 남복을 벗고 담장 소복으로 여복을 개착하고 금로에 향을 사르며 시랑의 영위 먼저 차린 후 제문을 읽으니, 그 글에 하였으되,\n‘유세차 기축 삼월 정묘 삭 십오 일에 기주 장 한림의 딸 애황은 감히 이부 시
frege3	336	독해(생활문) Day 336	[안내문]
frege3	337	독해(어법) Day 337	[어법]
frege3	338	독해(비문학) Day 338	그렇다면 사르트르는 인간이 어떻게 의식을 통해 현실을 초월할 수 있다고 보았을까? 그는 그 해답을 ‘무화’와 ‘상상’이라는 의식의 작용에서 찾는다. 먼저, 무화란 의식이 어떤 대상을 지향하는 과정에서 현실의 사물이나
frege3	339	독해(문학) Day 339	이문원 동쪽 늙은 나무가 있는데 적어도 백여 년은 된 것 같다. 그 몸통은 울퉁불퉁 옹이가 졌고 가지는 구불구불 뻗어서 멀찍이서 보면 가파른 산등성이나 성난 파도 같았고 다가가서 보면 둥그스름한 큰 집채 같았다. 기
frege3	340	독해(생활문) Day 340	[안내문]
frege3	341	독해(어법) Day 341	[어법]
frege3	342	독해(비문학) Day 342	출퇴근에 대한 관념은 근대 이후에 형성되었다. 집과 일터의 경계가 뚜렷하지 않았던 전근대 사회와 달리 19세기 이후의 도시적 삶에서는 주거를 위한 사적 공간과 노동을 위한 공적 공간이 분리되었다. 여가를 즐길 수 있
frege3	343	독해(문학) Day 343	는 유본예가 규장각의 사무청사인 이문원에서 근무할 때 겪었던 일을 바탕으로 창 작한 고전 수필이다. 작가는 바쁜 근무 중에 종종 이문원 동쪽에 있는 늙은 나무 곁 을 산책하였다. 그런데 그가 나무에서 주목한 것은 큰
frege3	344	독해(생활문) Day 344	[안내문]
frege3	345	독해(어법) Day 345	[어법]
frege3	346	독해(비문학) Day 346	노자는 도란 개체들 사이의 조화로운 관계 맺음을 가능하게 하는 최고의 원리로, 개체들 이전에 도가 미리 존재한다고 보았다. 이와 달리 장자는 『제물론』에서 도는 개체들의 활동을 통해 사후적으로 만들어지는 것에 지나지
frege3	347	독해(문학) Day 347	어느 날 이생이 최씨에게 말했다.\n“옛 성인의 말씀에 ‘어버이가 계시면 나가 놀더라도 반드시 가는 곳을 고해야 한다.’라고 했소. 그런데 지금 나는 부모님께 아침저녁 문안 인사를 드리지 못한 채 벌써 사흘이나 보냈구
frege3	348	독해(생활문) Day 348	[안내문]
frege3	349	독해(어법) Day 349	[어법]
frege3	350	독해(비문학) Day 350	플라톤은 사물보다 사물의 의미가 미리 존재한다고 보았다. 그래서 그는 사물에는 그것을 만든 ‘제작자’가 부여한 ‘필연적 의미’가 있을 수밖에 없다고 보았기 때문에 우리가 사는 세계 역시 제작자가 필연적 의미에 따라 
frege3	351	독해(문학) Day 351	그녀에게 편지를 쓰는 것이 자신의 존재를 증명하던 시절이 있었다. 사랑하는 사람에게 보내는 편지만큼 표현의 욕구로 흘러 넘치는 것도 없다. 무언가를 표현하지 않고는 견딜 수 없는 시간들이 편지를 쓰게 한다. 그는 그
frege3	352	독해(생활문) Day 352	[안내문]
frege3	353	독해(어법) Day 353	[어법]
frege3	354	독해(비문학) Day 354	철학에서 특정한 개인으로서의 인간을 '인격', 그중 '나'를 '자아'라고 한다. 인격의 동일성은 모든 생각의 기반이다. 우리는 과거의 내가 현재의 나와 동일한 인격이기에 과거에 내가 한 약속을 현재의 내가 지켜야 한
frege3	355	독해(문학) Day 355	춘풍 아내 곁에 앉아 하는 말이\n“마오 마오 그리 마오. 청루미색 좋아 마오. 자고로 이런 사람이 어찌 망하지 않을까? 내 말을 자세히 들어보소. 미나리골 박화진이라는 이는 청루미색 즐기다가 나중에는 굶어 죽고, 남
frege3	356	독해(생활문) Day 356	[안내문]
frege3	357	독해(어법) Day 357	[어법]
frege3	358	독해(비문학) Day 358	시민이란 법에 보장된 일정한 권리와 의무를 지닌 자유롭고 평등한 사람으로서, 정치에 참여할 수 있는 권한과 자격을 가진 사회 구성원이다. 시민에 관한 논의는 고대 그리스에서 시작하여, 로마를 거쳐 근대에 이르기까지 
frege3	359	독해(문학) Day 359	장풍에 돛을 달고 육선이 함께 떠나\n삼현과 군악 소리 해산을 진동하니\n물속의 어룡들이 응당히 놀라리라\n해구를 얼른 나서 오륙도를 뒤 지우고\n고국을 돌아보니 야색이 아득하여\n아무것도 아니 뵈고 연해 각진포에\n불빛 두어
frege3	360	독해(생활문) Day 360	[안내문]
frege3	361	독해(어법) Day 361	[어법]
frege3	362	독해(비문학) Day 362	공화주의는 자유주의와 달리 시민의 권리는 자연적으로 주어진 것이 아니라 시민들의 능동적이고 자발적인 참여로써 성취해야 하는 정치적 결과물이며, 공동체의 의무와 결합되어 있다고 본다. 또한 자유를 중요한 가치로 삼지만
frege3	363	독해(문학) Day 363	이번 겨울은 소대한 추위를 모두 천안 삼거리 마른 능수버들 아래 맞았다. 일이 있어 충청도 진천으로 가던 날에 모두 소대한이 들었던 것이다. 나는 공교로이 타관 길에서 이런 이름 있는 날의 추위를 떨어가며 절기라는 
frege3	364	독해(생활문) Day 364	[안내문]
frege3	365	독해(어법) Day 365	[어법]
